:020000040800F2
:10000000909D01248D04000835A10008C3830008D9
:100010002DA10008E51B000841B700080000000002
:10002000000000000000000000000000990300082C
:100030009D1C000800000000F5030008F5A500085D
:10004000A7040008A7040008A7040008A7040008E4
:10005000A7040008A7040008A7040008A7040008D4
:10006000A7040008A7040008A7040008851C0008CE
:10007000A7040008A7040008A7040008A7040008B4
:10008000A7040008A7040008A7040008A7040008A4
:10009000A7040008A7040008A7040008A704000894
:1000A000A7040008A7040008A7040008A704000884
:1000B000A7040008A7040008A7040008A704000874
:1000C000A7040008A7040008A7040008A704000864
:1000D000A7040008A7040008A7040008A704000854
:1000E000A7040008A704000800000000A7040008F7
:1000F000A7040008A7040008A7040008A704000834
:10010000A7040008A7040008A7040008A704000823
:10011000A7040008A7040008A7040008A704000813
:10012000A7040008A7040008A7040008A704000803
:10013000A7040008E12B0008A7040008A704000892
:1001400000000000000000000000000000000000AF
:10015000A7040008A7040008A7040008A7040008D3
:10016000A7040008A7040008A7040008A7040008C3
:10017000A704000839A10008A70400080000000037
:10018000A7040008A7040008A7040008A7040008A3
:1001900009A50008A7040008A7040008A704000890
:1001A00029930008A7040008911C0008A704000870
:1001B000A7040008A7040008A7040008A704000873
:1001C000A7040008A7040008A7040008A704000863
:1001D000A7040008A7040008A7040008A704000853
:1001E000A7040008A7040008A7040008A704000843
:1001F000A7040008A7040008A7040008A704000833
:10020000A7040008A7040008A7040008A704000822
:10021000A7040008A7040008A7040008A704000812
:10022000A7040008A7040008A704000800000000B5
:10023000A7040008A704000800000000A7040008A5
:10024000A7040008A7040008A7040008A7040008E2
:10025000A7040008A7040008A7040008A7040008D2
:10026000A7040008A7040008A7040008A7040008C2
:10027000A7040008A7040008A70400080000000065
:10028000A7040008A7040008A70400080000000055
:1002900000000000A704000800F002F800F06CF86D
:1002A0000AA090E8000C82448344AAF10107DA45D1
:1002B00001D100F061F8AFF2090EBAE80F0013F0B7
:1002C000010F18BFFB1A43F00103184730C40100A7
:1002D00050C401000A444FF0000C10F8013B13F029
:1002E000070408BF10F8014B1D1108BF10F8015B8F
:1002F000641E05D010F8016B641E01F8016BF9D182
:1003000013F0080F1EBF10F8014BAD1C0C1B09D1D8
:100310006D1E58BF01F801CBFAD505E014F8016B4A
:1003200001F8016B6D1EF9D59142D6D370470000DC
:100330000023002400250026103A28BF78C1FBD8EE
:10034000520728BF30C148BF0B607047642900F0D6
:100350005B81752900F05881782900F0918173291B
:1003600000F0BB84002070471FB51BF015FD00F0A6
:100370008CFA1FBD10B510BD00F0CAFC1146FFF786
:10038000F3FF0FF025FD00F0E8FC03B4FFF7F2FFE8
:1003900003BC0BF0F1F900002C4B19680868B0E8B9
:1003A000F04F80F30988BFF36F8F4FF0000080F3A8
:1003B000118870470000000008480068006880F35A
:1003C00008884FF0000080F3148862B661B6BFF36E
:1003D0004F8FBFF36F8F00DF00BF00BF08ED00E05D
:1003E000DFF80C00016841F470010160704700BF44
:1003F00088ED00E0EFF30980BFF36F8F134B1A68AD
:100400001EF0100F08BF20ED108A20E9F04F106099
:1004100009B44FF0500080F31188BFF34F8FBFF342
:100420006F8F1AF0D7FD4FF0000080F3118809BCE0
:1004300019680868B0E8F04F1EF0100F08BFB0EC64
:10044000108A80F30988BFF36F8F7047584C0024DF
:10045000EFF30580704700000B49D1F800C04A68EF
:100460005CF8043B1068184442F8040B8C4528BF24
:10047000A1F1DC0C8A4228BFA1F1DC02C1F800C066
:100480004A6020F0004070472497012409488047C3
:1004900009480047FEE7FEE7FEE7FEE7FEE7FEE766
:1004A000FEE7FEE7FEE7FEE704480549054A064B7E
:1004B00070470000B9A6000899020008909701242F
:1004C000909D01249099012490990124704710B5C2
:1004D0004C1084EA530404D54042C1F1000138BFF6
:1004E000491E1B4204D55242C3F1000338BF5B1EB4
:1004F00000F0EBFA14F0804F04D04042C1F100014B
:1005000038BF491E14F0004F04D05242C3F100031B
:1005100038BF5B1E10BD00000FB4044910B503AA1C
:10052000029800F0DFFB10BC5DF814FBD8490024F2
:100530000FB47CB50C0009AA009001D02044401EE5
:10054000084B7B4469460190089800F094FB0546EF
:100550001CB10020694600F0A1FB28467CBC5DF878
:1005600014FB00006107000070B50446856900684F
:10057000C10601D5302600E02026C00707D070BD97
:10058000D4E9012130469047206A401C20626D1E4C
:10059000F6D570BD70B5044685690078C00707D1EF
:1005A00070BDD4E9012120209047206A401C2062C0
:1005B0006D1EF6D570BD70B50C460546012A05D0F6
:1005C0002878800600D5EA69002302E0012305E0CF
:1005D0005B1C934202D2E05C0028F9D1A869E618BE
:1005E000C01AA861286A184428622846FFF7BCFF91
:1005F00004E0D5E9012114F8010B9047B442F8D387
:100600002846FFF7C7FF70BD2DE9F04106460024DC
:1006100010687529314616A510D0AFF30080002868
:1006200002DA404213A507E031688A0701D512A516
:1006300002E0490704D511A5012401E0AFF30080D1
:1006400000210A2206F1240709E0B0FBF2FCB0FB0E
:10065000F2F302FB1C00303078541846491C002885
:10066000F3D123462A463046BDE8F04100F0A4BA53
:10067000000000002D0000002B0000002000000002
:1006800070B504460D4621461068AFF300802188FE
:10069000090502D50F4A7A4402E00E4A7A440E3226
:1006A000002104F1240305E000F00F060009965D27
:1006B0005E54491C0028F7D120780023000704D598
:1006C000702D02D009B1022311322046BDE87040DE
:1006D00000F072BAE8BA01002DE9F05F89460446DD
:1006E0004FF0000ADFF874B1FB44C0F820A02046A8
:1006F000E1688847002874D0252806D0D4E9012174
:100700009047206A401C2062F1E700265F462046A1
:10071000E16888472028054607DB312D05D2781986
:1007200010F8200C08B10643F1E7B00701D526F018
:100730000406C4F81CA00027C4F818A02A2D09D06C
:1007400028460BF012F838B304EB8708303DC8F8A0
:10075000185019E059F8041B204604EB87029161F8
:10076000E1688847012F054618D1E069002820DAA2
:1007700026F020061DE0D8F8180000EB800005EBFD
:1007800040003038C8F818002046E1688847054620
:100790000AF0EBFF0028EED1012F0AD02E2D08D150
:1007A0002046E16888477F1C0546022F46F0200658
:1007B000C4DBA069002803DA404246F00106A061CC
:1007C000F00701D026F010066C2D0BD0682D09D053
:1007D0004C2D39D06A2D35D0742D35D07A2D33D0AB
:1007E00016E038E0E1682F4620468847B8420546C3
:1007F00009D16C2F26D04FF48060E1680643204673
:100800008847054604E06C2F1AD04FF480700643E9
:100810000DB3A5F14100192802D8203546F4006631
:100820004A462946204626604E46FFF78FFD80B196
:1008300001280BD0F61D26F0070000F1080956E745
:100840004020E4E78020D8E70020D6E706F104093D
:100850004DE7284652E7206ABDE8F09FBEBA010086
:100860000B4910B5A1F17C020A4CC2E937123721BD
:1008700006E000EB104342F82130074B00FB034039
:100880000B1EA1F10101F4DC10BD0120E8E700001E
:10089000C4960124E119D666CD0D010040EA01039A
:1008A00010B59B070FD1042A0DD310C808C9121F19
:1008B0009C42F8D020BA19BA884201D9012010BD53
:1008C0004FF0FF3010BD1AB1D30703D0521C07E020
:1008D000002010BD10F8013B11F8014B1B1B07D184
:1008E00010F8013B11F8014B1B1B01D1921EF1D1F5
:1008F000184610BD10B5431C02E010F8011B71B181
:100900008107FAD14FF0013202C88C1A8C4314EAE5
:10091000C211F9D0C01A0A0603D0C01E10BDC01AF9
:1009200010BD0A0401D0801E10BD0902FCD0401E7B
:1009300010BD032A40F2308010F0030C00F0158047
:1009400011F8013BBCF1020F624498BF11F801CBD2
:1009500000F8013B38BF11F8013BA2F1040298BF37
:1009600000F801CB38BF00F8013B11F0030300F0A1
:100970002580083AC0F0088051F8043B083A51F845
:1009800004CBA0E80810F5E7121D5CBF51F8043B4A
:1009900040F8043BAFF30080D20724BF11F8013BBD
:1009A00011F801CB48BF11F8012B24BF00F8013B1F
:1009B00000F801CB48BF00F8012B704710B5203A72
:1009C000C0F00B80B1E81850203AA0E81850B1E808
:1009D0001850A0E81850BFF4F5AF5FEA027C24BFBE
:1009E000B1E81850A0E8185044BF18C918C0BDE8B5
:1009F00010405FEA827C24BF51F8043B40F8043B7E
:100A000008BF7047D20728BF31F8023B48BF11F832
:100A1000012B28BF20F8023B48BF00F8012B70478C
:100A200002F0FF0343EA032242EA024200F002B866
:100A30004FF000020429C0F0128010F0030C00F007
:100A40001B80CCF1040CBCF1020F18BF00F8012B85
:100A5000A8BF20F8022BA1EB0C0100F00DB85FEA53
:100A6000C17C24BF00F8012B00F8012B48BF00F81F
:100A7000012B70474FF0000200B51346944696468E
:100A8000203922BFA0E80C50A0E80C50B1F12001A1
:100A9000BFF4F7AF090728BFA0E80C5048BF0CC04F
:100AA0005DF804EB890028BF40F8042B08BF7047AD
:100AB00048BF20F8022B11F0804F18BF00F8012B1F
:100AC0007047704770477047704753EA020C00F058
:100AD00069802DE9F04B4FF00006002B1FBFB3FAE1
:100AE00083F503FA05F424FA05F65E4012BF1643B7
:100AF000B2FA82F502FA05F4C5F120051EBF22FA0A
:100B000005FC44EA0C04203556EA044C4FEA144430
:100B100018BF641C4FF000084FF00009904271EBC1
:100B2000030C39D3002919BFB1FA81F701FA07F68E
:100B3000B0FA80F700FA07F6C7F120071EBF20FAC7
:100B400007FC46EA0C062037B6FBF4FCA7EB0507CA
:100B5000103F07F01F0BCBF120060CFA0BFB2CFA11
:100B600006F644BFB3460026202FA4BF5E464FF0D2
:100B7000000B5BEA060C08BF4FF0010B19EB0B09E9
:100B8000ABFB027C48EB0608C01B06FB02CC0BFB50
:100B900003CC71EB0C01C1E70B46024641464846C7
:100BA000BDE8F08B13B54FF000004FF00001AFF33C
:100BB0000080BDE81C4070472DE9F0470D4699467E
:100BC0009246044600F124080168880604D5E069CD
:100BD00021F01001216000E00120A84201DD471B47
:100BE00000E00027A1697A1902EB0900081AA06148
:100BF0002078C00602D42046FFF7B6FC002608E0A5
:100C0000D4E901211AF806009047206A401C761C9E
:100C100020624E45F4DB2078C0060AD52046FFF757
:100C2000A3FC06E0D4E9012130209047206A401C53
:100C30002062381EA7F10107F4DC07E0D4E90121A6
:100C400018F805009047206A401C2062281EA5F174
:100C50000105F3DC2046FFF79DFC2078000602D555
:100C60000220BDE8F0870120FBE7000001694A1C73
:100C700002610878704700B58FB0CDE901310021DD
:100C8000059105497944CDE9031011466846FFF7FF
:100C900023FD0FB000BD0000E5FFFFFF0A6802F86A
:100CA000010B0A607047D1E900239A4202D2531C1B
:100CB0000B601070704710B5436913B1AFF300803B
:100CC00001E0FFF778FC012010BD127800F124014B
:100CD0000A7000224A700122EDE711684FF0FF32DE
:100CE000E9E70000074B70B50D467B44FFF7C3FFF3
:100CF000044628460BF0F2FF10B14FF0FF3070BDF4
:100D0000204670BDBBC30000004870472C970124EB
:100D10007546FFF7F9FFAE4605006946534620F0D9
:100D20000700854618B020B5FFF7BEFBBDE82040A0
:100D30004FF000064FF000074FF000084FF0000B97
:100D400021F00701AC46ACE8C009ACE8C009ACE84A
:100D5000C009ACE8C0098D4670470446AFF3008077
:100D60002046FFF712FB10B500F008F807F04EFB25
:100D700007F0B0FBBDE8104007F054BC2DE9F0438C
:100D8000294D87B0287800284AD12848016841F0C9
:100D900002010160016801F002010591016841F062
:100DA0000801016000680022DFF88490402100F013
:100DB00008000590484605F09EF800246946012683
:100DC00040200090CDE9016448460394049404F067
:100DD00077FFDFF860804FF4C07701223946404644
:100DE00005F089F811200097CDE9010469464046D5
:100DF0000394049404F064FF4FF47A74204607F0DF
:100E0000E5FA01224846402105F075F8204607F032
:100E1000DDFA686818B901201AF0B0F968602E7020
:100E200007B0BDE8F0830000D04D0024E044025834
:100E3000000C02580004025870B57F2804464FF099
:100E4000FF350FD8FFF79AFF07F0E0FA07F0AEFB87
:100E50006006000E07F062FB044607F0C5FB07F0D2
:100E6000E1FB0CB1284670BD002070BD2DE9F047B4
:100E700016001D46894604464FF0FF3811D085B153
:100E8000FFF77CFF07F0C2FA07F090FB6006000E48
:100E900007F044FB0746484607F040FB384303D0C1
:100EA0000BE04046BDE8F08707F080FB012000EB37
:100EB0004400C0B207F032FB30B107F095FB07F0F9
:100EC00009FB07F0AFFBECE7002409E0601CA84237
:100ED00001D2012000E0002007F0AAFA3055641C7E
:100EE000AC42F3D307F080FB07F09CFB0020D9E76E
:100EF0002DE9F0410E00154607464FF0FF3413D0A0
:100F000095B1FFF73BFF07F081FA07F04FFB012097
:100F100000EB4700C0B207F001FB40B107F064FBF3
:100F200007F0D8FA07F07EFB2046BDE8F0810024E8
:100F300009E0601CA84201D2012000E0002007F077
:100F400077FA3055641CAC42F3D307F04DFB07F041
:100F500069FB0020E9E70123FFF788BF2DE9F0478F
:100F600017001E46894604464FF0FF3812D08EB156
:100F7000FFF704FF07F04AFA07F018FB6006000EBF
:100F800007F0CCFA0546484607F0C8FA40EA0504DF
:100F9000002507E04046BDE8F087785D07F0BEFA1F
:100FA00004436D1CB542F8D307F01EFB24B107F0D3
:100FB00091FA07F037FBEDE707F034FB0020EAE792
:100FC0002DE9F0410F00164604464FF0FF380DD0D2
:100FD00066B1FFF7D3FE07F019FA07F0E7FA6006EB
:100FE000000E07F09BFA0025044607E04046BDE8E6
:100FF000F081785D07F092FA04436D1CB542F8D396
:1010000007F0F2FA24B107F065FA07F00BFBEDE701
:1010100007F008FB0020EAE707B5012302AAFFF763
:101020009DFF0EBD0749012008604FF4FA5010F0F3
:10103000EDFE4FF47A7400BF00F020F9204610F066
:10104000E5FEF9E77895012470B531240546FF20C7
:1010500000220DE0AE5C00237040060602D584EA53
:10106000400000E040005B1C082BC0B2F5D3521CCE
:101070008A42EFD370BD000070B505000DD019F0A5
:10108000A7FD0748047824B1064920222846FFF727
:1010900095FC19F0BDFD204670BD002070BD00001C
:1010A000BC4D0024B495012470B512483C21FFF7D3
:1010B000E1FC104820213C30FFF7DCFC0E49002009
:1010C0000870FFF75BFE0B4E0125402486F83B506D
:1010D000E0B2FFF7B1FE40B9A4F1400096F8391034
:1010E00005FA00F0014386F83910641C472CEFD94B
:1010F00070BD000078950124BC4D0024984201DDAC
:1011000003207047904201DD02207047884201DDD4
:101110000120704700207047F8B50446087816464D
:101120000D464FF0FF3780B905228DF800202723A8
:10113000204600216A468DF801300223FFF70EFF9A
:1011400008B13846F8BD012028700121204602234D
:101150006A46FFF78BFE00284FF0000002D028708F
:10116000801EF8BDBDF8000040BA30800020F8BDF8
:101170002DE9FE430746FD2001228DF8080044209A
:1011800002A9FFF71DFF18B14FF0FF30BDE8FE8345
:101190000F2010F03BFE062269464420FFF7A8FE10
:1011A00010B16FF00100F1E702216846FFF74CFF34
:1011B0009DF80210884208D102210DF10300FFF7CB
:1011C00043FF9DF80510884202D06FF00200DDE772
:1011D000BDF8030047F6FF72BDF800104FF6FF7828
:1011E000002345BA44F25C404EBAA6FB00018018C9
:1011F000424641F10001FFF76AF9A0F5885440F238
:10120000E240943C47F6FF72A5FB000100238018E2
:10121000424641F10001FFF75AF93C3801D5002060
:1012200004E04FF47A71884200DD08460C49002C36
:101230004FF00A028E85CD8501DB611D00E0611F44
:1012400041F6641391FBF2F141F27072B96041F220
:10125000A861B8812046FFF751FFF876002095E796
:10126000789501240278FF2A02D20278521C02707B
:101270000078032801D30020087070472DE9F04161
:101280008AB019F0A5FC614920226846FFF796FB59
:1012900019F0BEFC0098401C009004F037FE5B4E35
:1012A000002701903C3E0124706840BBDFF860815C
:1012B000002586F83A7086F8397000BF18F80500E6
:1012C000FFF7BAFD30B996F83A1004FA05F0014379
:1012D00086F83A106D1C072DF0D34025A046E8B2E1
:1012E000FFF7AAFD40B9A5F1400108FA01F096F810
:1012F0003910014386F839106D1C472DEFD9684627
:10130000FFF736FF3062E8B3404806A90838FFF718
:10131000A9FFF068401CF0603C49412008AAADF8E4
:101320002070491FFFF7F8FE706260B337480DF177
:101330001901C01FFFF796FF7069401CC6F8140022
:101340003249402008AAADF82070091FFFF7E4FEDB
:10135000B062E8B32D480DF11A01801FFFF782FF3C
:10136000F069401CC6F81C0019F032FC2748202206
:101370006946FFF723FB2748047019F049FC7068A1
:10138000401C01E004E00BE070600AB0BDE8F081B1
:101390008DF8184086F83470B068401CB060BBE728
:1013A000BDF920002821308690FBF1F140F634038E
:1013B0004FF4AF62049140F2A641FFF79FFE8DF813
:1013C0001C008DF8194086F835703069401C00E02B
:1013D00001E03061B4E7BDF9200070864FF4965308
:1013E0004FF44862C11700EB5171C91005914FF4D9
:1013F0002A61FFF783FE8DF81D008DF81A4086F8EC
:101400003670B069401CB061AEE70000B4950124AD
:101410002CC10108BC4D0024184C0125256000207A
:1014200000F02CFA18B1A168491CA160206342F2B7
:10143000107010F0EBFC4FF47A7600BF00F0C4F8A7
:10144000206330B1A068401CA060304610F0DEFC84
:10145000F4E784F83A5009484830857494F83C0021
:101460000B2809D05FF0000000F064FA00F0BAFA2F
:10147000642010F0CBFCF1E70120F5E7D4950124BE
:101480002DE9F041050005D00B2D03D04FF0FF30C2
:10149000BDE8F0812E4C94F83A00D8B10B2D1CD049
:1014A0005FF0000619F094FBDFF8A48008F148080B
:1014B000B8F80C7019F0ACFBB74213D194F83C00AB
:1014C000A8420FD10B2D0BD05FF0000000F032FAD4
:1014D0000120DDE76FF00100DAE740F2B316E1E743
:1014E0000120F3E7002000F025FA57B1002000F0BA
:1014F00056FB30B1216A491C216220636FF0020063
:10150000C6E776B1304600F04AFB070009D000205C
:1015100000F045FB206A401C206227636FF0030047
:10152000B6E70B2D12D0002000F004FA19F050FBA2
:10153000A8F80C6088F81350A68684F83C50E0693F
:10154000401CE06119F064FB0020A1E70120EBE7FB
:10155000D4950124012809D002280AD05FF0640044
:10156000B1FBF0F040F30000401C70474FF4FA70FC
:10157000F6E7FA20F4E7000010B504000DD019F0EA
:1015800027FB074914222046FFF718FA19F040FB01
:101590000348483890F83A0010BD002010BD000004
:1015A0001C9601240648482110B5FFF763FA044849
:1015B00014214830FFF75EFA02490020886010BD10
:1015C000D4950124C04D00244C4800B589B006AA2A
:1015D000808905A900F098F89DF8142004212220A4
:1015E000FFF71AFD00287DD19DF818200521222043
:1015F000FFF712FD00287FD1FF2206212220FFF7EE
:101600000BFD002878D100225C212220FFF704FD89
:10161000002871D1FF2240212220FFF7FDFC002885
:101620006AD1FF2241212220FFF7F6FC002863D176
:10163000FF2242212220FFF7EFFC00285CD1FF228D
:1016400043212220FFF7E8FC002855D1FF22442146
:101650002220FFF7E1FC00284ED1FF224521222065
:10166000FFF7DAFC002847D100220C212220FFF7E7
:10167000D3FC002840D1C0220D212220FFF7CCFC52
:10168000002839D1E0220E212220FFF7C5FC0028D6
:1016900032D1072147F6FF72412000F075FA002889
:1016A0002AD1062148F20102412000F06DFA0028FB
:1016B00022D102230621412007AAFFF7D7FB0028E9
:1016C0001AD10F48016841F0800101600068802153
:1016D000009100F08000089000200122CDE9012057
:1016E000039000E008E004906946064804F0E8FA38
:1016F000002000F01FF9002009B000BD1C96012455
:10170000E0440258001C025830B5C0F30D0020F42C
:101710000070FF23C4430C70C50500D5FE234105AE
:1017200001D503F0FD03010501D503F0FB0381049E
:1017300001D503F0F703C00401D503F0EF031370E4
:1017400030BD000030B587B004F0E0FB0021364A20
:101750008DF800108DF804108DF808108DF80C101D
:101760008DF810108DF814105168411AB1F5FA7FF8
:101770003CD35060002122206A46FFF7ECFB0400B6
:1017800021D10121222001AAFFF7E5FB04001AD193
:101790000221222002AAFFF7DEFB040013D104215C
:1017A000222003AAFFF7D7FB04000CD10521222039
:1017B00004AAFFF7D0FB040005D10621222005AAC8
:1017C000FFF7C9FB044619F003FA184D6C64802139
:1017D000174804F08BFB012800D0002085F8430057
:1017E00034B1A86A401CA86219F012FA07B030BDE3
:1017F0009DF8000085F83D009DF8040085F83E0046
:101800009DF8080085F83F009DF80C0085F8400021
:101810009DF8100085F841009DF8140085F84200FD
:10182000686A401C6862DFE7C04D0024D49501243B
:10183000001C02582DE9F04101280C4605460CD841
:101840005CB10D4F97F83A0038B107F14806B0681F
:10185000A04205D10120BDE8F0814FF0FF30FAE74A
:1018600019F0B6F9F573B460FC6287F8385019F0D6
:10187000CFF90020EFE70000D495012438B504002B
:1018800001D0C82201E047F6FF720721412000F095
:101890007BF950EA040105D102236A460621412062
:1018A000FFF7E4FA38BD00002DE9F04706000D46C9
:1018B00001D00B2E07D135B11D4CA068A84205D12F
:1018C0000120BDE8F0874FF0FF30FAE794F813905D
:1018D0003046FFF7D5FD002802DA6FF00100F0E78F
:1018E000304607F07FFFDFF848800700A8F148087E
:1018F0000CD04846FFF7C4FDD8F80810491CC8F8BA
:101900000810C8F830706FF00200DAE719F060F9DB
:10191000E674A560C8F82C50D8F81810491CC8F80F
:10192000181088F83B6019F073F90020C9E700002F
:101930001C96012420B100220248802104F0DBBA69
:101940000122F9E7001C02582DE9F0470646174628
:10195000401E88460E2811D20A2E0FD0B8F1010F72
:101960000CD85FB11E4C94F83A0038B104F1480528
:10197000A868B84205D10120BDE8F0874FF0FF30DC
:10198000FAE719F025F9A946AD8919F041F90120C6
:10199000761EB8F1000F00FA06F002D080B20543BF
:1019A00000E08543C5F30D0020F40075284600F0E3
:1019B000F6F830B1A168491CA16020636FF0010006
:1019C000DAE719F005F9A9F80C50C9F80870E762D0
:1019D000E068401CE060A58619F01AF90020CBE70A
:1019E000D49501242DE9F04F89B004F08FFA002638
:1019F00081463746344635466846FFF73DFB0028AA
:101A000070D09DF8190008B19DF81C609DF81A006F
:101A100020B19DF81D00B04200D906469DF818007F
:101A200008B19DF81B70B74201D9384600E0304636
:101A300080462EB149463046FFF78CFD00B10124A7
:101A40009DF8190028B19DF81A0010B10EB944F0A4
:101A500002049DF8180018B11FB944F0040407E00F
:101A600037B149463846FFF775FD08B144F0080420
:101A70004348816849B1A9EB010141F28833994299
:101A800003D2012744F0100400E0002783460078C9
:101A9000DFF8F0A0844210D0E043C0B240F0E00292
:101AA00006212220FFF7B8FA050006D18BF8004086
:101AB000DAF81010491CCAF8101032484830C07BC0
:101AC000D0B9B8F1020F404616D3014648460AD1B4
:101AD0004FF4FA71B0FBF1F201FB1290FA280BD22D
:101AE00001260AE03FE0032906D1C821B0FBF1F24C
:101AF00001FB12906428F3D3002645B99BF801003E
:101B0000864209D03046FFF7B9FE05002ED0DAF83C
:101B10000810491CCAF80810FFF714FE19F058F80D
:101B200018484830016801F10101C0E900198473C7
:101B300080F8108047740DB300228274DAF8042014
:101B4000521CCAF80420CAF830508289AAF83420FE
:101B50008AF836408AF83760C07B8AF838008AF8FD
:101B6000398019F055F809B0BDE8F08F8BF80160A5
:101B7000DAF81410491CCAF81410CDE70122DCE78A
:101B8000C04D0024D495012408B5130A8DF8003007
:101B900002238DF801206A46FFF7E0F908BD1CB565
:101BA00001AA6946FFF7B0FD9DF80020042122201C
:101BB000FFF732FA002805D19DF8042005212220E4
:101BC000FFF72AFA1CBD64207047002806D0642164
:101BD000C0230370A82242708170C170704741F227
:101BE0008D307047032002F085FBFEE7234900207B
:101BF000F0B50A68920311D4BFF34F8FBFF36F8F14
:101C00001F4A1060BFF34F8FBFF36F8F0A6842F413
:101C100000320A60BFF34F8FBFF36F8F0A68D203A1
:101C200023D4164A70321060BFF34F8F101F43F653
:101C3000FF740068124D1035C0F34E32C0F3C90373
:101C400004EA4216184600BF46EA80772F60401E1D
:101C5000FAD2521EF4D2BFF34F8F086840F480309E
:101C60000860BFF34F8FBFF36F8F086820F0080044
:101C70000860BFF34F8FBFF36F8FF0BD14ED00E02E
:101C800050EF00E0014802F0F9BD000020530024AD
:101C9000014802F0BFBB0000545000247047000010
:101CA000DFF8A882ADF5147D00254FF0FF3A012042
:101CB000A9468C9554462E46C8F800004FF47A7019
:101CC00010F0A4F802F074F8A14F01224FF4C07193
:101CD000384604F010F902F08FF90122384611025B
:101CE00004F009F907F00EFC9A4805701C229A4985
:101CF0008DA8FEF763FE00218DA810F033FA08B915
:101D0000C8F868A001A8FFF760FF0198AB469DF8EE
:101D10000710022203BA2846729023F0FF05739041
:101D20000D43749075908DF8C921FFF758FF070295
:101D3000FFF755FF29BA47EA1020ADF8CA017391A1
:101D400004F0E4F8054600F57A708190EFE072A99E
:101D5000204601F005F900BF04F0D8F80746401B03
:101D60003AD4FFF730FFC51976A807F01BFCB8B1CD
:101D70004FF00109C8F85CB0761C85A8FFF7FCFBA2
:101D800038B19DF827129DF8FC01814201D0FFF780
:101D900077FB0520B6FBF0F100FB1160E8B12CE009
:101DA000D8F81410491CC8F814106C49496CC8F8CC
:101DB0005C10D8F81010D8F81430D8F80C20D8F8E7
:101DC00004000B4408B1012100E000215FEA090092
:101DD00000D076A807F0AEF9AFE001F057FE08B1E9
:101DE000012100E00021D8F81030D8F81470D8F89C
:101DF0000C2076A83B4407F09DF901F047FE00282F
:101E000017D0002C1BDA0120019002211122084674
:101E10000DF07CFF0400D8F80800414600F10100F5
:101E2000C8F80800C8F8604004D54D48544600681A
:101E3000886682E04B4901AA20460CF00DFD4FF464
:101E4000E07202A976A800F073FE0028839002DDFC
:101E5000B0F5E07F05D3D8F81010491CC8F8101071
:101E60006BE0102172A80023CDE90001839A02A93A
:101E700020460DF019FE00284746C8F864008398F4
:101E8000C8F834007698C8F838007898C8F83C004C
:101E9000BDF8E801A8F8400010DA31480068B866DB
:101EA0003869401C386120460CF038FC3B695446C8
:101EB000FA68032176A807F03DF935E00521C7F857
:101EC00068B0FA68521CFA60F868B0FBF1F201FBE6
:101ED000120038B9D8F81030D8F80C20022176A8B2
:101EE00007F028F904F012F8002C074625DB81984A
:101EF000381A22D44FF4E070009002AB20468CAA2E
:101F000072A901F0DFFA002814D016DAD8F82C10E4
:101F100001F10101C8F82C1011490968C8F86810CE
:101F200020460CF0FBFB54460A200FF06FFF01F037
:101F3000EDFF11E707F57A7781970A200FF066FF2A
:101F400001F0E4FF002CF4DB01E70000288F0124FE
:101F5000001C0258954D002410C10108948F0124E3
:101F60008C4D00247E660480104810B503F033F8D1
:101F70000F49104B104AC1F82001D3F860010F4BF4
:101F8000C1F8300112680E48C1F834211A68C1F84E
:101F900038210268C1F83C214268C1F840218268BA
:101FA000C1F84421C068C1F8480110BDD85A0024C6
:101FB000F44900240090024000800240088D024055
:101FC000800000302DE9F04F4C48C16A026B436A33
:101FD000846A056C466C476ED0F86CC0D0F81080EF
:101FE0001FFA83F91FFA84FA89B292B2ACB2B3B283
:101FF0001FFA87FB1FFA8CFEB8F11F0F01D80125CD
:1020000000E000253D48960AC4F3400746EA8111E6
:10201000C2F305144567C3F342184FEADB3C02F0F4
:102020000F0203F01F03CAF380068167CAF3C001E1
:10203000C467CAF34014C0F88020CAF30012C0F885
:102040008480C0F88830C0F88C60C0F89010C0F868
:102050009440C0F89820C0F89C70C0F8A4C0D0F894
:10206000A400F8B100222548CBF34033C9F38034F3
:10207000C9F3C025C9F38026C0F8A020C9F30037F2
:10208000C9F34021C0F8A830C0F8B840C0F8BC502F
:10209000C0F8C060C0F8C470C0F8C810D0F8B8105C
:1020A00011B10FE00122DEE7D0F8BC1051B9D0F831
:1020B000C01039B9D0F8C41021B1D0F8A01009B1BE
:1020C000012400E00024C0F8B44000230122CEF334
:1020D00082010629C0F8AC30C0F8B03008D002291F
:1020E00009D0052902D100BFC0F8B020BDE8F08FAB
:1020F000C0F8AC20F8E7C0F8AC20F7E7F4490024BA
:10210000F0B599B0074664216846FEF7B3FC2C4E43
:102110004FF480454FF4045268100446716800295A
:102120004FF0FF3107D0022F12D0032F06D0042F1B
:1021300007D0052F09D0084619B0F0BD002402468B
:1021400006E000254FF4807202E000252C462A4666
:102150001C4800681F2802D8002100F091FE194891
:102160006946E83802F03AFF16486946CDE9055459
:10217000E83803F06BFB1348E83803F0A7FB7068FE
:102180000FF0F4FD70680FF091FD0D48012118303B
:10219000C0F86C11D0F87011491CC0F87011C0F86B
:1021A0007471716891F82D2002F00102C0F8CC2002
:1021B00091F82D10C1F38001C0F8D0100020BBE7CA
:1021C000DC490024C05B00242DE9FC41674D00265A
:1021D000D5F8C8113446664800290768019600966C
:1021E00006D01F2F06D9F01EC5F8D001C5F8C8616A
:1021F000BDE8FC811A294FF0FF3840F6B8306ED2A6
:10220000DFE801F0850D101C1F2225272B303B48ED
:1022100059632D666B6E70727689939B9EB14FF4F5
:10222000004218E00021384601AA00F01BFE04001D
:1022300017D1019840F4905201920CE04FF40452EF
:1022400009E04FF4005206E04FF4807203E00022F0
:1022500001E04FF4C242002128E000F03BFB00F017
:102260008DF874E01B216A46384600F0FBFD04003F
:102270006DD1009820F4004009E01B216A463846E1
:1022800000F0F0FD040062D1009840F4004020F41A
:10229000005209E01B216A46384600F0E3FD0400C5
:1022A00055D1009840F4204200921B21384600F09E
:1022B000E7FD04464BE0D5F8CC0120B1D5F8CC01C0
:1022C00000F062FA43E02B48FAE700F03FF93EE005
:1022D000C5F86C6100F0E2FDEBE7022005E016E0D6
:1022E000032002E0042000E00520FFF709FFE0E7FB
:1022F0001E481838406850B1D5F87C11491CC5F803
:102300007C11011D0AF036F9C5F8780108B1444680
:102310001DE000241BE0D5F8CC0120B1D5F8CC019C
:1023200000F068FA13E01448FAE7D5F8CC1109B1C7
:10233000D5F8CC0100F000FB09E0FFF715FE06E040
:10234000D5F8CC1109B1D5F8CC0100F077FBC5F870
:10235000D041D5F8D401401CC5F8D401C5F8C861F6
:1023600000F00CF844E700F0A1F8A2E7F4490024DB
:10237000C05B0024A0860100400D030038B54A4828
:102380004FF0FF31474C056825616162A162E1624F
:1023900021636163A163E16321646164A164E16419
:1023A0006166A166E16621671F2D79D800216A4622
:1023B000284600F057FD08B90098606201216A467E
:1023C000284600F04FFD08B90098206701216A46B1
:1023D000284600F047FD08B90098A06202216A462D
:1023E000284600F03FFD08B90098E06203216A46E4
:1023F000284600F037FD08B90098206304216A469A
:10240000284600F02FFD08B90098606305216A4650
:10241000284600F027FD08B90098A06306216A4607
:10242000284600F01FFD08B90098E06311216A46B4
:10243000284600F017FD08B90098206412216A466A
:10244000284600F00FFD08B90098606418216A461C
:10245000284600F007FD08B90098A06419216A46D3
:10246000284600F0FFFC08B90098E0641B216A468A
:10247000284600F0F7FC08B9009860661D216A46FE
:10248000284600F0EFFC08B90098A0661F216A46B4
:10249000284600F0E7FC08B90098E066FFF792FDD7
:1024A00038BD0000F4490024C05B00242548F8B57D
:1024B000056800201F2D009001D9C01EF8BD224CD8
:1024C0004FF0FF31606D401C6065A164E1642165DF
:1024D000A165E165216618216A46284600F0C2FC24
:1024E0000028EBD10098A06419216A46284600F024
:1024F000B9FC0028E2D10098E064192140F40042C0
:10250000284600F0BDFC0028D8D100266A461921D3
:10251000284600F0A7FC0028D0D1009820650104CF
:1025200005D501200FF072FC761C642EEED30098C6
:10253000C0F30021A165C0F34122C0B2E26520666C
:102540000020F8BDC05B0024F44900242DE9F04FC1
:10255000BFB0402114A8FEF78DFA4FF0000BCDF864
:1025600044B038215D4603A8CDF848B0CDF84CB052
:10257000FEF780FA642124A8FEF77CFA7C4C4FF029
:10258000FF3A3D957B4BD4F8F0217C487A4E521CA3
:102590000068C4F8F021C4F8F4A1C4F8F8A1C4F8A4
:1025A000FC51C4F80052C4F804323268754FDFF8A9
:1025B000D081DFF8D091303FC4F80822D8F86021EC
:1025C000C4F80C22D9F8001004F5F8741F284FF055
:1025D0000006216239686162A562E562A4F5F874BB
:1025E00004D800214FF4C24200F04AFC634824A9F9
:1025F000E83802F0F3FC4FF480404110CDE92901A6
:102600005E4824A9E83803F021F95C4AE83AA2F1CF
:102610003C0100205268135C0B540B18155C401CE5
:1026200006289D71F7D388230B73B5254D735A2265
:102630008A73A520C8730A74487412200854401C79
:102640003C28FBD33C205D462122CDE9120BCDE98D
:1026500003204FF4403311A805904848CDE907B353
:10266000E838CDE910B103F031F94448642203A9F8
:10267000E83803F0C0F94049BB46C4F8F4010B68E0
:102680003846C4F80832D8F860210027C4F80C2274
:10269000D9F80010C4F810120068C4F814023D956F
:1026A000D4F81802401CC4F8180234483DA9E83890
:1026B00002F08FFF50B93D9840B1D4F81C02401C85
:1026C000C4F81C02C4F8F8513D9E05E001200FF04B
:1026D0009DFB7F1CC82FE2D3D8F860014D465F46B2
:1026E000C4F80C02D9F80000C4F81002DBF80000AE
:1026F000C4F814025EB33289C4F8FC21122A22D332
:10270000402A00D940223046002314A910F048F98D
:102710009DF85C00882816D19DF85D00B52812D17F
:102720009DF85E005A280ED19DF85F00A5280AD1B9
:102730009DF860005A2806D19DF86100A52802D1B5
:102740000120C4F80002304610F0B8F901E0C4F8E6
:10275000F8A1D8F86001C4F80C022868C4F8100287
:102760003868C4F8140200F099FB3FB0BDE8F08F60
:10277000F4490024A55AA55A00800240C05B0024F9
:1027800000900240388D02401849002270B5184D63
:10279000C1F8D801C1F8DC21C1F8E021C1F8E42179
:1027A0002A690024C2F34002C1F8E821C1F8EC21F3
:1027B00017E02B69C3F340032BB1D1F8E061761C1D
:1027C000C1F8E06104E0D1F8E461761CC1F8E4618D
:1027D000934205D01A46D1F8DC315B1CC1F8DC31DC
:1027E000641C8442E5D3C1F8EC2170BDF449002497
:1027F0000000025834490022F0B5344CC1F8800181
:10280000C1F88421C1F88821C1F88C21C1F8902138
:10281000C1F89421C1F8982122690023120600D53D
:1028200001232B4F3A68D20601D543F002033A68E0
:10283000920601D543F00403C1F89C310026C1F88B
:10284000A0313CE0256900222D0600D501223D681B
:10285000ED0601D542F002023D68AD0601D542F019
:102860000402D50704D0D1F884516D1CC1F88451FD
:10287000950704D5D1F88C516D1CC1F88C515507C2
:1028800004D5D1F894516D1CC1F8945182EA030526
:10289000EB0704D0D1F888315B1CC1F88831AB0755
:1028A00004D5D1F890315B1CC1F890316B0704D589
:1028B000D1F898315B1CC1F89831761C13468642DA
:1028C000C0D3C1F8A031F0BDF44900240000025883
:1028D000100802582DE9FC41164E00204FF0FF343D
:1028E0007061B461F4613462270C05466A460221C6
:1028F00028460094019400F0B5FAB0B903212846A7
:1029000001AA00F0AFFA80B9009870B1B8420CD0BB
:10291000019951B1B94208D07269521C7261B26911
:10292000521C02D1B561F06131626D1C1F2DDDD9E1
:10293000BDE8FC81F44900242DE9F05F3C4C804661
:10294000DFF8F0900020C4F88001C4F88401C4F8D6
:102950008801C4F88C01C4F89001C4F89401C4F84B
:102960009801D9F8100000263546000600D501254B
:1029700031480168C90601D545F002058246006864
:10298000800601D545F00405C4F89C51C4F8A05157
:1029900003F0BCFA0746CB46D1460020DBF8101006
:1029A000090600D50120D9F800204946D20601D5F4
:1029B00040F002000968890601D540F00400C10713
:1029C00004D0D4F88411491CC4F88411810704D5BB
:1029D000D4F88C11491CC4F88C11410704D5D4F8E3
:1029E0009411491CC4F8941180EA0501CA0704D067
:1029F000D4F88821521CC4F888218A0704D5D4F859
:102A00009021521CC4F89021490704D5D4F898119C
:102A1000491CC4F89811761C054603F077FAC11BCF
:102A20004145BAD3C4F88061C4F8A051BDE8F09F15
:102A3000F449002400000258100802582DE9F0471C
:102A4000394C804639490020C4F8A401C4F8A801D3
:102A5000C4F8AC01C4F8B001C4F8B401C4F8B801BA
:102A6000C4F8BC01086800263546000500D50125DC
:102A70000868800401D545F00205086889464004CD
:102A800001D545F00405C4F8C051C4F8C45103F0A1
:102A90003DFA0746D9F8002000204946120500D526
:102AA00001200A68920401D540F002000968490437
:102AB00001D540F00400C10704D0D4F8A811491C86
:102AC000C4F8A811810704D5D4F8B011491CC4F882
:102AD000B011410704D5D4F8B811491CC4F8B81195
:102AE00080EA0501CA0704D0D4F8AC21521CC4F80E
:102AF000AC218A0704D5D4F8B421521CC4F8B421FF
:102B0000490704D5D4F8BC11491CC4F8BC11761C83
:102B1000054603F0FBF9C11B4145BBD3C4F8A461D2
:102B2000C4F8C451BDE8F087F449002410180258D5
:102B3000F0B595B0164600250F46044610A8FEF7DE
:102B40001BFD00B1129D94F824000B282BD017A375
:102B5000B4F810E0228BE18AD4F808C0CDE90ECE9B
:102B6000CDE90C12216A0DF1100EE28BB4F81CC0F5
:102B7000CDF820C00B95CDE90921B4F81AC0A58A7B
:102B8000628AE1688EE8261094F82510D4E90042A4
:102B9000039131460094CDE901200A4A3846FDF7F9
:102BA000C7FC15B0F0BD08A3D2E70000657870320D
:102BB0002D30315F6865785F636F756E7465725F25
:102BC000333200009CC40108657870332D30345FC7
:102BD000646F745F6D61747269785F6C6564000026
:102BE000014802F0E4BA0000D85A002470B5A2B03F
:102BF000064600244FF4C36001258DF80F500223D0
:102C00008DF81D4069038DF80E5009948DF81F4012
:102C10000D9020208DF804508DF8325042028DF82E
:102C2000605006914FF040518DF8384002948DF875
:102C300061408DF81C408DF828408DF862408DF879
:102C40000C400B948DF81E500F948DF81150129477
:102C50008DF840408DF831408DF8124014948DF875
:102C600056401790304616938DF8205005928DF8F7
:102C700054408DF830408DF81050009169468DF821
:102C80000D408DF8554011948DF84C5000F0E2FD48
:102C90001B9568058DF871404FF406718DF86850EA
:102CA00019948DF880408DF870401F908DF8784011
:102CB0001D9030468DF88140219119A900F070FDDA
:102CC00022B070BD40F6B8300FF0A0F807F0A4F9BC
:102CD000BFF35F8F0649012008700FF06DFA0FF007
:102CE0006DFA4FF47A7420460FF090F8FBE700007D
:102CF000954D00243B48002170B588B004680591CB
:102D00001F2C0191049103910091069102D9C81ED4
:102D100008B070BD0121204605AA00F0A3F86FF0AD
:102D20000406A8B90121204603AA00F09BF878B94F
:102D30002D4D059828670398A862FFF743F903987B
:102D400040074DD50021204604AA00F08BF808B1B9
:102D50003046DDE70498C10409D481044FEAC0502D
:102D600002D500283CDB31E0002833DB36E0039855
:102D7000800618D51F21204606AA00F073F890B9E6
:102D8000069AEA66D04302F01C010004000C0AD047
:102D90001004000C07D0182922D0082916D01429B5
:102DA00018D004291AD004216A46204600F05AF8A7
:102DB000B0B90521204601AA00F054F880B9DDE938
:102DC00000010840C1050BD4010601D503209FE78F
:102DD000410601D504209BE7800601D5052097E731
:102DE000022095E7C05B0024F449002400207047CE
:102DF00003F08CB810B5184886B002F033FD1421EA
:102E00006846FDF737FE1548016841F4807101609E
:102E100000680821124C012200F480700590002007
:102E200000916946CDE901200390204602F048FF59
:102E300000222046082103F05EF80A2002F092F8F2
:102E400001222046082103F056F8322002F08AF8C9
:102E500006B0002010BD0000D85A0024E0440258FB
:102E60000020025813460A460146044810B502F0F5
:102E700027FC002801D04FF0FF3010BDD85A0024A5
:102E800013460A460146044810B502F057FE0028D2
:102E900001D04FF0FF3010BDD85A00242F48FEB5A6
:102EA00004681F2C02D96FF00200FEBD12212046DB
:102EB00001AAFFF7D7FF0028F7D1019844F2E001FB
:102EC00000F01F004218204612210192FFF7D8FFA0
:102ED0000028EAD1002120464FF40042FFF7D0FF3E
:102EE0000028E2D103F012F84FF4FA7605460021EB
:102EF0006A462046FFF7B6FF10B16FF00400FEBD32
:102F0000009800040AD503F001F8401BB042EED34C
:102F10000098000402D56FF00100FEBD1B21204681
:102F200002AAFFF79FFF0028F7D102981B2120F487
:102F3000204220460292FFF7A3FF0028EDD1042192
:102F400040F2E1122046FFF79BFF0028E5D1002167
:102F500020464FF49052FFF793FFFEBDC05B002464
:102F60002DE9F34F8BB0DFF8F48100244FF0100A05
:102F70000DF118090DF1280BCDF828A0002310221F
:102F8000CDE9009B0B9802A90CF02CFC00280DDA6F
:102F9000734801680B2906D0C8F86810D8F850109B
:102FA000491CC8F850100DB0BDE8F08F1028D8F8B3
:102FB000440000F10100C8F844007BD10C9841683E
:102FC0000798884276D10C984188BDF81A0088424B
:102FD00070D19DF808004D280BD19DF809103029BB
:102FE00007D19DF80A104B2903D19DF80B104329F6
:102FF00004D000214D288E4602D00DE00121F9E7D2
:103000009DF80900302807D19DF80A00502803D107
:103010009DF80B00432809D05FF000005EEA000134
:103020007BD09DF80C00012877D101E00120F5E765
:103030009DF81400F0BB9DF81500D8BBBDF8160034
:103040000E264FF6FF7141F22105002240BA009092
:1030500002AF0846002317F802C080EA0C2000BF28
:103060005FEA004C01EA400000D568405B1C082B79
:10307000F6D3521CB242EDD30099A8F85810814201
:103080004BD1049ABEF1000F9DF8131010BA20F036
:10309000FF059DF80D0045EA010514D0411E0A29DF
:1030A0003BD29DF80E10012901D0022935D19DF89F
:1030B0000F2000E031E082BB012900D000212A4628
:1030C00006F046FC26E0012804D002280CD0032894
:1030D00015D022E09DF80F1001291ED89DF80E0092
:1030E0002A46FEF731FC15E09DF80E00A8B99DF8C0
:1030F0000F00012811D82946FEF79CFB0AE09DF835
:103100000E0008B10B2808D19DF80F1029B92946E7
:10311000FEF7CAFB58B1012819D0D8F85000401C5E
:10312000C8F85000641C082CFFF426AF3BE7D8F821
:103130004800401CC8F84800C8F854509DF80D00DD
:1031400088F85A009DF80E0088F85B00EAE7D8F886
:103150004C00401CC8F84C00E4E70000288F012414
:103160008C4D00242DE9F04F836A00F11805934639
:103170008C6800271E46B94655F82320D2F80CC0AB
:10318000BCF1000F7EDB05EB830CDCF814C0BCF156
:10319000000F77D191F800C05FEA4C7C43D5D2F89C
:1031A0000CC0D1F824806FF30F0C4CEA080CC2F865
:1031B0000CC0D2F80CC04CF4803CC2F80CC0D0F863
:1031C00000C0DCF8608048F48018CCF8608091F88A
:1031D00000C05FEA0C7C26D5B1F82C80D2F808C07C
:1031E00068F31F4CC2F808C0D2F80CC04CF4003C85
:1031F000C2F80CC0D2F80CC0D1F830802CF4402CAE
:103200004CEA080CC2F80CC0D0F800C0DCF86480AE
:1032100048F48018CCF864800068D0F850C04CF0B6
:10322000806CC0F850C00878C0060BD59068D1F803
:1032300018C06FF30D0040EA0C009060D06840F0B9
:103240008060D060087810F0140F1ED0D06840F075
:103250008040D060BFF35F8FD0685B1C042B40F0D0
:103260000040D06000D31B1F012755F82320D068F1
:1032700000280ADA55F82600BFF35F8FC16821F0F5
:10328000004100E0A3E0C160A1E020681060906808
:10329000D4F804C06FF30D0040EA0C009060DFF832
:1032A00020827F1CA0684FF0000A50B104460068DD
:1032B0005060D2F808C0A0880CEA080C4CEA004024
:1032C00004E0C2F804A0906800EA08009060087862
:1032D000C006D06812D5B1F820C020F4F00040EA52
:1032E000CC40D060D068D1F81CC06FF3110040EA28
:1032F0000C00D060D06840F480201BE0D1F804C0FE
:103300006FF30E0040EA0C00D0600878C00707D0C9
:10331000D068D1F814C020F4403040EA0C00D060EE
:103320000878800607D5D068D1F810C020F040603A
:1033300040EA0C00D0600878400707D59068D1F8C3
:1033400028C020F4404040EA0C009060D06840F073
:103350000050D060D06820F08040D060BFF35F8F15
:10336000D06840F00040D060087880077ED5D068F3
:10337000D1F80CC020F0607040EA0C007AE0D06810
:103380005B1C042B20F08050D06000D31B1F55F82D
:103390002320D06820F00050D060D068002803DBE4
:1033A00005EB83004069A8B155F8261000200CE019
:1033B000BFF35F8FCA68761C042E22F00042CA60F9
:1033C00000D3361F401C55F82610B842F0D3022017
:1033D000BDE8F08FA468206810609068D4F804C03D
:1033E0006FF30D0040EA0C009060A0687F1C58B19C
:1033F000044600685060D2F808C0A0880CEA080CA7
:103400004CEA0040906007E0C2F804A0D2F808C07F
:103410000CEA080CC2F808C00878C006D0680AD5C3
:10342000D1F81CC06FF3110040EA0C00D060D068E6
:1034300040F4802010E0D1F804C06FF30E0040EAA1
:103440000C00D0600878C00707D0D068D1F814C04D
:1034500020F4403040EA0C00D06009F10109BFF3CC
:103460005F8FD06840F00040D06000E003E0D0689B
:1034700020F08040D060A068002880D19068BBF127
:10348000000F02D040F0004001E020F000409060CA
:10349000D06840F08050D06005EB8300696A4161DC
:1034A000EFF31080012181F310882B6109F10101F4
:1034B000AA6A114480F310880020A96288E70000FE
:1034C000FFFF00C02DE9FF4FADF5017D1D46140043
:1034D0008B468E9E20D073A8FDF7CEFDE0B1884FBD
:1034E00097F83B3097F83A2097F83910F88D0DF19E
:1034F0001C0888E80F00B88D97F834203B6A9DF8C7
:10350000E711CDE90520CDE903139DF8E40140B1B1
:10351000022906D3012205E001200DF5057DBDE855
:10352000F08F0022BDF8D811CDE9001002924FF4BF
:10353000C079744A13A8759B4946FCF7F9FF002827
:103540004FF0FF3A7DDD48457BD201AA74990DF119
:103550004C0800914046594682E8610023686AA2FF
:103560005B1C2360819800F0F1F8002869D197F87E
:103570003730B7F9302097F83510786A0DF10C0C18
:103580008CE80F009DF8E8019DF8E51119B10228BB
:1035900001D3012200E000220092CDE901105C4A33
:1035A00013A8779B4946FCF7C3FF002849DD48452F
:1035B00047D2749957A2CDE90018CDE90256236885
:1035C00059465B1C2360819800F0C0F8002838D170
:1035D00097F83830B7F9322097F83610B86A0DF1FD
:1035E0000C0C8CE80F009DF8E9019DF8E61119B16B
:1035F000022801D3012200E000220092CDE901104F
:10360000434A13A8789B4F464946FCF791FF002890
:103610006ADDB946484567D2749941A2CDE90018E0
:10362000CDE90256236859465B1C2360819800F05F
:103630008DF830B97BA8FDF79FFF3C4FA0B33C4805
:1036400000E051E0D0F800C0436B026B01690DF15E
:103650003C0E8EE80E10D0F80CC04369826A416AB5
:103660000DF12C0E8EE80E10026A816983684068A5
:10367000CDE907032F48CDE90912026B9DF8FC3113
:10368000DFF8B4C09DF8FE119DF8FB01CDE90303FE
:10369000CDE905129CF82D009DF8FD11C20704D05C
:1036A000400702D5012201E027E000229DF8FA013F
:1036B00002914946CDE90002BDF8F83113A81F4A2E
:1036C000FCF736FF00280FDD48450DD27C991CA27F
:1036D000CDE90018CDE90256236859465B1C2360EA
:1036E000819800F033F808B1504616E7B86A001D1B
:1036F000B8627398386300200FE7B86AC01CF7E718
:103700007895012460C301087368743430000000A8
:1037100024C40108696E613232365F7531300000B1
:10372000696E613232365F7534340000288F0124AF
:1037300038950124D4950124E05B0024E4C50108F8
:103740007063616C36353234000000002DE9FE43B1
:103750000F468146DDE90A10DDE90C8602904046FD
:10376000CDE9003113460D4A3146FCF7E1FE041E57
:103770004FF0FF350FDDB4420DD21020224600235A
:103780004146CDE9007048460CF08EF9A04202D1C6
:103790000020BDE8FE832846FBE700000CC30108BB
:1037A000F0B5026847F6020E274E4DF2010702F50A
:1037B0008052264DD1F800C01368254C23EA0E0331
:1037C00043EA0C0313600B79026891F80CE002F5F0
:1037D0008052D1F808C01B0343EACE3343EA0C03FE
:1037E000D2F804C02CEA070C4CEA030CC2F804C05F
:1037F00002684F7B02F580520B6A43EA0747D2F812
:10380000003133403B43C2F8003102680B7D02F5C2
:10381000805291F81DC00F69D2F804611B0143EA80
:103820000C332E403B431E43C2F8046100680B7FFB
:1038300000F580508A69D0F8081142EAC37221402D
:103840001143C0F80811F0BD00C0FEFFEFEFC0FF4C
:10385000FFFFC07FF0B50B790C7B0F688A68DB0631
:103860004D7B43EAC4533A438E7B1A43CF7B91F896
:1038700010C042EA855242EA4652BCF1000F42EAC9
:1038800007537CD000224C7C002C43EAC24278D003
:1038900000238E7C0D7F42EA43428F7FD1E90534BD
:1038A00042EA06424E7F1A43224342EA0532002F83
:1038B00042EAC62466D00022CD7F91F8203044EA47
:1038C0008222002B42EA45227ED0002504684B6A02
:1038D00042EA052291F82870464D1A43CE6A2368C1
:1038E00042EA071232432B401343236091F83C20F5
:1038F00091F8383091F8305091F83140520642EA50
:10390000036291F8326042EA854242EA4444BEB31F
:1039100000220368384E4F6B44EA02425C683A4327
:1039200040F20F15344014435C60036891F8406026
:103930004C6CDA6844EA0624AA432243DA6091F820
:1039400054300A6D91F84C4042EA4302ECB3002433
:103950000368B1F848504FF60D76E7011C6F47EA4F
:1039600005452A43344014431C67026891F85630D9
:1039700091F8555052F8904F43EA450303E02BE08D
:1039800032E02BE02CE024F003041C4314600268B6
:103990008C6DD2F8003D23F072032343C2F8003D42
:1039A00091F86020CC6D1AB35FF00003026891F8C3
:1039B000615091F8621044EA8310D2F8303D2C0136
:1039C00044EAC101084301E00CE00FE023F07B0171
:1039D0000143C2F8301DF0BD012254E7012358E72E
:1039E000012269E7012571E7012292E70124AFE78F
:1039F0000123DBE7838004000080F8C02DE9F84F45
:103A000004464FF00108002000904FF04149D4E9EE
:103A10001A574FF0014A04EB8500866C1CE03069B0
:103A200030B9684601F0AEFE009840B130613060B8
:103A3000B8F1000F10D0A06D20B1484603E04FF060
:103A4000000809E05046F0606D1C042D00D32D1FC6
:103A50007F1E04EB8500866C17B1B8F1000FDED134
:103A6000E06EB84210D0681C00F00300BFF35F8F17
:103A7000216800EB4000226901F5805102EBC00093
:103A8000C1F82801C4E91A57BDE8F88F0B4870B592
:103A9000007800250A4C68B100F038FA094991F81D
:103AA0002D00C20706D0400704D5486810B1012098
:103AB000606070BD6560002070BD0000954D002401
:103AC000288F0124E05B002412484FF00A01416076
:103AD000816801F101018160EFF305810E4AC16047
:103AE00002F1040606F10404156804F104020B4B0C
:103AF00002F10401056135684561246884611B6831
:103B0000C3611268026209684162EFF30581816254
:103B100072B6FEE7A449002428ED00E03CED00E089
:103B2000F0B5B3F5804F05D06FF0704140F822102A
:103B30000020F0BD91E838008F898E6950F822107E
:103B400024013343054E44EA05242343314043EA2C
:103B500007430B4340F82230EAE700000000F0CFB3
:103B6000F0B50A6850F8223023F0010340F8223003
:103B70008C68082C2CD000264A68D1E903CE224359
:103B80004CEA060C01F1140342EA0C0242EA0E026E
:103B900093E8F8501A4322430C682A43D1E90C35C4
:103BA000324350F824603A4342EA0C02DFF840C046
:103BB00042EA0E028F6B13431D432F4326EA0C0685
:103BC0003E4340F824600A6BB2F5801F02D007E044
:103BD0004026D1E70A684AB1026842F480120260C6
:103BE0000A681AB10268496B0A4302600020F0BDFE
:103BF0007FFB3F00F0B58C6800EB8202D1E9003614
:103C0000B1F80CE04FEA042C134C0D8A43EA06137A
:103C10000E7D67014CEA0E4C43EA0C0304EB05559C
:103C20002B438D6907EB0666576833432B4307F038
:103C300040452B4353600268D2020BD5098A426883
:103C4000436804EB015122F47002114323F4700322
:103C50000B4343600020F0BD0000F0FFF0B5D1E958
:103C60000843CD690A68C2B10268254322F4F842CC
:103C700013431D430560D1E90125D1E903364C69A1
:103C80002A434568334389691A43EB0B2243DB031C
:103C90000A431A4342600020F0BDD1E9012ED1E968
:103CA000036CD1E9057142EA0E0246EA0C06324382
:103CB0003A430A4301682A4322431A436FF30E0131
:103CC0000A430260E7E7426943F6FE739A4342EA19
:103CD000410141610020704770B591E81C00C9683E
:103CE0006FF01F0506691A4305EB441444EA4121AD
:103CF0000A4306EA45431A430261002070BD0000F2
:103D00002DE9F04F8B8A6FF00F05264C4FF07F4B5B
:103D1000D1F80C9004EB03536FF0FF044FEA042A30
:103D20001AB386684FEA09321F4FA2F580521A4330
:103D30003E4032438260D1E900278E68521E05EB77
:103D400007150F8A2A43C56804EB06240E7E0AEB8A
:103D5000074322431A430BEB06610A4305F0704305
:103D60001A43C2600020BDE8F08F91E804110F4EA5
:103D7000521E0F8A05EB08152A4304EB0C2C06EBA8
:103D800009350E7E42EA0C022A4385680AEB074495
:103D900022431A430BEB06610A4305F070431A43B2
:103DA0008260DFE70000F0FFFF0F0FFF00F0FFFF72
:103DB0002DE9F05F3F4C2068401C206000F082F845
:103DC00000F084F900F0E8F93B4F48B10122384691
:103DD000082102F090F800F075F80120BDE8F09F8E
:103DE00064200EF013F800204FF0010A05464FF052
:103DF000020BA061E0614FF4FA78304E4FF40059A5
:103E0000681CA061C4F804B000220821384602F002
:103E100072F8002243464946304600F04DFA28B178
:103E200001223846082102F066F813E0E069401CE0
:103E3000E0610A200DF0EAFF01223846082102F075
:103E40005AF803206060012243464946304600F09C
:103E500033FA08B107200AE004206060012241F231
:103E600088330103304600F027FA90B108206060E3
:103E7000FA200DF0CBFF6D1C032DC1D3104800229A
:103E8000802102F038F8C4F814A000F01BF80320D9
:103E9000A4E764200DF0BAFF09480022802102F057
:103EA0002AF80521C4F814A0616000F00BF8002086
:103EB00094E70000389501240010025800080258C9
:103EC000001C025870B50E48082102F00FF80128B6
:103ED00000D000200B4C20624FF400510A4D2846C0
:103EE00002F004F8012800D0002060624FF4804105
:103EF000284601F0FBFF012800D00020A06270BD21
:103F00000010025838950124000802582DE9F041AC
:103F1000364C0821204601F0E9FF012835D0002663
:103F2000334F4FF40051384601F0E0FF01282ED006
:103F30005FF0000538464FF4804101F0D7FF0128BB
:103F400000D000202B49002E0E774D77887722680D
:103F5000C2F38112CA776268C2F3C00281F82020DE
:103F60006269C2F3C00281F821202268C2F30122F3
:103F700081F822206269C2F3001281F823200A68C6
:103F800002F101020A6004D006E00126C8E701251B
:103F9000D0E74A68521C4A6015B98A68521C8A6088
:103FA00010B9CA68521CCA6091F82420AAB191F8CD
:103FB00025201AB115B90A69521C0A6191F8262008
:103FC0001AB910B14A69521C4A6191F826203AB1D7
:103FD00030B98A69521C8A6102E0012281F82420EA
:103FE00081F8255081F82600BDE8F08100100258C4
:103FF00000080258D84D002470B586B014216846D8
:10400000FCF738FD1A48016841F0040101600168BD
:1040100001F004010591016841F01001016001689F
:1040200001F010010591016841F080010160006814
:10403000032400250F4E00F080000590642069469F
:104040008DE83100304601F03BFE102069468DE8D6
:104050003100304601F034FE402069468DE83100E1
:10406000054801F02DFEFFF72DFF06B070BD0000E2
:10407000E0440258001002580008025810B586B0FB
:1040800014216846FCF7F6FC0E48016841F08001F7
:104090000160006800F080000590FCF76FFE0A4C9C
:1040A00001228021204601F026FF0021802000907F
:1040B00001222046CDE901210391694601F000FE6D
:1040C00006B010BDE0440258001C02583EB5204D19
:1040D00000248DF8004001940294E86A401CE862D4
:1040E000E86A012807D181031A4801F0FFFE012880
:1040F00000D00020A8636C63FFF7C0FFFCF733FE1D
:1041000001236A460521272004F0A0FAA0B9012363
:104110006A460A21272004F099FA68B9022312217D
:10412000272001AA04F092FA30B9022300212720A7
:1041300002AA04F08BFA20B14FF0FF30286301206F
:104140003EBD01202C63EC63686300203EBD00008F
:10415000389501240008025838B504466A46000A1A
:104160008DF80040022312218DF80100272004F071
:104170006DFA002807484FF0000104D04A1E026380
:104180004163012038BD01220163C4634263002002
:1041900038BD0000389501242DE9FE4FDFF810915D
:1041A00000254FF0010A2F468DF800508DF804507D
:1041B0008DF80850C9F804A0C9F81450FFF75EFF45
:1041C0005FF00006FCF7CFFDFF21052005F0BFFFE3
:1041D000044601200DF01AFE00215C2005F0B7FF17
:1041E00040EA040801200DF011FEDF210D2005F04A
:1041F000AEFF40EA080402200DF008FE05206946E3
:1042000005F0A0FF40EA04080D2001A905F09AFF7F
:1042100050EA080423D19DF80000800603D59DF8DC
:104220000400DF2815D02021512005F090FF202127
:1042300004464D2005F08BFF40EA040802200DF0F3
:10424000E5FD012002A905F07DFF50EA080402D037
:1042500005E0012709E09DF808008006F9D40A204E
:104260000DF0D4FD761C0A2EACD312484E46C9F888
:1042700008409DF80010C9F80C109DF80410C9F80A
:1042800010104CB947B10022802101F034FEC6F86D
:1042900014A00020BDE8FE8F06217160012280215C
:1042A00001F029FE7561FFF70DFE0120F2E7000025
:1042B00038950124001C02582DE9F0411E46154690
:1042C0000F46804601F022FE04460AE001F01EFE81
:1042D000001BB04202D30320BDE8F08101200DF0A5
:1042E00095FD3946404601F001FEA842EED100207E
:1042F000F2E70000114970B54860886800F10100DC
:104300008860EFF305800E4AC86002F1040606F1EA
:104310000404156804F104020A4B02F104000D6163
:1043200035684D6124688C611B68CB6112680A6234
:1043300000684862EFF30580886270BDA4490024DC
:1043400028ED00E03CED00E070470000F0B590F88B
:104350006020012A22D0C1EBC102012780F86070E1
:10436000022380F8613000EB8202284D138F168EF5
:10437000B2F83CC0D46A1B05283244EA064643EA38
:104380004C530A2C46EA03060AD0092C08D0137BAA
:1043900046EA036349B10B2C1AD01DE00220F0BDA0
:1043A000D36803F07F433343F4E701684C6AAC43BE
:1043B0001C434C62016813688B6151680A2901D063
:1043C00009291BD1D168026821F07F41916215E073
:1043D000118B0F4D43EA81430168CC69AC431C4308
:1043E000CC61016813680B6151680A2901D0092961
:1043F00004D1D168026821F07F411162002180F868
:10440000617080F860100846F0BD00000F0033FFB7
:104410000F003FFF2DE9F0470446006800274FF0EA
:1044200004084FF0010946680568F10714D0E90552
:1044300012D5036823F480730360606E40F00100BE
:1044400060662068C0F8089084F8618084F8607025
:10445000616A09B120468847B00615D5A80413D56E
:1044600020682022036823F40053036020688260E0
:10447000606E40F00200606684F8618084F86070CD
:10448000616A09B120468847300715D5280513D53C
:1044900020680822036823F40063036020688260B8
:1044A000606E40F00400606684F8618084F860709B
:1044B000616A09B12046884770070CD568050AD59E
:1044C0002068026822F4806202602068C0F80880D8
:1044D000204600F071F8B00713D5A80511D5206863
:1044E0000222036823F40073036020688260606E18
:1044F000606684F8619084F86070216A09B1204692
:104500008847F00612D5E80410D52068016821F428
:1045100080510160226810219160616E616684F8AB
:104520006190204684F86070FFF70EFFBDE8F087C9
:104530002DE9F041040004D094F86100002518B181
:1045400007E00120BDE8F081204684F8605000F0CB
:1045500035F8184E022084F861000123D4E90010D8
:10456000D4F81CC040F207120F6840EA0C00374034
:10457000384308602068A769A168466B39439643B1
:10458000314341632068E268016C6FF30F0111430E
:1045900001642068218AA28A466B090541EA4251DA
:1045A00026F4401211434163656684F861300020AF
:1045B000C8E70000BFFFF8FF7047000008B50068BB
:1045C0000B49884212D10B48016841F0100101608B
:1045D00000680022052100F0100000905A2001F030
:1045E0002DFFBDE808405A2001F01ABF08BD0000A9
:1045F00000100052D44402582DE9F05F28B190F821
:104600003510022904D0802141650120BDE8F09FCA
:10461000904C904B0168183C18338E4ADFF83C925E
:10462000A1428D4CDFF838E28E4FDFF83CB2DFF864
:104630003CA28F4D8F4E31D091422FD099422DD038
:10464000A1422BD0494529D0714527D0B94225D068
:10465000DFF810C20CF1180C61451FD0DFF808C25A
:10466000ACF1600C614519D0DFF8FCC1ACF1480C2D
:10467000614513D0DFF8F0C1ACF1300C61450DD0CD
:10468000DFF8E4C1ACF1180C614507D0594505D0FD
:10469000514503D0A94201D0B1422CD1DFF8B4C1B9
:1046A0004FF0040880F83580ACF1180C61451DD03E
:1046B00091421BD0994219D0A14217D0494515D03B
:1046C000714513D0B94211D06648183081420DD0DF
:1046D00065486038814209D063484838814205D036
:1046E00061483038814201D05F481838086820F0AE
:1046F00001000860ABE0D1F800C02CF00E08DFF834
:1047000054C1C1F80080ACF1180C0168614527D094
:10471000914225D0994223D0A14221D049451FD0B2
:1047200071451DD0B9421BD0DFF838C10CF1180C0F
:10473000614515D0DFF830C1ACF1600C61450FD098
:10474000DFF824C1ACF1480C614509D0DFF818C18D
:10475000ACF1300C614503D0DFF80CC1ACF1180CA2
:10476000D1F800C02CF0010CC1F800C0DFF8E480E3
:104770004FF0010C0168A8F11808414546D091425C
:1047800044D0994242D0A14240D049453ED07145E3
:104790003CD0B9423AD0334A1832914236D0324AEC
:1047A000603A914232D0304A483A91422ED02E4A55
:1047B000303A91422AD02C4A183A914226D0594593
:1047C00024D0514522D0A94220D0B1421ED02A4A3D
:1047D00091421BD0284A1432914217D0264A2832DF
:1047E000914213D0244A3C3291420FD0224A503297
:1047F00091420BD0204A6432914207D01E4A78324F
:10480000914203D01C4A8C32914218D1016E0A6841
:1048100022F480720A6090F85C20816D02F01F0221
:104820000CFA02F24A60D0E919124A60C16E31B145
:104830000A6822F480720A60D0E91C124A600022E1
:10484000016D80F835C080F8342001B18847002020
:10485000DCE60000280002405800024070000240E0
:1048600088000240A0000240700402408804024018
:10487000A0040240B8040240085402582DE9FC5F2D
:104880000446F74E0020DFF8D88300904FF416520C
:10489000F44808F11808A56DDFF8C493DFF8C0A349
:1048A000016809F1300920680AF1480AB1FBF2F108
:1048B000B04201912F68D5F800C0DFF8ACB335D015
:1048C0004146884232D0484530D050452ED05845D8
:1048D0002CD0E5491831884228D0E349303188424C
:1048E00024D0E1494831884220D0E04988421DD097
:1048F000DE491831884219D0DC493031884215D060
:10490000DA494831884211D0DFF860E30EF1600ED9
:1049100070450BD0D54A7832904207D0D34B9033B4
:10492000984203D0D149A83188427DD194F85C20C7
:10493000082102F01F0201FA02F23A424AD0B042C4
:1049400032D0404530D048452ED050452CD0584527
:104950002AD0C54A1832904226D0C34A30329042FB
:1049600022D0C14A483290421ED0C04A90421BD049
:10497000BE4A1832904217D0BC4A3032904213D00F
:10498000BA4A483290420FD0B84A603290420BD0B7
:10499000B64A7832904207D0B44A9032904203D05F
:1049A000B24AA832904203D1026802F0040202E047
:1049B000026802F008026AB1026822F00402026092
:1049C00094F85C0000F01F008140A960606D40F029
:1049D0000100606594F85C00012100F01F00814037
:1049E000394240D02068B04234D0404532D04845AA
:1049F00030D050452ED058452CD09B4A183290428A
:104A000028D0994A3032904224D0974A4832904276
:104A100020D0964A90421DD0944A1832904219D024
:104A2000924A3032904200E0AFE113D08F4A4832D0
:104A300090420FD08D4A603290420BD08B4A783230
:104A4000904207D0894A9032904203D0874AA832D8
:104A500090427DD1406910F0800F04D0A960606D54
:104A600040F00200606594F85C00042100F01F0033
:104A7000814039423ED02068B04232D0404530D0EB
:104A800048452ED050452CD058452AD0764A183269
:104A9000904226D0744A3032904222D0724A483234
:104AA00090421ED0714A90421BD0704A18329042F8
:104AB00017D06E4A3032904213D06C4A483290423E
:104AC0000FD06A4A603290420BD0684A78329042E6
:104AD00007D0664A9032904203D0644AA83290428E
:104AE0004ED1006810F0020F04D0A960606D40F054
:104AF0000400606594F85C00102100F01F00814004
:104B0000394258D02068B04234D0404532D0484570
:104B100030D050452ED058452CD0534A18329042B0
:104B200028D0514A3032904224D04F4A48329042E5
:104B300020D04E4A90421DD04C4A1832904219D093
:104B40004A4A3032904215D0484A4832904200E0FA
:104B500014E00FD0454A603290420BD0434A78327D
:104B6000904207D0414A9032904203D03F4AA83247
:104B7000904207D1006800F0080006E0006872E784
:104B80000068B7E7006800F00400A0B1A9602068E1
:104B90000168490304D50068000308D5A16C07E04B
:104BA0000168C90503D4016821F008010160216C86
:104BB00009B12046884794F85C00202100F01F00CE
:104BC0008140394279D02068B04232D0404530D05F
:104BD00048452ED050452CD058452AD0224A18326C
:104BE000904226D0204A3032904222D01E4A48328B
:104BF00090421ED01D4A90421BD01C4A183290424F
:104C000017D01A4A3032904213D0184A4832904294
:104C10000FD0164A603290420BD0144A783290423C
:104C200007D0124A9032904203D0104AA8329042E4
:104C300003D1006800F0100002E0006800F00200FC
:104C4000B0B3A96094F835000428206801680FD03B
:104C500049037ED5006800032BD4616C2AE0000074
:104C600010000240504C002470000240100402402A
:104C700021F0160101602068416921F08001416145
:104C8000206C08B9A06C20B12068016821F00801EF
:104C9000016094F85C303F21012003F01F030022E3
:104CA0009940A96084F8350084F83420216D65E0CE
:104CB00003E0E16B09B120468847606D00287DD094
:104CC000606DC00759D02068042184F83510B042C7
:104CD0002BD0404529D0484527D0504525D05845B0
:104CE00023D09D49884220D09B49183188421CD04E
:104CF00099493031884218D09849884215D097494F
:104D00001831884211D09549303188420DD09349ED
:104D10004831884209D091496031884205D08F4995
:104D20007831884201D08D499031016821F001012C
:104D3000016020680099019A491C0091914202D8B3
:104D40000168C907F6D10068C00710D003200FE042
:104D5000FFE70168C905ACD403680121002223F0F4
:104D60001003036084F8351084F83420A1E7012093
:104D700084F83500002084F83400E16C00291DD04F
:104D800002B02046BDE8F05F0847754988421DD053
:104D900073491431884219D071492831884215D09D
:104DA0006F493C31884211D06D49503188420DD055
:104DB0006B496431884209D0694900E084E0783168
:104DC000884203D066498C3188427DD194F85C805A
:104DD0000427016808F01F0807FA08F717EA0C0F04
:104DE000009746D04F0744D500980F04686003D55C
:104DF000C8033CD4A16CC1E7880638D42068B0420F
:104E00002DD055496039884229D0484527D0504592
:104E100025D0584523D05049884220D04E491831DA
:104E200088421CD04C493031884218D04B498842C6
:104E300015D04A491831884211D04849303188424A
:104E40000DD046494831884209D0704507D090427C
:104E500005D0984203D04149A831884203D1016866
:104E600021F0080102E0016821F004010160216CD9
:104E700084E7022707FA08F717EA0C0F00974ED0CD
:104E80008F074CD500980F04686003D5C80344D43D
:104E9000616C73E7880640D42068B0422FD02E4959
:104EA000603988422BD0484529D0504527D05845F5
:104EB00025D02949884222D02749183188421ED05E
:104EC00025493031884200E044E018D02349884227
:104ED00015D022491831884211D0204930318842FA
:104EE0000DD01E494831884209D0704507D0904204
:104EF00005D0984203D01949A831884203D10168EE
:104F000021F0140102E0016821F00A010160012191
:104F100084F83510002084F83400E16B2EE7082275
:104F200002FA08F212EA0C0F14D0090712D5016830
:104F300021F00E01016094F85C100120002201F0C4
:104F40001F0100FA01F16960606584F8350084F89A
:104F5000342012E7BDE8FC9F8800024010040240A4
:104F60000854025870B5044600F0D0FF0546601C96
:104F700002D004480078044400F0C8FF401BA0425F
:104F8000FAD370BD444C00247047000070B50F4C3C
:104F90000546D4F82401401CC4F8240104F5927499
:104FA000284600F015F86060284600F0FDF8A06083
:104FB000284600F00DF8000606D504481838806829
:104FC000BDE870400DF072B870BD0000F4490024D7
:104FD000D0F88C007047D0F88800704700297DD049
:104FE0000268126802F00C02CA6202681268C2F318
:104FF000001281F828200268126802F060024A62FA
:105000000268126842F30022521C81F820200268D4
:105010001268C2F34022CA770268126842F3802203
:10502000521C8A7702681268C2F3C0224A7702686B
:105030001268C2F300320A770268126802F4005262
:105040008A610268126802F480424A61026812684A
:10505000C2F300428A740268126842F34042521C52
:105060004A740268126842F3C042521C0A74026811
:105070001268C2F30052CA7302681268C2F3405247
:105080008A7302681268C2F380524A730268126817
:10509000C2F3C0520A730268126802F0E0628A60CA
:1050A00002681268C2F3C0620A710268126802F0F4
:1050B000E0420A6002685268C2F30D024A63026865
:1050C000526842F30042521C81F832200268526852
:1050D000C2F3404281F83120026800E062E0526889
:1050E000C2F3804281F8302002685268C2F3006245
:1050F00081F8382002685268C2F34462CA630268C9
:10510000D268C2F3002281F840200268D26802F01F
:105110000F024A640268126FC2F3400281F8542001
:105120000268126F42F3C012521C81F84C200268D0
:10513000126F02F070020A650268126F120C8A6424
:105140000268D2F8902002F0010281F8562002682D
:10515000D2F89020C2F3400281F855200268D2F8BC
:10516000002D02F072028A650268D2F8302D02F03A
:105170002302CA650268D2F8302DC2F3C00281F85A
:1051800062200268D2F8302DC2F3001281F861204B
:105190000068D0F8300D40F38010401C81F86000AA
:1051A0000020704701207047D0F8900070472DE92B
:1051B000F04701684FF0B04A044601F58050D1F83D
:1051C000B060D0F86051D0F83471DAF8A880690680
:1051D00008D5790606D548F24001C0F8601120468E
:1051E00000F0FAFA05EA0700C00709D0206848F283
:1051F000010100F58050C0F86011204600F08EFCDF
:1052000068044FF0E0092AD5780428D5D4F888003E
:10521000E90440F00800C4F88800206810D5A0F622
:10522000CC6041F2021300F50050C26A1A40C4F883
:105230008C20026822F440420260C4F884900BE0A3
:1052400000F580504FF4CD41D0F8602102F4CD42FA
:10525000C4F88C20C0F860112046FFF797FE700458
:105260004FF0000501D4B00411D5D4F8881041F0F6
:105270001001C4F888102168D1F8B810C4F8901053
:10528000C4F884902046FFF781FEC4F89050F006E1
:105290000BD52068D0F8C00000F06000C4F894007E
:1052A000204600F095F9C4F89450B0060BD520685C
:1052B000D0F8D00000F00F00C4F898002046FFF7A7
:1052C00063FEC4F898505FEA482006D54FF4800189
:1052D000CAF8A810204600F02FFCBDE8F0870000B7
:1052E000F8B5040003D0D4F8840010B107E0012021
:1052F000F8BD2320C4F88400204600F0D7F86648A3
:10530000016841F002010160006800F002000090B5
:10531000207A08B14FF4000003F036F85F492068A6
:10532000096800F58050016841F00101016000F05A
:10533000EDFDE02605464FF4FA7706E000F0E6FDC5
:10534000401BB84201D9042023E0206800F58050BA
:105350000068C007F2D1204600F084FA02F0E4FAB7
:105360004F4A2168B0FBF2F0401EC1F8DC00204635
:10537000FDF73CFC206800F58050D0F8001121F4C6
:10538000E01141F40021C0F800116169880705D0DF
:105390000120C4F88800C4F88460A8E7206847F6B4
:1053A000FE7300F58050D0F808219A4342EA41018B
:1053B000C0F8081100210846E26800EB400504EB44
:1053C000800302EBC502116051609160D160401C06
:1053D00004289A61F0D3A1620323206800F580506D
:1053E000C0F82C312068E26800F58050C0F8142124
:1053F0002068E26800F58050C0F820215FF00002CC
:10540000206902EB420604EB820500EBC600016056
:1054100041608160C160521C0161042A4161A8643D
:10542000EED3E1652166A166E166A165206800F51D
:105430008050C0F830312068226900F58050C0F8F3
:105440001C212268206902F580524830C2F82801E8
:105450001025D4E90060134A134B8088C6F8000376
:10546000D4E900600778D0F8010047EA0020C6F8C8
:1054700004032068D0F80C671643C0F80C67206856
:10548000D0F810271A43C0F81027C4F88810C4F8C1
:1054900084500020F8BD0000F44402580404005871
:1054A00040420F006000020C00C0200C2DE9F04FBC
:1054B00087B0044614216846FBF7DCFA3F492068B0
:1054C000884277D13E48016841F40041016001689B
:1054D00001F400410591016841F4803101600168E7
:1054E00001F480310591016841F4003101600068E8
:1054F00000F40030059032480830016841F00401A2
:105500000160016801F004010591016841F00101A9
:105510000160016801F001010591016841F040015D
:10552000016000680B2701AA4FF0320800F040002C
:10553000CDF80080022469460025CDE904700326D9
:10554000204882E8700000F0BBFB01AA4FF08609FA
:10555000CDF8009069461C4882E8F00000F0B0FBEE
:1055600001AADFF868B04FF4D04ACDF800A0694630
:10557000584682E8F00000F0A3FB01AACDF80080B5
:105580001048694682E8F00000F09AFB0E48694630
:10559000CDF8009000F094FB69465846CDF800A085
:1055A00000F08EFB002205213D2000F047FF3D204A
:1055B00000F036FF07B0BDE8F08F00000080024029
:1055C000D844025800080258000002580018025837
:1055D00070472DE9F84F4FF0000704465FEA0109D4
:1055E000B84604D0D4F8840023285ED106E0D4F86D
:1055F000880040F00100C4F8880056E0E66D4FF0E6
:10560000000BE06E04EB8601C0F1040A8D6C39E0FA
:10561000E868400003D56868A06728686067E868A4
:10562000800001D4E06F28B3E868800003D5C4F897
:1056300060B0C4F864B0E868EA68616EC0F30E0058
:10564000D200A0EB0100009003D5E9684FF00108FB
:10565000216704F1800100982A6983B2081F00F0D5
:10566000C7F8206E401C2066626E00981044606689
:10567000C5F810B0761C042E00D3361F7F1C04EB37
:105680008600856CE868002804DB574502D2B8F133
:10569000000FBDD0E06EC019E06602D02046FEF7D4
:1056A000ADF9B8F1010FE66502D00120BDE8F88F31
:1056B000E26F0020C9F80020C4F87CB0F6E70000D3
:1056C0002DE9F041044600681E46D0F80032DB07A1
:1056D00019D1D0F8003223F0787343EA415121F414
:1056E000F81141EA024141F00D01C0F8001200F04A
:1056F0000DFC4FF47A77054608E000BF00F006FC89
:10570000401BB84202D90120BDE8F0812068D0F8E2
:105710000002C007F2D12068D0F8040280B23060E5
:105720000020F1E72DE9F04700F118058046012738
:10573000D5E90A641BE000BF05EB8409761ED9F8A1
:105740001400D0B104EB4402D8F80C100C2303EB86
:10575000C202895800290DDB00F0ECF90021C9F8DC
:105760001410641C042C00D3241FC5E90A640EB174
:10577000002FE1D10020BDE8F087641C042CF6D393
:10578000241FF4E71CB5044610480AF0BFFF0300CD
:105790000FD003F1200020600D484FF4C061186164
:1057A00041222068CDE90001002108460CF0F4FEFA
:1057B0001CBD084801210022A0F118031970D0F87F
:1057C0004C11491CC0F84C1122601CBD10BF0108CF
:1057D000252C0108F44900240448D0F80811491C7C
:1057E000C0F80811183880680CF060BCF449002437
:1057F00030B5A2F12004002525602581638105686C
:105800001DB10D682C600C6004E00460FBE70189A9
:105810001944018100680028F9D1D1181F3122F004
:105820001F0021F01F01091A00290BDDBFF34F8F64
:10583000054A1060203020390029FADCBFF34F8F71
:10584000BFF36F8F30BD00005CEF00E010B519B101
:10585000D0F88420102A01D0012010BDFDF7FAFFF6
:10586000002010BD70B505460068D0F8000220F495
:10587000706402F059F81049884202D244F400746E
:1058800016E00E49884202D244F4407410E00C49FC
:1058900088420DD30B49884202D244F4807407E059
:1058A0000949884202D244F4806401E044F4A064CF
:1058B0002868C0F8004270BDC00E1602008793032E
:1058C00000E1F50580D1F00880B2E60E70B504461F
:1058D000D0F88400102801D0012070BD2325C4F821
:1058E000845001210420A165E0662046FEF786F879
:1058F00020684DF2C10100F58050D0F8042142F03B
:105900000102C0F80421206800F58050D0F8082179
:1059100042F00102C0F80821206800F58050D0F85C
:10592000602142F48172C0F860212068D0F8002D17
:1059300042F00102C0F8002D2068026842F0020225
:1059400002602068026842F001020260206800F5EF
:105950008050D0F834210A43C0F83421C4F8845070
:10596000002070BD10B5D0F88410232901D001208B
:1059700010BD23214DF2C104C0F88410002102683B
:1059800002F58052D2F83431A343C2F834310268B0
:1059900002F58052D2F8043123F00103C2F8043139
:1059A000026802F58052D2F8083123F00103C2F8F0
:1059B00008310268136823F0010313600268D2F80B
:1059C000003D43F00103C2F8003D0268136823F074
:1059D0000203136000EB8102926CD368491C042916
:1059E00023F08043D360F5D3002282651021C0F8F4
:1059F0008410104610BD2DE9F0411546044621B132
:105A0000D4F88400232805D055E0D4F8880040F06D
:105A1000010008E000222046FDF7A4FB30B1D4F8D5
:105A2000880040F00200C4F8880044E0BFF34F8FC4
:105A3000A06A04EB8001401C04288E69A06201D397
:105A4000001FA0620146206804EB810100F5805030
:105A50008969C0F8201100F059FA07461CE0206857
:105A600000F58050D0F86001C0040DD5D4F888004E
:105A700040F00800C4F88800206800F58050D0F895
:105A80006001C4F88C0016E0681C05D000F03EFAF6
:105A9000C01BA84206D82DB1F0680028DFDB00202B
:105AA000BDE8F081D4F888104FF0405041F0040177
:105AB000C4F88810F0600120F2E710B5044621B167
:105AC000D4F88400232805D011E0D4F8880040F0F1
:105AD00001000AE0486B0122E0632046FDF742FB2B
:105AE00038B1D4F8880040F00200C4F888000120E2
:105AF00010BDBFF34F8FA06A401CA062042801D3E1
:105B0000001FA0620146206804EB810100F580506F
:105B10008969C0F82011002010BD00000448D0F8A9
:105B20000C11491CC0F80C111838C0680CF0BEBA32
:105B3000F44900240CF0C2BF7047000070B5044661
:105B40000068D0F80052ED071FD1D0F800029BB2D8
:105B5000124D20F07870C5F8043240EA415020F42C
:105B6000F81040EA024020F00C00001D40F0010057
:105B7000C5F8000200F0CAF94FF47A76054606E04F
:105B800000F0C4F9401BB04201D9012070BD20686B
:105B9000D0F80002C007F3D170BD000000800240C1
:105BA0002DE9F047B6B0142130A8FAF763FF3C485E
:105BB0000168002970D101260660C0216846FAF705
:105BC00059FF02244FF08009002368463C2798467D
:105BD000CDE903740594320606940525CDE90793B3
:105BE000129409938DE82C0001F09AF808B1FDF7A2
:105BF0006BFF2C48016841F480510160006830A9B6
:105C00000C2700F4805035904FF63F0081E851009A
:105C100003252548CDE9335700F052F830A92C2050
:105C200081E851002148CDE9335700F049F830A907
:105C300048F2371081E851001D48CDE9335700F094
:105C40003FF830A94FF6837081E851001948CDE93B
:105C5000335700F035F830A94CF20370DFF858A044
:105C600081E85100CDE93357504600F029F8092169
:105C7000CDF8C09011484646CDE93351CDE93148C1
:105C800030A900F01DF830A9302081E85100CDE99D
:105C90003357504600F014F836B0BDE8F0870000E6
:105CA00090490024D444025800140258001C0258A1
:105CB0000018025800100258000C02580008025840
:105CC0002DE9F84F03247D4D00234FF001094FF0DB
:105CD000B04B4FF00F0AE9E009FA03F73A4076D0EB
:105CE0000E7906F00306012E01D0022E18D1D0F84D
:105CF00008C04FEA430ECE6804FA0EF82CEA080CEE
:105D000006FA0EF646EA0C068660D0F804C00E7954
:105D10002CEA070CC6F300169E4046EA0C064660C5
:105D20000E79F643B6070BD0C6684FEA43088F6872
:105D300004FA08FC26EA0C0607FA08F73743C7609E
:105D40000E7906F00306022E12D1DE080F694FEA23
:105D5000437C00EB8606B646366A4FEADC6C0AFAEC
:105D60000CF807FA0CF726EA08063743CEF820703D
:105D70000F7906684FEA430807F0030704FA08FCA6
:105D800007FA08F726EA0C06374307604E6816F450
:105D9000403F1CD04A4E376847F0020737603668EC
:105DA0009F0706F00206009623F0030606F1B046B0
:105DB000B6463F0FD6F80864DFF808810AFA07FCF8
:105DC000404526EA0C0603D14FF0000C41E06CE0A0
:105DD000DFF8F4C0604502D14FF0010C39E0DFF884
:105DE000ECC0604502D14FF0020C32E0DFF8E0C0B9
:105DF000604502D14FF0030C2BE0DFF8D8C06045BE
:105E000002D14FF0040C24E0DFF8CCC0604502D191
:105E10004FF0050C1DE0DFF8C4C0604502D14FF023
:105E2000060C16E0DFF8B8C0604502D14FF0070C51
:105E30000FE0DFF8B0C0604502D14FF0080C08E079
:105E4000DFF8A4C0604502D14FF0090C01E04FF02B
:105E50000A0C0CFA07FC4CEA060CCEF808C44F6892
:105E6000DBF80060FF0226EA020600D516435F4613
:105E7000CBF80060D1F804C0DBF804605FEA8C2C3A
:105E800026EA020600D516437E606E684F6826EA51
:105E90000206BF0300D516436E602E684F6826EADF
:105EA0000206FF0300D516432E605B1C0A6832FA17
:105EB00003F67FF411AFBDE8F88F000080000058B2
:105EC000F444025800000258000402580008025826
:105ED000000C025800100258001402580018025812
:105EE000001C025800200258002402580069084093
:105EF00000D0012070470AB1816170470904FBE7B7
:105F000001480068000C70470010005C0148806880
:105F100070470000444C0024024881680278114414
:105F200081607047444C0024032010B500F0A6FAAD
:105F300001F01CFD0F4A104914681368C4F30322D2
:105F400003F00F038A5CC95C02F01F0201F01F011D
:105F5000D0400A4A20FA01F11160094908600F2077
:105F600000F010F808B1012010BD00F047FA002041
:105F700010BD00001844025854BF0108544C0024BE
:105F8000504C002470B50D4D04462878A0B14FF454
:105F90007A71B1FBF0F00A490968B1FBF0F002F048
:105FA000FDF948B9102C07D200222146501E00F0FE
:105FB00045FA00206C6070BD012070BD444C002487
:105FC000504C00242DE9F041044690F8A0001646FC
:105FD0000F4601281DD0012584F8A050022084F826
:105FE000A10006EB860000EBC600342204EB800023
:105FF0003830FAF7E3FC32463946204603F09AF986
:10600000216800204D6284F8A15084F8A000BDE80A
:10601000F0810220FBE700000749D1F88820521CDC
:10602000C1F88820D0F8A420C1F88C200068416B0A
:1060300041F0060141637047948F01242DE9F0413E
:106040000446006800274FF00408856B466B69071B
:1060500015D5710713D5426B22F004024263206804
:10606000C0F83C80D4F8A40040F00100C4F8A400BB
:1060700084F8A180204684F8A070FFF7CDFFA80720
:1060800016D5B00714D520680222436B23F0020313
:1060900043632068C263D4F8A40040F00200C4F84F
:1060A000A40084F8A180204684F8A070FFF7B4FF14
:1060B00005EA06004FF00108C0070ED021684A6BC0
:1060C00022F001024A632168C1F83C8084F8A18073
:1060D000204684F8A07000F091F8280710D530070A
:1060E0000ED520680822436B23F008034363206821
:1060F000C26384F8A180204684F8A07000F02EF9D5
:10610000BDE8F0812DE9F041040004D094F8A1002D
:10611000002518B107E00120BDE8F081204684F891
:10612000A05000F06DF83448022184F8A11001223B
:1061300002CC8B6923F070438B6194E84A001943C9
:10614000E3681E4354F8043D31439E69314399612D
:1061500021688B6803408B602168A68AA7698B68D9
:106160003B4343EA06438B602168CB680340CB6026
:106170002168A38B276ACE683E4346EA0346CE6079
:1061800021680B6903400B612368A68CA76A196913
:10619000394341EA0641196121684B6903404B616B
:1061A0002068A38D266B4169314341EA0341416177
:1061B000236894F8351094F83600DE6A000406F07F
:1061C0007F46DE62236840EA012094F83460D96A91
:1061D00031430143D9622068416B41F006014163BC
:1061E0002068816941F001018161C4F8A45084F8FC
:1061F000A120002090E7000000F800F070470000A8
:10620000F0B5B7B00446142130A8FAF733FCC0212A
:106210006846FAF72FFC4A49206888427ED100215F
:106220004FF4006C0C464004CDE90FC1CDE90001EC
:1062300011910AA90225684605225823042612272F
:1062400081E8EC0000F06CFD08B1FDF73DFC3D4835
:10625000016841F008010160006800F00800359015
:106260003848001F016841F480710160016801F441
:1062700080713591016841F020010160016801F0F1
:1062800020013591016841F080010160016801F051
:1062900080013591016841F040010160016801F021
:1062A00040013591016841F001010160006832AAA6
:1062B000032600F00100359040F2F760CDE930058B
:1062C0000E27214882E8D00030A9FFF7F9FC4FF4EF
:1062D000806032AACDE930051C4830A982E8D000A0
:1062E000FFF7EEFC4FF47E4032AACDE930051848A6
:1062F00030A982E8D000FFF7E3FCC02032AACDE944
:106300003005144830A982E8D000FFF7D9FC0D21F0
:1063100032944FF48070CDE9336100E00DE0CDE9B7
:1063200030050D4830A9FFF7CBFC0022052158208D
:1063300000F084F8582000F073F837B0F0BD00008A
:1063400000100050E4440258002002580014025883
:10635000001C025800180258000002587047000044
:10636000154BF0B5083B427813491A600B680A1FB9
:1063700023F001030B6043681360057BC67A827AC1
:10638000437B2D07847B45EA0665C77B90F809C0EF
:10639000067A90F800E045EAC24040EA834040EACD
:1063A000444040EA074040EA0C2040EA460040EA08
:1063B0000E000860F0BD0000A0ED00E0BFF35F8FAD
:1063C000044800210368034A23F4803303607032D9
:1063D0001160704724ED00E0074A40F001000649D3
:1063E00070321060086840F480300860BFF34F8F4F
:1063F000BFF36F8F7047000024ED00E0074882B0C4
:10640000016841F002010160006800220F2100F0E4
:1064100002000090901E02B000F010B8F444025840
:10642000002809DB410900F01F028900012001F169
:10643000E0219040C1F80001704700000E4BF0B41D
:106440001B680D46C3F30223C3F10706042E00D9CF
:106450000426191D072901D2002300E0DB1E0124B8
:1064600004FA06F19C40491E2940641E99401440DC
:106470002143F0BC05F068B90CED00E0064900F0DE
:10648000070210B54FF6FF040868044B204040EAAD
:1064900002201843086010BD0CED00E00000FA0572
:1064A0007047D0F8E00404F0F7BA01EBC10200EB4A
:1064B0008202D0F8E004126A04F04ABA01EBC10289
:1064C00000EB8202D0F8E004D2F8602204F09CBA1B
:1064D000D0F8E00404F0E2BA0A0601F00F0101EB83
:1064E000C10100EB810101D5143101E001F5157105
:1064F000006804F0C1BF70B50279044601F00F00D6
:10650000904201D9012070BD01F00F024FF000054B
:106510000B0602EBC2014FF0010204EB810102D530
:106520004A75143103E081F8555201F515718D70EB
:10653000087094F89404012808D084F89424206802
:1065400004F024FE002084F8945470BD022070BD35
:106550002DE9F04101F00F0604460D064FF0010051
:1065600006EBC6014FF0000504EB810102D548752A
:10657000143103E081F8555201F515714F788A60A6
:106580000B710E7007B14E83022B00D14D7194F840
:106590009424012A09D084F89404206804F07CFD36
:1065A000284684F89454BDE8F0810220FBE770B5DA
:1065B00001F00F05002405EBC50100EB810101F599
:1065C000187181E81C0001F80B4C01F80C5D83790F
:1065D000012B00D1CA618279006804F02FFE0020EF
:1065E00070BD70B50D460179044605F00F00884274
:1065F00001D9012070BD29064FF000064FF00102BD
:1066000006D500EBC00104EB81014A75143107E0A7
:1066100005EBC50104EB810181F8556201F51571A7
:106620008A70087094F89404012807D084F89424A0
:10663000206804F0D7FD280702D007E0022070BDD3
:10664000A17904F29C42206804F074FD002084F8D3
:10665000946470BD70B501F00F04002504EBC40113
:10666000012600EB8101203181E82C0001F80B6C40
:1066700001F80C4D8379012B00D1CA618279006841
:1066800004F0DCFD002070BD2DE9FC5F05680446C8
:10669000284604F06BFF00287ED1206804F092FFAA
:1066A000002879D0D5F80808C0F30D20C4F8D40428
:1066B000206804F087FF800704D52068416901F055
:1066C00002014161206804F07DFFC10604F29C4094
:1066D000009035D52068816921F0100181612F6A11
:1066E00007F00F01C7F3434001EBC101022804EB9F
:1066F000810606F5157602D0062812D01BE047F673
:10670000F070074217D0C7F30A12F16817462846FF
:1067100004F05CFF7169F068394471613844F060DD
:1067200009E000990822284604F050FF7069C7F379
:106730000A11084470612068816941F0100181618B
:10674000206804F03FFF00034FF0080B4FF0000AF1
:106750004FF001097CD52068002604F012FF07469F
:1067600074E0F80770D02068F1B204F023FF80468F
:10677000C00707D005EB4611C1F8089B31462046FB
:1067800003F0EAFC5FEA087024D505EB4611C1F876
:1067900008BBFA49206800E03EE2026C00EB4610BC
:1067A00001928A42D0F8081B05D9090403D54FF499
:1067B0000041C0F8081B204600F069FAEF49019833
:1067C000884207D9A079012804D120680121009AC4
:1067D00004F0B0FC5FEAC86004D505EB4611102058
:1067E000C1F8080B5FEA88701DD56869000605D5F9
:1067F000D5F8040840F48061C5F8041806EBC6001B
:1068000004EB800090F8571200F51570012905D1AE
:1068100080F803A02046F1B200F004FA05EB46111F
:106820000220C1F8080B5FEA886004D505EB461129
:106830002020C1F8080B5FEA884005D505EB46111A
:106840004FF40050C1F8080B7F08761C002F88D148
:10685000206804F0B7FE40036ED5206804F08AFE7D
:106860000026074666E0F80762D02068F1B204F01F
:106870008FFE8046C00723D0D5F8342806F00F01DC
:1068800005EB461309FA01F18A43C5F83428C3F829
:106890000899A07901280FD106EBC60004EB80000F
:1068A000D0E907211144016236B9606A20B9206835
:1068B0000121009A04F03EFC2046F1B2FFF7F5FDFD
:1068C0005FEA087003D505EB4611C1F808B95FEA25
:1068D000C86004D505EB46111020C1F808095FEA2D
:1068E000486004D505EB46114020C1F808095FEA6D
:1068F000887016D53146284604F00DFE06EBC6001A
:1069000004EB8000C17D1430012905D180F803A07B
:106910002046F1B200F082F905EB46110220C1F8E1
:1069200008095FEA086003D53146204603F07AFC87
:106930007F08761C002F96D1206804F043FE0028C3
:1069400011DAD5F8040820F00101C5F8041894F80C
:10695000CC0401283BD0204600F07EF92068416934
:1069600001F000414161206804F02CFE00050BD5C8
:10697000D5F80808C00702D0204600F08FF920683B
:10698000416901F400614161206804F01BFE0001CF
:106990000AD52068416901F00061416194F8CC0496
:1069A000E0B1204600F07AF9206804F00BFEC00444
:1069B00072D5D5F8040820F00101C5F80418206844
:1069C000102104F0A8FD00214FF67F322DE00021B8
:1069D000204684F8CCA4FFF763FDBFE784F8CC948D
:1069E0002068406D0121C0F38300C4F8D004204624
:1069F000FFF756FDD8E700BF05EB4110C0F80829A6
:106A0000D0F8003923F40013C0F80039C0F8082B7F
:106A1000D0F8003B23F40013C0F8003BD0F8003B53
:106A200043F00063C0F8003B491C20798842E3D85A
:106A3000D5F81C0840F00111C5F81C18E07B68B1BE
:106A4000D5F8840840F00B01C5F88418D5F844083F
:106A500040F00B012846C5F844180DE0D5F814089D
:106A600042F22B010843C5F81408D5F8100840F08D
:106A70000B012846C5F81018D0F8000820F4FE6174
:106A8000C5F80018A1792068009A04F053FB20682B
:106A9000416901F480514161206804F093FD800454
:106AA00015D5206804F038FB206804F052FDE07131
:106AB00000F03AFFE2790146206804F0B9FD204673
:106AC00000F0B4F82068416901F400514161206888
:106AD00004F078FD000707D5204600F0C1F82068D3
:106AE000416901F008014161206804F06BFD000676
:106AF00016D5A869012620F08001A9610DE000BF2C
:106B000006EBC60004EB800090F85702012803D181
:106B10002046F1B2FFF7E0FC761C2079B042EFD8B6
:106B2000206804F04FFDC0021FD501264F4614E037
:106B300006EBC60105EB461004EB8101D0F8000915
:106B40000A7E012A08D1002806DAF0B2CF7540F09B
:106B500080012046FFF7C0FC761C2079B042E7D8C0
:106B60002068416901F480114161206804F02AFD28
:106B7000800234D501204B4629E000000A30544FF2
:106B800000EBC00205EB401104EB8202D1F8001BC0
:106B900092F85862012E19D1002917DA94F8D464BA
:106BA00001F4803106F00106B1420FD182F857326C
:106BB000A96941F08002AA616969090606D4D5F87D
:106BC000040840F40070C5F8040803E0401C217973
:106BD0008142D5D82068416901F4001141612068E3
:106BE00004F0F0FC400007D52046FFF75AFC20686F
:106BF000416901F080414161206804F0E3FC4007F5
:106C00000AD520684568680702D52046FFF760FC72
:106C10002068416829434160BDE8FC9FD0F8E0044A
:106C200003F05BBFD0F8E00403F06BBF70B504461F
:106C3000C079012570B1022801D0FCF745FFD4F8D6
:106C4000E004294603F0CCFFD4F8E004BDE870402E
:106C500003F080BF0025F2E7D0F8E00403F0A9BFFD
:106C6000D0F8E00403F0AFBF10B5044690F89404E8
:106C700001280AD00120617484F89404206804F08B
:106C8000C5FC002084F8940410BD022010BDD0F88B
:106C9000E02400F29C41104603F0AEBF10B504465C
:106CA000D0F8E00403F0E1FF2068D0F8001E41F0C6
:106CB0000101C0F8001EE07A002804D002480168F3
:106CC00041F00601016010BD10ED00E0134970B500
:106CD0000A68D243520705D5096801F007018142CD
:106CE00013D118E00A6822F0070202430A60FFF796
:106CF0000DF90A4D4FF47A760446083D07E000BFCF
:106D0000FFF704F9001BB04201D9012070BD2868CB
:106D1000C0438004F4D4002070BD00000C48025829
:106D20002DE9FE4F0546DFF8E48350F8081B0024E8
:106D3000F64FC943019005F12800264608F12408C2
:106D4000009008011DD4A86E50B1B0F5801F0CD082
:106D5000B0F5001F0ED0B0F5401F1ED001240FE08B
:106D6000386840F40030386017E00198022103F0E1
:106D7000ABFA03E00098022103F036FB04000CD0CC
:106D800026462888C043C00523D4A86D05281ED2F6
:106D9000DFE800F00C11161B1B00AA6ED8F80010DB
:106DA00021F440111143C8F80010EAE7386840F4B4
:106DB0000030386009E00198002103F085FA03E013
:106DC0000098002103F010FB044674B100E0012498
:106DD00026462888C043800528D4E86D80281ED028
:106DE0000CDC90B140280ED114E0AA6DD8F8001048
:106DF00021F007011143C8F80010EAE7C02813D0BA
:106E0000B0F5807F10D001240FE0386840F40030E6
:106E1000386009E00198002103F056FA03E0009879
:106E2000002103F0E1FA04469CB126462888DFF8E9
:106E3000DC92C04309F12C0940052CD4D5F8A800F8
:106E4000B0F5800F20D00DDCA0B1B0F5001F0FD140
:106E500015E0EA6DD8F8001021F4E0711143C8F88C
:106E60000010E3E7B0F5C00F13D0B0F5000F10D05D
:106E700001240FE0386840F40030386009E00198E0
:106E8000002103F021FA03E00098002103F0ACFA9E
:106E900004467CB126462888C04300052DD4D5F889
:106EA000AC00B0F1007F21D00EDCA8B1B0F1807F42
:106EB00010D116E0D5F8A820D9F8001021F460010F
:106EC0001143C9F80010E6E7B0F1407F13D0B0F1EC
:106ED000806F10D001240FE0386840F40030386033
:106EE00009E00198002103F0EFF903E00098002188
:106EF00003F07AFA044674B126462868C04380013C
:106F00001FD4E86CD8B110280FD0202812D0302818
:106F100015D0012414E0D5F8AC20D9F8001021F0E8
:106F2000E0611143C9F80010E7E7386840F4003029
:106F3000386004E00198022103F0C6F9044674B1F8
:106F400026462888C043C0042BD4286EB0F5005FC5
:106F500020D00DDCA0B1B0F5805F0FD115E06B48FB
:106F6000EA6C2030016821F0300111430160E8E74C
:106F7000B0F5405F13D0B0F5804F10D001240FE082
:106F8000386840F40030386009E00198002103F0CF
:106F90009BF903E00098002103F026FA04468CB127
:106FA00026462888C043800429D4686EB0F5403F47
:106FB00023D010DC08B3B0F5803F14D0B0F5003F0B
:106FC0000FD115E02A6ED8F8001021F4E0411143EA
:106FD000C8F80010E5E7B0F5802F0ED0B0F5A02F6F
:106FE0000BD001240AE00198012103F06DF903E0C0
:106FF0000098012103F0F8F9044694B12646288848
:10700000C04340042AD4D5F8B000B0F1405F23D08B
:1070100010DC08B3B0F1805F14D0B0F1005F0FD185
:1070200015E06A6ED8F8001021F4E0211143C8F889
:107030000010E4E7B0F1804F0ED0B0F1A04F0BD0BC
:1070400001240AE00198012103F03EF903E00098D1
:10705000012103F0C9F9044674B126462888C043CB
:1070600000041FD4286FD8B1B0F1805F0ED0B0F10A
:10707000005F10D0012414E0D5F8B020D9F800103A
:1070800021F0E0411143C9F80010E7E7386840F407
:107090000030386004E00198012103F015F904463E
:1070A00074B126462868C043C0011ED4A86CD0B174
:1070B00001280ED0022811D0032814D0012413E097
:1070C0002A6FD8F8001021F040511143C8F8001081
:1070D000E8E7386840F40030386004E001980221A5
:1070E00003F0F2F80446ACB126462868DFF81CB07D
:1070F000C043ABF11C0B400252D40548016841F477
:1071000080710160FEF702FF824611E02C440258B4
:1071100000480258FA48AA6C016821F003011143A3
:107120000160E2E7FEF7F2FEA0EB0A00642835D822
:10713000F4480068C005F5D58CBBDFF8C4A3B5F8EA
:10714000B4100AF1240ADAF8000001F4407100F4E6
:107150004070884211D0DAF80010DAF8002021F4EB
:10716000407142F48032CAF80020DAF8002022F49C
:107170008032CAF80020CAF80010D5F8B400B0F583
:10718000807F1AD1FEF7C2FE029012E0FEF7BEFE2B
:107190000299411A41F2883081420AD903242646D5
:1071A0002878DFF85CA3C0430AF1080AC00721D0A1
:1071B0003CE0DAF800008007E8D5D5F8B410C1F358
:1071C0000120032858460DD0016821F47C5101604C
:1071D000B5F8B420DAF80010C2F30B021143CAF874
:1071E0000010DDE7C84A036802EA111223F47C515B
:1071F0001143ECE7E86F182816D005DCA0B1082889
:1072000008D0102804D10AE020280DD028280BD05F
:1072100001240AE00198012103F056F803E00098E8
:10722000012103F0E1F8044664B126462878C04302
:1072300080071ED4A86F062819D2DFE800F0160CCC
:1072400011161616EA6FDAF8001021F03801114312
:10725000CAF80010EAE70198012103F035F803E0CD
:107260000098012103F0C0F804467CB100E001243D
:1072700026462878C04340071FD4D5F89400062836
:1072800019D2DFE800F0160C11161616AA6FDAF8FC
:10729000001021F007011143CAF80010E9E7019836
:1072A000012103F011F803E00098012103F09CF89C
:1072B0000446A4B100E0012426462878C043800695
:1072C0002BD4D5F89000B0F1405F24D011DC10B37E
:1072D000B0F1805F15D0B0F1005F10D116E0D5F8A5
:1072E0009420D9F8001021F007011143C9F80010CB
:1072F000E3E7B0F1804F0ED0B0F1A04F0BD00124E6
:107300000AE00198002102F0DFFF03E0009802216B
:1073100003F06AF8044694B126462878C043400634
:107320002BD4D5F89C00B0F5406F24D011DC10B3FD
:10733000B0F5806F15D0B0F5006F10D116E0D5F81C
:107340009020DAF8001021F0E0411143CAF8001053
:10735000E3E7B0F5805F0ED0B0F5A05F0BD001245D
:107360000AE00198002102F0AFFF03E0009802213B
:1073700003F03AF8044694B126462878C043000644
:107380002BD4D5F8A000B0F5C04F24D011DC10B339
:10739000B0F5005F15D0B0F5804F10D116E0D5F8EC
:1073A0009C20D9F8001021F4E0511143C9F80010D5
:1073B000E3E7B0F5004F0ED0B0F5204F0BD001241D
:1073C0000AE00198002102F07FFF03E0009802210B
:1073D00003F00AF8044654B126462878C043000753
:1073E0001ED4D5F88400B0F5805F0AD00FE0D5F840
:1073F000A020D9F8001021F460411143C9F8001011
:10740000EBE70098022102F0EFFF00B10126D5F86A
:107410008420DAF8001021F440511143CAF800101A
:107420002878C043C00613D4D5F89800B0F5807F03
:1074300005D10098022102F0D7FF00B10126D5F84E
:107440009820D9F8001021F440711143C9F80010B8
:107450002868C043000316D4D5F8A40038B1B0F5AD
:10746000803F09D0B0F5003F0BD001240AE001981D
:10747000002102F029FF03E00098022102F0B4FF8E
:1074800004468CB126462868C043400322D4D5F870
:107490008800B0F5801F11D0B0F5001F13D0B0F5F3
:1074A000401F15D0012414E0D5F8A420D9F800100D
:1074B00021F440311143C9F80010E4E7386840F482
:1074C0000030386004E00098012102F08DFF04468E
:1074D0005CB126462868C043C00323D4286DA8B1F8
:1074E000B0F5803F17D001241BE0D5F88820DAF8EA
:1074F000001021F440111143CAF80010EAE700001F
:107500004C44025800480258CFFFFF00386840F44E
:107510000030386004E00198022102F0D5FE0446F4
:10752000E4B126462868C043800005D400980221B3
:1075300002F05AFF00B101262868C04380031BD423
:10754000D5F88000B0B1B0F5807F0FD0B0F5007FE6
:1075500010D0B0F5407F0DD001240CE05A482A6DC0
:10756000016821F4803111430160DBE7386840F4A1
:1075700000303860ECB326462868C043C00207D408
:107580006A6FD8F8001021F000411143C8F80010CC
:107590002868C043C00008D4D5F8B820DBF8001034
:1075A00021F480411143CBF800102868C0438002C9
:1075B00007D4EA6ED8F8001021F080711143C8F8A2
:1075C00000102868C04340000CD4DBF8001021F400
:1075D0000041CBF80010DBF80010D5F8BC201143B7
:1075E000CBF800102868C04308D437486A6D01689A
:1075F00000E018E021F04051114301602868C043C9
:10760000000208D4D5F88C20DAF8001021F44001EB
:107610001143CAF8001028790024C04300F001008B
:1076200020430AD00FE0D5F88020DAF8001021F4CA
:1076300040711143CAF800109EE70198002102F042
:1076400043FE00B106462879C04300F00200204303
:1076500005D10198012102F037FE00B106462879D4
:10766000C04300F00400204305D10198022102F03C
:107670002BFE00B106462879C04300F008002043E5
:1076800005D10098002102F0AFFE00B1064628792E
:10769000C04300F01000204305D10098012102F002
:1076A000A3FE00B106462879C04300F02000044341
:1076B00004D10098022102F097FE00B916B1012012
:1076C000BDE8FE8F0020FBE74C4402582DE9F05F37
:1076D00004000F467ED0DFF83882D8F8000000F0B2
:1076E0000F00B8420CD2D8F8001021F00F01394336
:1076F000C8F80010D8F8000000F00F00B84269D1B7
:107700002078844D40070AD52069296801F070016E
:10771000884204D9296821F070010143296020784A
:107720007C4E361D00070AD56069316801F0700192
:10773000884204D9316821F070010143316020781A
:10774000C0060AD5A069316801F4E061884204D915
:10775000316821F4E061014331602078DFF8B4B191
:1077600080060BF1080B0CD5E1695846DBF80020C8
:1077700002F07002914204D9026822F070020A43BA
:107780000260207880070AD5E068296801F00F01BF
:10779000884204D9296821F00F010143296020782B
:1077A000C0073ED05B49A2682868183920F4706091
:1077B000104328606068022818D0032819D009688F
:1077C000012819D0490700294ADADFF848A1AAF1AF
:1077D000080A00E044E0DAF8002022F00702024341
:1077E000CAF80020FEF792FB814612E0096889037F
:1077F000E9E709688901E6E7C905E4E7FEF786FBE2
:10780000A0EB090141F28830814202D90320BDE892
:10781000F09F6168DAF8000000F03800B0EBC10FAB
:10782000ECD1207880070AD5E068296801F00F01C3
:10783000884204D2296821F00F0101432960D8F859
:107840000010404601F00F01B9420BD9016821F048
:107850000F0139430160006800F00F00B84201D009
:107860000120D4E7207840070AD52069296801F073
:107870007001884204D2296821F070010143296017
:10788000207800070AD56069316801F070018842EC
:1078900004D2316821F07001014331602078C006C4
:1078A0000AD5A069316801F4E061884204D23168E8
:1078B00021F4E06101433160207880060CD5E16954
:1078C0005846DBF8002002F07002914204D20268B0
:1078D00022F070020A43026000F048F80E492A685C
:1078E0002B68C2F3032203F00F038A5CC95C02F029
:1078F0001F0201F01F01D040084A20FA01F1116077
:107900000749086007480068BDE8F05FFEF73ABB2A
:10791000002000521844025854BF0108544C00245F
:10792000504C0024484C002430B500F01FF80B4A9E
:107930000B490C4B15681468C5F3032204F00F04BF
:107940008A5C095D02F01F0201F01F01D040064A67
:1079500020FA01F119601060084630BD1844025841
:1079600054BF0108544C0024504C0024454970B5C4
:1079700045480968434B103B11F0380208D001110B
:10798000082A03D0102A0BD0182A0BD0084670BD45
:1079900019688906FBD51968C1F3C101C84070BDDB
:1079A0003A4870BD3749374D18310C1D24350A68E7
:1079B000096826682D6802F0030406F00102C1F38D
:1079C0000511C5F3CC0515FB02F200EE102AB8EE46
:1079D000400AE9B32F4ADFED2E0AB7EE001A6CB168
:1079E000DFED2D1A012C01D0022C43D002EE101A2B
:1079F0001068F8EE422A81EEA22A1EE01C68A40656
:107A000011D51B6801EE901A1168C3F3C103F8EE9B
:107A1000612AD84001EE900AC1F30800F8EE611A1D
:107A200081EEA22A0BE001EE901ADFED1C2A00BFC6
:107A3000F8EE611A106882EEA12AC0F3080001EE88
:107A4000900AF8EE611A40EE201A31EE810A00E049
:107A500015E022EE000A1068C0F34620401C00EE3C
:107A6000900AF8EE600A80EE201ABCEEC10A10EE11
:107A7000100A70BD01EE901ADFED092AD8E7002048
:107A800070BD0000104402580090D00340787D0182
:107A900000000039304402580024744A0024744C19
:107AA00020BCBE4B2DE9F05F04007DD0FF4F207855
:107AB000FE4D1837DFF8F493103DC00748D0D9F8D1
:107AC0000000396800F03800102815D0182803D1BC
:107AD00001F0030002280FD06068B0F5803F12D09B
:107AE00010B1B0F5A02F18D0286820F4803028609D
:107AF000286820F4802009E02868800328D5606881
:107B00000028D2D024E0286840F4803028606068E3
:107B100088B1FEF7FBF9064609E0286840F48020AA
:107B20002860F0E7FEF7F2F9801B64286FD8286818
:107B30008003F7D50CE0FEF7E9F9064605E000BF43
:107B4000FEF7E4F9801B6428F0D828688003F7D496
:107B5000207841F20308D54E0C3E800769D5D9F84C
:107B60000000396810F038000ED0182801D18807BD
:107B70000AD0E06890B3296821F019010143296017
:107B8000FEF7C4F9824631E02868400702D5E06874
:107B900000288AD0E168286820F01900084328608E
:107BA000FEF7B4F9824607E0DFE000BFFEF7AEF96A
:107BB000A0EB0A000228B9D828684007F6D500BF14
:107BC000FEF79EF940451BD82069402812D0316845
:107BD00021F47C3141EA003030602AE018E000BF37
:107BE000FEF794F9A0EB0A0002289FD82868400706
:107BF000F6D5E5E7306820F47C3040F40030EBE760
:107C0000207C316821F0FE4141EA0060E4E70DE1AB
:107C1000286820F001002860FEF778F9824605E028
:107C2000FEF774F9A0EB0A0002288DD828684007F7
:107C3000F6D42078C0065DD5D9F80000DFF86CB224
:107C4000396800F03800ABF1040B082810D0182870
:107C500003D101F0030001280AD0E0690028286858
:107C600038D040F080002860FEF750F9824623E0CB
:107C70002868C00523D5E069802876D11FE0206AF6
:107C8000202821D0316821F0F84141EA806030603D
:107C900030E000BF94F82010DBF8002022F07C5286
:107CA00042EA0161CBF8001024E000BFFEF72EF994
:107CB000A0EB0A00022898D82868C005F6D5FEF780
:107CC0001FF94045E6D8DAE7306820F0F84040F088
:107CD0008040DCE720F080002860FEF717F90646B8
:107CE00005E000BFFEF712F9801B02289DD8286826
:107CF000C005F7D42078000729D56C486169643045
:107D000000298046016811D041F001010160FEF7B1
:107D1000FDF8064605E000BFFEF7F8F8801B0228D4
:107D2000C9D8D8F800008007F6D510E021F001018D
:107D30000160FEF7EBF8064605E000BFFEF7E6F847
:107D4000801B022872D8D8F800008007F6D420786B
:107D5000800623D5A0690028286810D040F4805000
:107D60002860FEF7D3F8064605E036E1FEF7CEF8C8
:107D7000801B02285AD828688004F7D50EE020F42A
:107D800080502860FEF7C2F8064604E0FEF7BEF811
:107D9000801B02284AD828688004F7D4207840073E
:107DA0004FD5DFF80C81D8F8001041F48071C8F885
:107DB0000010FEF7ABF8064605E000BFFEF7A6F898
:107DC000801B642832D8D8F80000C005F6D5374E9D
:107DD000A068603601280AD008B1052813D03068A1
:107DE00020F001003060306820F0040002E03068CC
:107DF00040F001003060A06841F2883A90B1FEF78F
:107E000085F880460AE0306840F004003060EEE714
:107E1000FEF77CF8A0EB0801514507D830688007D1
:107E2000F6D50EE0FEF772F8804607E084E000BF6A
:107E3000FEF76CF8A0EB080151457DD8306880074B
:107E4000F6D4606AB0B3DFF86480D9F8001008F1A6
:107E500020084FF6F87B08F10409C1F3C201032999
:107E6000A8F1040A69D00228286820F080702860F0
:107E700003D0FEF74BF8044684E0FEF747F80646C9
:107E800005E000BFFEF742F8801B022877D828687B
:107E90008001F7D4E26A40F2F331386854F8283FA1
:107EA000884340EA02101843386004E01044025846
:107EB00000480258B5E0217B434622894FF4FE0C6E
:107EC000208A4FF0FE474902267D521E401EA1F532
:107ED0000071C2F308088AB2761E0CEA004042EA3A
:107EE00008020243504607EA06610A431A60DAF8BC
:107EF000002022F00102CAF80020D9F80020266AEA
:107F000022EA0B0242EAC602C9F80020DAF80010A1
:107F1000A26921F00C011143CAF800100168E2695E
:107F200021F0020111430160016841F480310160D8
:107F3000016841F4003101E021E027E001600168BF
:107F400041F480210160016841F00101016028686D
:107F500040F080702860FDF7D9FF044605E000BFBF
:107F6000FDF7D4FF001B022809D828688001F7D547
:107F700057E000BFFDF7CAFF001B022802D903200B
:107F8000BDE8F09F28688001F4D44AE039680128F0
:107F9000D8F8000021D0A26A01F0030393421CD15B
:107FA000E26AC1F305118A4217D1216BC0F30802BE
:107FB000491E8A4211D1616BC0F34622491E91428B
:107FC0000BD1A16BC0F30642491E914205D1E16B72
:107FD000C0F30660491E814201D00120D0E7A16CA8
:107FE0004E46D9F80000C0F3CC00814219D0DAF82F
:107FF0000000554620F00100CAF80000FDF786FF9A
:108000004FEA0007FDF782FFB842FBD0A26C306850
:1080100020EA0B0040EAC2003060286840F001000E
:1080200028600020ACE7000070B504000D4603D0C6
:1080300094F82C0010B107E0012070BD002084F8F6
:108040002D00204600F018F8022084F82C0020684B
:10805000211DFBF703FED4E900022946FBF750FE81
:1080600004480121026842F00042026084F82C10AA
:10807000002070BD00400052FDF792BD10B50446CF
:1080800090F82C00022804D094F82C00012801D08C
:10809000012010BD022084F82C002068FBF713FE9D
:1080A000012084F82C00002010BD000070B50446AB
:1080B00090F82C000D46022804D0012803D0052892
:1080C00001D0012070BD022084F82C002068FBF74D
:1080D00003FE2868022805D05FF0010084F82C0018
:1080E000002070BD0520F9E7704700002DE9F0473A
:1080F00004460068002103694269876894F881603A
:1081000000F130095FEA025C03EA02050AD51A07AA
:1081100008D5816941F400618161204600F0F9F8D9
:10812000BDE8F08715F0600F08D1680706D5616FCC
:1081300020468847216F20468847012105F04100ED
:10814000012805D1680703D4216F20468847012103
:1081500005F02200022806D1680704D4616F20468A
:10816000BDE8F04708470029DAD128074FF0010899
:108170005BD52068816941F00801816120688169CF
:1081800041F0100181612068816941F400618161E1
:108190002068016921F0080101612068806810F4FD
:1081A000404F20D023E0E0680F2806D92068616E98
:1081B000006B0860606E001D0FE0072806D9B9F853
:1081C0000000616E0880606E801C06E02068616EB1
:1081D00090F830000870606E401C6066B4F86A0069
:1081E000401EA4F86A00B4F86A000028DBD12046DB
:1081F00002F090F984F88180D4F8840018B1204608
:10820000FFF772FF8CE7052E07D0042E09D0032E4E
:1082100086D1204600F07EF882E7204600F07BF809
:108220007EE7204600F074F87AE715F4587FE9D02D
:1082300068060AD5D4F8840040F00400C4F884002D
:108240002068816941F040018161A8050AD5D4F810
:10825000840040F00100C4F884002068816941F482
:1082600000718161E8050AD5D4F8840040F0080067
:10827000C4F884002068816941F480718161A80696
:108280000AD5D4F8840040F08000C4F88400206847
:10829000816941F020018161D4F884000028B1D0C7
:1082A000206840F26B32C7F381310368032923F061
:1082B000010101602068016921EA0201016102D027
:1082C00084F881809BE72068104D816821F440414B
:1082D0008160E06F50B10565E06FFCF78DF928B162
:1082E000D4F8840040F04000C4F88400A06F002857
:1082F00088D00565A06FFCF77FF900288CD0D4F8F2
:10830000840040F04000C4F8840009E7D1A50008CB
:10831000704770477047704770B5040015460E46A9
:1083200003D094F8450010B107E0012070BD002093
:1083300084F84400204600F025F8206804F1080184
:10834000FBF70EFCA26831462068FBF753FCE36A9A
:108350002946D4E90102FBF7E3FBA1680123206869
:10836000074A50F8215045F0010540F821501068A7
:1083700040F00040106084F84530002070BD0000DF
:1083800000400052FDF70CBC03490A6822F4600269
:1083900002430A607047000004040058401EB0F118
:1083A000807F10B501D3012010BD4FF0E024606143
:1083B0000F21601703F0C8F90020A0610721216197
:1083C00010BD0120FBF796FFFEE700000B4A10B539
:1083D0000B4913680B4C43F0807313600A6842F03A
:1083E00001020A604B68084A1268B2FBF4F2424389
:1083F0004868C01A9042FBD310BD0000FCED00E0BD
:10840000001000E040420F00504C002410B5074C13
:108410006068002809D013F009FB022805D1C11EAD
:108420006068BDE8104013F0A9B910BDD04D00241C
:108430002DE9F041264D0024012280468021284666
:10844000FDF759FD00264FF480776006394601227A
:10845000040E2846FDF74FFD0220FFF7B7FF8021ED
:108460002846FDF743FD012801D144F001043946B7
:1084700000222846FDF73FFD0220FFF7A7FF761CEC
:10848000082EE2D3B8F1000F1FD000222846802129
:10849000FDF731FD0220FFF799FF012239462846FA
:1084A000FDF729FD0220FFF791FF002239462846FB
:1084B000FDF721FD012228468021FDF71CFD022049
:1084C000FFF784FF2046BDE8F0810122DEE70000CF
:1084D0000004025870B5104E012280213046FDF78D
:1084E0000AFD00244FF48075304601222946FDF72D
:1084F00002FD0220FFF76AFF002229463046FDF701
:10850000FAFC0220FFF762FF641C092CECD3BDE8E3
:10851000704000F069B80000000402582DE9F041F5
:10852000214E00244FF48077054680213046EA0929
:10853000FDF7E1FC0220FFF749FF012239463046F2
:10854000FDF7D9FC0220FFF741FF002239463046F3
:10855000FDF7D1FC6806641C050E082CE5D301224A
:1085600030468021FDF7C7FC0220FFF72FFF0122D4
:1085700039463046FDF7BFFC0220FFF727FF802178
:108580003046FDF7B3FC01280BD000243946002209
:108590003046FDF7B0FC0220FFF718FF2046BDE88B
:1085A000F0810124F2E700000004025810B50D4CE0
:1085B00001224FF4C0712046FDF79DFC0220FFF719
:1085C00005FF002220468021FDF795FC0220FFF7E1
:1085D000FDFE2046BDE8104000224FF48071FDF7FB
:1085E0008ABC00000004025810B50D4C0022802106
:1085F0002046FDF780FC0220FFF7E8FE012220461E
:108600001102FDF778FC0220FFF7E0FE0122204670
:108610008021FDF770FCBDE810400220FFF7D6BEB8
:108620000004025810B5084C606800280BD013F005
:10863000FDF9022807D160680023BDE810401A4602
:10864000194612F051BE10BDD04D0024F8F786BC7B
:10865000F8B505460020009004466868002610BB67
:10866000A86800B18047202028606FF004076B697C
:1086700012216A4620469847002801DA3E460AE061
:10868000009800F01F00A04205D11F2C4FF00006FB
:108690002C6006D809E0641C1F2CE8D92C681F2C1C
:1086A00002D96FF0020602E00EB901206860304680
:1086B000F8BD88B1CA687AB18A686AB10A695AB1E4
:1086C0000A6882604A68C260CA6842618A68026158
:1086D00009698161002070474FF0FF3070472DE934
:1086E000FF4F83B098468346DDF850900598DDE94A
:1086F000105AF8F7FFF804464046F8F7FBF8AC428A
:10870000064600D36C1EB44201D9274600E0074656
:1087100000251EE0A54202D20598425D00E020221D
:10872000B9F1000F05D1B54203D218F80500904207
:108730000ED0DDE912015346CDE9000105FB0AF038
:1087400000EB40010BEB4100049980B200F00EF801
:108750006D1CBD42DED3059922464046F8F7E9F884
:10876000002108F8041007B0BDE8F08F2DE9FF4F95
:1087700083461C46A2F13000092881B004D8C0B25B
:108780003449C0EBC00008E0A2F14100192806D826
:108790003049C0B24631C0EBC000084407E03A2A75
:1087A00024D02E2A25D02D2A26D02A481C388246AD
:1087B0000F98009004EB440202980BEB420100EB8F
:1087C000C400401E83B25846491E8AB2029900F086
:1087D00024F94FF0000800250120C5F104021AF821
:1087E0000810904001420AD00E9809E01948153847
:1087F000DDE718480E38DAE71648C01FD7E70F98AC
:108800000027009016E002980026384408FB04096F
:108810000CE000BF0BEB060005FB04021FFA89F118
:1088200090B2009A00F05AF9761CF6B2A642F1D343
:108830007F1CFFB2A742E6D36D1CEDB2052DCBD352
:1088400008F1010000F0FF08B8F1070FC3D305B02D
:10885000BDE8F08F14BE01087CB5002140F6610030
:1088600040F21F3440F2DF1322460090084600F029
:10887000D4F8002140F2944646232246084600964A
:1088800000F0CBF85E2141F2C304182040F2C3137C
:1088900040F20732009400F0C0F84FF6FF75052350
:1088A00011212620CDE9005623A200F097F84FF4BD
:1088B000FC60CDE9000404237021322023A200F0E3
:1088C0008DF84FF6E070CDE900040423A621322094
:1088D00023A200F083F86811CDE900040423DC2111
:1088E000322024A200F07AF804234FF48971322058
:1088F000CDE9005424A200F071F804233220CDE920
:10890000005425A24FF4A47100F068F84BF6F75517
:108910004FF4BF7104233220CDE9005423A200F0AC
:108920005DF803234FF4D5713220CDE9005424A221
:1089300000F054F87CBD00004D30204554484552AD
:108940004E45542044454D4F0000000050524F47C3
:1089500052414D202052554E4E494E4700000000D6
:108960004E4554574F524B202057414954204C49B3
:108970004E4B0000504F20434F554E542020303076
:10898000303030303030000050494F20202020203F
:1089900020203030303000005041434B45545320AC
:1089A0002020303030303030303000004552524FCF
:1089B0005253202020203030303030303030000012
:1089C000534552564552203139322E3136382E31E8
:1089D00030302E3130302035303035002DE9FC5F1D
:1089E000984614464FF448778B46DDE90CA903EB13
:1089F000480605460AE0CDE900A9434659462846FF
:108A0000FFF7B4FE05EB460085B2641C2278002A0D
:108A100001D0BD42EFD3BDE8FC9F2DE9F047B2F590
:108A2000487F1F4616468046DDF8209017D2B7F5DE
:108A3000F07F14D2B04512D8B94210D80C460CE0E1
:108A4000454606E04A462146284600F047F86D1C98
:108A5000ADB2B542F6D9641CA4B2BC42F0D9BDE8AF
:108A6000F08700007FB500204FF6FF7410212246EA
:108A70000125CDE90250CDE9005117486946FFF7BD
:108A800015FB00BB0120FCF76DFA02200090124894
:108A900022466946FFF70AFBA8B903200090082187
:108AA0000D48224602916946FFF700FB58B94FF482
:108AB0000C712246042000900748CDE90251694616
:108AC000FFF7F4FA10B1012004B070BD024840F283
:108AD0007311FFF7D3FAF7E708510024084BB0F5FC
:108AE000487F0CD2B1F5F07F09D2A0F21F3040428E
:108AF00080B2C0EB001001EB401023F8102070474B
:108B0000000020C0024800224FF48041FDF7F3B975
:108B100000040258012202489103FDF7ECB900005D
:108B2000000402580C4A10B50C4913680C4C43F071
:108B3000807313600A6842F001020A604B68094AB8
:108B40001268B2FBF4F2424300E000BF4868C01A6A
:108B50009042FAD310BD0000FCED00E0001000E0F0
:108B600040420F00504C00243D4A3E49904208B517
:108B700007D1086840F001000860086800F00100B3
:108B800009E0394A904208D1086840F002000860C4
:108B9000086800F00200009008BD344A904207D1F6
:108BA000086840F004000860086800F00400F2E77C
:108BB0002F4A904207D1086840F008000860086812
:108BC00000F00800E7E72B4A904207D1086840F020
:108BD00010000860086800F01000DCE7264A9042A8
:108BE00007D1086840F020000860086800F0200005
:108BF000D1E7224A904207D1086840F0400008605F
:108C0000086800F04000C6E71D4A904207D1086896
:108C100040F080000860086800F08000BBE7194A57
:108C2000904207D1086840F480700860086800F43A
:108C30008070B0E7144A904207D1086840F4007091
:108C40000860086800F40070A5E7104A9042A3D1BC
:108C5000086840F480600860086800F480609AE763
:108C600000000258E044025800040258000802586C
:108C7000000C025800100258001402580018025844
:108C8000001C0258002002580024025800280258F4
:108C90000B4900220B4B10B521F81200521C9A42CE
:108CA000FAD30948BFF34F8F084A116020382031AA
:108CB0000028FADCBFF34F8FBFF36F8F10BD0000A9
:108CC000000020C000DC050000B80B0068EF00E0E9
:108CD00070B58EB000F074F834216846F7F7CAFE1C
:108CE0004FF4F0701D4B022200240294CDE90040A5
:108CF0004FF44871CDE90312FF2509935602CDE9DF
:108D0000055405228DF832408DF831408DF8304001
:108D1000CDE90762CDE90A01114800226946FDF755
:108D200051F908B1FAF7D0FE0D4801210D4A00684B
:108D3000D0F8043123F00103C0F80431C0F82C410D
:108D4000C0F834415162002205215820FDF776FB1E
:108D50005820FDF765FB0EB070BD0000000020C07C
:108D60003C5100240010005030B585B00C4605463B
:108D7000FFF7FAFE01AB009401200021032283E8F3
:108D8000070069462846FCF79BFF05B030BD000090
:108D9000F8B50A4E552001258DF80000304600F048
:108DA00045F900246F460021385D00F039F8641C55
:108DB000AC42F8D3304600F039F9F8BD58C101088B
:108DC00030B5144C012587B0A078B0B912480168BD
:108DD00041F00201016000680322002100F002005E
:108DE0000590A803CDE90212CDE900050B486946BC
:108DF000FCF766FFFFF786FEA5706078002807D1B4
:108E00002078002804D1FFF7C3FF00F02FF9257068
:108E100007B030BDCC4D0024E04402580004025895
:108E200070B50D460446012000F0A0F81420FCF7B0
:108E300099F8012000F0CBF80A20FCF793F81120F4
:108E400000F0C5F87820FCF78DF847490122B020E2
:108E500000F0DDF844490322B120083100F0D7F8D2
:108E600041490222B220091D00F0D1F83E490122F9
:108E7000B320491C00F0CBF83B490122B420891CE7
:108E800000F0C5F838490522B5200E3100F0BFF8D2
:108E900035490622B620183100F0B9F832490222CD
:108EA000C020891D00F0B3F82F490522C3201331DB
:108EB00000F0ADF80A20FCF755F82B490622C42033
:108EC0001E3100F0A4F80A20FCF74CF826490122D4
:108ED000C520C91C00F09BF80A20FCF743F8224982
:108EE0000322C6200B3100F092F80A20FCF73AF872
:108EF0001D490922D0203C3100F089F81A49092285
:108F0000D120453100F083F817490922D2203C31A5
:108F100000F07DF814490922D320453100F077F89C
:108F200011490922D4203C3100F071F80E49092280
:108F3000D520453100F06BF83A2000F048F8204683
:108F400000F055F8362000F042F8284600F04FF8BF
:108F50000A20FCF707F8292000F039F8BDE8704036
:108F60001420FBF7FFBF000034C10108024602488D
:108F700081880068FCF7BFBF309601240246024892
:108F800081898068FCF7B7BF309601240246024809
:108F9000818A0069FCF7AFBF3096012470B50024C8
:108FA00005460020FFF7EAFFE809FFF7EFFF012081
:108FB000FFF7B8FD0120FFF7E1FF0120FFF7B2FD49
:108FC0006806641C050EE4B2082CEAD370BD10B527
:108FD00004460020FFF7CAFF7020FFF7DFFF20469E
:108FE000FFF7DCFFBDE810400120FFF7BFBF10B561
:108FF00004460020FFF7BAFF7220FFF7CFFF20469C
:10900000FFF7CCFFBDE810400120FFF7AFBF70B500
:1090100015460E46FFF7DBFF002403E0305DFFF747
:10902000E6FF641CAC42F9D370BD00001822014673
:109030000D4810B5F7F7C2FC0B4CA1882068FFF76C
:1090400093FEA189A068FFF78FFEA18A2069FFF730
:109050008BFE0120FFF78AFF0120FFF78FFFBDE89D
:1090600010400120FFF792BF309601240F4830B521
:1090700087B0016841F040010160006801214FF4B0
:1090800080640B4D00F04000059000200094CDE975
:109090000110694603902846FCF712FE0122214682
:1090A0002846FCF728FF07B030BD0000E044025816
:1090B0000018025870B51B4C0125A560FFF780FE13
:1090C000FFF728FD0220A060FFF7CCFC60706078FD
:1090D00008B1607870BD0320A060FFF7F9FD124968
:1090E00012480A681249D2F8843043F00103C2F8EA
:1090F0008430D0F8AC208A4201D0C0F8AC100421F2
:109100004562A16040F66100FFF7C2FDFFF7A4FBD6
:10911000BFF34F8FFFF7FEFC25700520A0600020F5
:1091200070BD0000984900243C51002400100050FC
:10913000000020C02DE9FF4F534C06468FB0207829
:10914000002879D0012940F2FF7A4FF4784B10D0F3
:10915000022911D0032913D04CA34FF6E077242124
:109160004FA205A8F7F7E4F9608887420BD00121E8
:109170000AE04DA35746F2E750A34FF4FC67EEE731
:1091800053A35F46EBE7002141F2C3054FF02408EB
:10919000CDF800800424534BCDE90351A6213220A1
:1091A000CDE9014705AAFFF79AFA374847804EB341
:1091B000B36824214CA205A8F7F7BAF90027494B58
:1091C000CDE90084CDF808A02433DC213220CDE99C
:1091D000035705AAFFF783FA338A242146A205A87C
:1091E000F7F7A6F90DF108094FF6FF703D4B05AAF8
:1091F0004FF4897189E8A10048333220CDE9008419
:10920000FFF76DFA119B24213FA205A8F7F790F90B
:109210004FF6FF72CDF800800020324B4FF4A4715E
:10922000A946CDE90142CDE903506C3346463220D0
:1092300005AAFFF754FA00E022E0129B242136A28F
:1092400005A8F7F775F9129830B15D460E4FB8884A
:10925000854204D0012103E04BF6F755F6E70021E3
:109260000096204B322005AACDE9039190334FF4AC
:10927000BF71CDE90145FFF732FABD80BFF34F8FD3
:1092800013B0BDE8F08F0000984900244E455457B4
:109290004F524B202057414954204C494E4B00001F
:1092A000252D3233730000004E4554574F524B204A
:1092B000204C494E4B205550000000004E4554575D
:1092C0004F524B202053454E44204F4B000000008E
:1092D0004E4554574F524B202053454E4420455243
:1092E000524F5200E4510024504F20434F554E54EA
:1092F00020202530386C580050494F202020202055
:1093000020202530345800005041434B4554532011
:1093100020202530386C58004552524F525320209F
:1093200020202530386C58000148FCF787BE00002B
:109330003C5100242DE9FE4F814600688824934665
:109340008D888C2204EBCB178A46C3689421BE46D5
:10935000C459C3F30B432B4404F470441F04019716
:1093600002EBCB1240F80E4001EBCB13DAF80070A1
:109370009C214FF0AC0C01EBCB1440F20771029131
:109380000CEBCB11D9F800C098250020CDF800C017
:10939000A02605EBCB15DCF80CC006EBCB16CCF306
:1093A0000B4C0CF1010C07EB0C08DDF800C0019F21
:1093B00048EA07084CF80E80D9F80070BAF80CC0DB
:1093C000B846FF68C7F30A0767444FEA074E58F8E4
:1093D000027007F4704C48F802C0D9F800C0DAF8FF
:1093E0000870DCF80C80C8F30A0808F10108B844DA
:1093F00048EA0E084CF80280D9F80020D75827F028
:109400000707D750D9F80070DAF81020FA509AF808
:1094100031209AF818304FEA022C9AF832201204C0
:1094200042EA0362D9F800301F5918519AF83030D7
:1094300043EA0C031343D9F800201351D9F8002054
:10944000535923F0FF035351D9F80020DAF81430B0
:109450005351D9F800209359029CA3439351D9F852
:109460000030DAE9072422439A51D9F800205358F2
:109470005050D9F80020DAF824005050DAF81000E3
:10948000C8B301283AD004283AD0022838D003289B
:1094900036D0072834D00120D9F80030B02505EBAC
:1094A000CB11B42284245D5802EBCB1205F0E025E9
:1094B0005D50DAE9003504EBCB14EB1ABAF828500A
:1094C00043434543D9F80000DB1D43EA05434350BD
:1094D000D9F8000081586FF30A018150D9F80000D3
:1094E000DAF82C108150D9F80000015941F001013F
:1094F0000151BDE8FE8FFFE70420CDE70320CBE755
:109500000220C9E770B52049002528460D54401CAB
:10951000E428FBD31D4C0126A661E6616580A58089
:10952000E5802581256265706581FAF7CFFD20B160
:1095300000211548217011B106E00121F9E7B0F8CA
:109540006010491CA0F86010114B124A1C681249A7
:1095500044F080741C605560136843F001040F4BA5
:10956000146006600A68C2674A68C0F88020D1F8B3
:109570000411C0F884100A490968B1FBF3F101EB4A
:109580008101C0F8981070BD948F0124984D00247B
:10959000FCED00E0001000E00040005240420F00EF
:1095A000504C00242DE9F0478B4D0400ACB002D0A4
:1095B000286820B105E04FF0FF30686455E0FFF700
:1095C000A1FFDFF818926868401C6860D9F81C2079
:1095D000501CC9F81C00D9F818109046E9622A639B
:1095E0004E1CC9F81860032322A84FF0000ACDF8DA
:1095F00000A003F0B1FB03F089FB00260DF1880702
:1096000037F8160003F036FD761C132EF8D3BFF39F
:109610004F8F0027564621A9219601A803F0D6FBBB
:1096200068642199A5F84A1018B3811C17D0411D10
:1096300004D0811D06D0C11C08D00AE06969491C0C
:10964000696106E0A969491CA96102E0E969491C50
:10965000E961296A491C29627F1C082FDBD3E9686C
:10966000491CE960686403F03BFB00202CB0BDE8B6
:10967000F087BDF80C00000AA5F84C0006984FEAE8
:109680003040686301A82346424603F021FC08B13C
:109690006864DEE799F80110C84694F8240088420F
:1096A00005D088F80100A8F80460A8F80660A08A30
:1096B000A8F80A00B8F8041098F8002080EA01071A
:1096C00022B1B8F802108F4206D110E0FAF7FEFC82
:1096D00058B398F8000018B13846FAF73DFD40B38A
:1096E00088F80060B5F86000401CA5F86000B8F884
:1096F00002006082B8F804C0A4F81AC0B8F80630B6
:10970000A383B8F80820E283D8F8201021622068EB
:10971000A8636068E863A0682864208AA5F85600FA
:1097200094F824000B2807D021E0012088F80000DD
:10973000D2E7A8F80270DAE7278A207AA5F8DA706B
:10974000277A07F00F0785F8DC7085F8DD00D5F87B
:109750009C707F1CC5F89C7095F8DE70874204D021
:10976000D5F8A0707F1CC5F8A07085F8DE00A08A2F
:10977000A5F85800608AA5F85A00E08AA5F85C00B0
:10978000208BA5F85E0094F8240085F8DF00A5F88A
:1097900062C0A5F86430A5F866202967A868401C57
:1097A000A8606E64D8F81400402810D20C4B411CFD
:1097B000A26843F8202003F50073228A23F81020C2
:1097C000A3F58073626843F82020C8F8141003F0F2
:1097D00087FA01204AE70000948F0124984D002465
:1097E000B89201242DE9F04F0500B1B006D00B2D41
:1097F00004D04FF0FF3031B0BDE8F08F524C2068FC
:1098000008B9FFF77FFEDFF84491D9F81C60711C9E
:10981000C9F81C10D9F81810E162266384F8E050EA
:109820004A1C0095042321A8C9F81820324603F0E9
:1098300093FA03F06BFA00270DF1840838F817004B
:1098400003F018FC7F1C132FF8D3BFF34F8F0027B2
:109850006FF0060BB8462FA9CDF8BC8001A803F025
:10986000B5FA60642F99A4F84A1010B1811C3FD05A
:1098700038E0BDF80C00000AA4F84C0006984FEA46
:109880003040606301A88A4603F0B4FB50BBBAF1D4
:10989000190F26D1BDF80C003121B1EB102F20D1CA
:1098A000BDF80E00B0F5807F1BD1BDF81000022876
:1098B00017D1BDF812000A2813D106984FEA30409C
:1098C000B0420ED1BDF81E0004280AD1BDF8200018
:1098D00038B9BDF82400012803D1BDF82610A942EB
:1098E0000FD05846216A491C21627F1C082FB2D331
:1098F000E16E491CE166606403F0F2F96FF001006B
:1099000079E789F801500020A9F80A804746A9F8AC
:1099100004804E46A9F80680FAF71EFC80B1377025
:10992000B4F86000401CA4F8600000BF84F8DF5069
:10993000A06E401CA066676403F0D2F900205AE7CD
:10994000778001203070F1E7948F0124984D002436
:109950002DE9F05F3D4D431E0A2B16460CD201291E
:109960000AD84EB13A4C226A96420BD1686F401C1D
:1099700068670120BDE8F09FA86F401CA8674FF002
:10998000FF30F7E74FF0000B4FF0010752B1B21A6A
:1099900002D0B2F1004F05D3A86F401CA8676FF04A
:1099A0000100E7E7B946E2889F40BFB212EA070C20
:1099B00001D04FF0010C29B1BCF1000F42EA0708B9
:1099C00003D035E022EA070832E00A280DD0082B40
:1099D0002ED8801D09FA00F10F043F0C28D06088B2
:1099E000217880EA070A11B106E04027F7E7FAF785
:1099F0006DFB90B1207818B15046FAF7ADFB78B105
:109A000084F800B0B5F86000401CA5F86000A86FAD
:109A1000401CA8676FF00200ACE784F80090EBE709
:109A2000A4F802A0A0887840A0802089401C208152
:109A3000A4F806802662A188A5F86210A5F86480C3
:109A40002089A5F866002E67002093E7948F0124F3
:109A5000984D00242DE9FF410024009401940294C4
:109A60000394FCF7ABFC01258DF80C5015208DF804
:109A7000080003268DF809408DF80D4068468DF8E2
:109A80000050B1078DF80A508DF80E408DF8014056
:109A900001918DF80B608DF80F40FCF761FC0F27EA
:109AA0008DF808708DF80C5070078DF80940022170
:109AB0008DF80D408DF800508DF80A408DF80E405D
:109AC0008DF80110019068468DF80B608DF80F40FD
:109AD000FCF746FC8DF8087030078DF809408DF8CA
:109AE00000508DF80A508DF80150019068468DF8AD
:109AF0000B600394FCF734FC0420FCF76DFCBDE81C
:109B0000FF810000104800210E4A10B5C0E9002175
:109B10008160C16041648164C164016541658165A2
:109B2000C165FAF705FD08B1F9F7CEFF0648012136
:109B3000FAF70CFC002803D0BDE81040F9F7C4BFC9
:109B400010BD00000010005254500024094808B510
:109B5000016841F00101016000680022052100F068
:109B6000010000900B20FCF769FCBDE808400B20C9
:109B7000FCF756BCD84402582DE9F04F95B01C2193
:109B80006846F6F777FF1C2107A8F6F773FF1C213C
:109B90000EA8F6F76FFF36480024DFF8D0C04FF06C
:109BA000100B04214FF0060902254A46C0F800C0F8
:109BB0008E02DFF8C0C00F03C0E901C4C460CB044B
:109BC000C0E9044B84614FF01F0AC4614FF00A08DA
:109BD000C0E90846C0E90A4704634463C0E90E438C
:109BE0000464CDF808A0CDE90385CDE90012079102
:109BF0006946CDE90554CDE9082ACDE90A85CDE9C4
:109C00000C5407AAFEF788FB08B1F9F75DFF184866
:109C10000126184F08224C3049463C374FF4C07C8F
:109C200007604027C0E901464761D302C0E906C486
:109C30004FF440660662C0E9032B4FF48058C0E938
:109C4000098311A80E950424CDE90F2180E8320084
:109C500007480EA914954C30FEF7E6F9002801D00C
:109C6000F9F732FF15B0BDE8F08F00000040005258
:109C7000BC5000240441005230B595B0F7F714FAF7
:109C8000F7F790FC1E491C226846F6F797FE002164
:109C9000684608F067FA1B4D1B4C286030B9162047
:109CA0006060A068401CA060F9F70EFF14491C22F8
:109CB00007A81C31F6F782FE002107A808F052FA27
:109CC000686030B917206060A068401CA060F9F798
:109CD000FBFE0B491C220EA83831F6F76FFE00215F
:109CE0000EA808F03FFA0028A86006D1182060608E
:109CF000A068401CA060F9F7E7FE15B030BD000079
:109D0000A4BD010884490024A44900242DE9F04F92
:109D100087B014216846F6F7ADFE7D48016841F032
:109D200010010160016801F010010591016841F026
:109D300004010160016801F004010591016841F42A
:109D400080710160016801F480710591016841F042
:109D500020010160016801F020010591016841F0D6
:109D600080010160016801F080010591016841F006
:109D700001010160016801F001010591016841F0F4
:109D800002010160016801F002010591016841F0E2
:109D900040010160016801F040010591016841F056
:109DA0000801016000680122DFF868A1082100F0C5
:109DB000080005905046FCF79EF8DFF85CB10122E0
:109DC00040215846FCF797F8544800220121FCF73F
:109DD00092F8534800224021FCF78DF84FF4C079E7
:109DE0004F4801224946FCF786F84FF480484D4819
:109DF00000224146FCF77FF84A4800224946FCF71A
:109E00007AF8494801220821FCF775F801224348F5
:109E1000D103FCF770F80024694608260096012556
:109E20005046CDE901540394FBF74AFF10200090FF
:109E300003276946CDE9017450460394FBF740FFC0
:109E400040200090CDE90154694658460394FBF741
:109E500037FF44206946CDE9000750460294FBF7DE
:109E60002FFF780369468DE831005846FBF728FF3D
:109E700048F201000090CDE9015428486946039456
:109E8000FBF71EFF4FF4E0706946CDE9000524485A
:109E9000CDE90247FBF714FFCDF800806946CDE914
:109EA000015420480394FBF70BFF00966946CDE967
:109EB00001541D480394FBF703FF80200090052701
:109EC0001A4802256946CDE90154CDE90347FBF75D
:109ED000F7FE28026946CDE9000415480294FBF715
:109EE000EFFE00966946CDE901540E48CDE90347DF
:109EF000FBF7E6FE1121CDF80090CDE901140948E9
:109F000069460394FBF7DCFE07B0BDE8F08F000064
:109F1000E04402580010025800080258000002589D
:109F2000001C02580004025800200258000C02587D
:109F300000180258F0B59BB034216846F6F79AFD38
:109F400034210DA8F6F796FDFEF73AFF01213148BE
:109F50002F4E0024CF078A074B07C0E900678260B5
:109F60000D07C36040F2E116056140F22132446101
:109F7000731CC0E90641C0E9081600F12801551C10
:109F800081E82C0080F8344080F8354080F8364075
:109F9000FCF7B8F808B1F9F797FD06A80094052674
:109FA00001944FF48065029403940022049469465E
:109FB000059480E870008DF830408DF831401548E8
:109FC00009940A940B948DF83240FBF7FBFF08B11B
:109FD000F9F77AFD13A80D940E9401220F940DA9A0
:109FE00010941194129480E870008DF864408DF8FC
:109FF000654008481694179418948DF86640FBF74E
:10A00000E1FF002801D0F9F75FFD1BB0F0BD0000B3
:10A01000001000503C510024F0B53E4CC0218BB0E4
:10A020004FF0010CA822251D217064236270322696
:10A03000A370FF20E6702E1D287000276870A8709E
:10A04000EF703170002172700846B37086F803C05B
:10A050000FF016FD2068E1782F4A90FA80FC2F4B14
:10A0600090FA80FE00BA0C060CF47F4C084344EAD8
:10A070000C240EF47F0CA5F1100144EA1C2444EAE0
:10A08000106008602868E97890FA80FC05BA00BA88
:10A090000C06084305F47F450CF47F0CA6F1100173
:10A0A00044EA052444EA1C2444EA1060086030684D
:10A0B000F17805BA06BA00BA0C060843154905F44A
:10A0C0007F45091F06F47F0644EA052444EA162466
:10A0D00044EA106008600097CDE901320A1F104879
:10A0E0000B46083907F012FB0D4807F02BFD0C4812
:10A0F00007F03CFE0B490A4807F07EFD0A491C2286
:10A1000003A8F6F75BFC064903A808F02BF80BB090
:10A11000F0BD0000384C0024519C0108B1CA000871
:10A12000E05B0024C1C7000838BF01080220FAF72D
:10A13000E1F8FEE7FEE700000148FCF7A5BA0000E1
:10A14000B85500240A4601462220F6F704BF0A4605
:10A1500001462220F6F760BF2DE9F04104468079E0
:10A160000D462027236801284FF4004604F29C4244
:10A1700003EB4511D3F840C0D1F8080B09D0DFF844
:10A180009CE0F4453AD1020433D500BFC1F8086B16
:10A1900040E0234B5FEA007E04D59C453AD9000499
:10A1A000F4D437E05FEA806E02D5C1F8087B31E075
:10A1B00010F0280F2ED19C4501D90004E6D4D1F827
:10A1C000101B05EBC50004EB8000C1F31201D0F8B1
:10A1D0007432A3EB0101C0F8681200F51570ADB937
:10A1E00003691BB1C2681144C1600FE020680121FE
:10A1F0000AE080060AD5C1F8087B07E035B9D4F833
:10A20000640218B90021184600F094FF2046E9B214
:10A21000FCF754F90020BDE8F08100000A31544FEA
:10A220000A30544F2DE9F84F0E460568814601EB80
:10A23000C60100EB8104D4E909201434904202D90C
:10A240000120BDE8F88FA168101A814200D20846AB
:10A25000C01C05EB461887081BE000BFA268A0EBF6
:10A26000010A524500D2924699F806100AF10300FD
:10A2700000911FFA8AF3E16887082846F2B201F0DC
:10A280004BFAE16801EB0A00E060616901EB0A004A
:10A290006061D8F8180980B2B84205D3D4E9040146
:10A2A000814201D20028D9D1D4E90401884208D8DA
:10A2B000D5F83418012006F00F0290408143C5F80C
:10A2C00034180020BDE700002DE9F047454D044655
:10A2D00089464FF0000A2868C04380070AD0414EE3
:10A2E000283E306820F080603060FBF70FFE0746A4
:10A2F000B04608E00120BDE8F08700BFFBF706FE8E
:10A30000C01B022867D8D8F800000001F6D42068E6
:10A3100029684FF4FE0721F47C313E0241EA003007
:10A320002860207AA389B4F804C040022D4D2D493D
:10A330005B1E227CACF1010C1035091DA0F50070EC
:10A3400080B2521ECCF3080C07EA034340EA0C002B
:10A35000184306EA0262104328600868626920F028
:10A36000C000104308600A68A06922F0200202437E
:10A370000A60281D0A6822F010020A6002684FF67F
:10A38000F873E4699A4342EAC40202600868B9F1CA
:10A39000000F40F010020A6011D00868B9F1010FF7
:10A3A00011D040F400100860D8F80000444640F096
:10A3B0008060C8F80000FBF7A9FD05460DE00868BD
:10A3C00040F40020EFE740F48010ECE7FBF79EFD3F
:10A3D000401B022801D903208DE720680001F5D534
:10A3E000504688E7284402582DE9F047454D044679
:10A3F00089464FF0000A2868C04380070AD0414EC2
:10A40000283E306820F080503060FBF77FFD074623
:10A41000B04608E00120BDE8F08700BFFBF776FDFD
:10A42000C01B022867D8D8F800008000F6D4208826
:10A4300029684FF4FE0721F07C713E0241EA00508A
:10A440002860207AA389B4F804C040022D4D2D491C
:10A450005B1E227CACF1010C1835091DA0F50070C3
:10A4600080B2521ECCF3080C07EA034340EA0C000A
:10A47000184306EA0262104328600868626920F403
:10A480004060104308600A68A06922F40072024329
:10A490000A60281D0A6822F480720A6002684FF67A
:10A4A000F873E4699A4342EAC40202600868B9F1A9
:10A4B000000F40F480720A6011D00868B9F1010FF2
:10A4C00011D040F080700860D8F80000444640F099
:10A4D0008050C8F80000FBF719FD05460DE008683C
:10A4E00040F48000EFE740F40000ECE7FBF70EFDDE
:10A4F000401B022801D903208DE720688000F5D594
:10A50000504688E7284402580148FDF7EFBD000097
:10A510009852002410B5026840F26F335169946973
:10A5200044F0080494610268946944F01004946152
:10A530000268146824F001041460026814699C43E2
:10A5400014610268936823F44043936090F881207B
:10A55000042A0CD08A060AD5D0F8842042F0800262
:10A56000C0F884200268936943F02003936190F857
:10A570008120032A0CD04A060AD5D0F8842042F064
:10A580000402C0F884200268936943F04003936199
:10A590008A050AD5D0F8842042F00102C0F8842050
:10A5A0000268936943F400739361C9050AD5D0F832
:10A5B000841041F00801C0F8841001688A6942F4EF
:10A5C00080728A610021A0F86210A0F86A1010BDA4
:10A5D00010B5806B00210122A0F86A10A0F862106B
:10A5E00080F88120FDF780FD10BD0178407841EAB8
:10A5F0000020704710B5FBF78FFC11F017FA012807
:10A6000003D0BDE8104010F0A3BD10BDF0B59DB063
:10A610004C216846F6F72EFA202113A8F6F72AFAFD
:10A620000220FCF753FB2249002422480A6822F04A
:10A6300001020A600968016841F440410160016853
:10A6400001F440411B910168C9438904FBD44FF4D4
:10A65000A022212102200990CDE900120AAA01239B
:10A6600006930526A027042182E8C100CDE90D014B
:10A6700008250F90CDE9105468461294FDF712FAA0
:10A6800088B940201A903F210301CDE916500322DA
:10A69000CDE9180313AB13A883E816000221FDF7D8
:10A6A00015F8002801D0F9F70FFA1DB0F0BD000031
:10A6B0002C040058184802582C48F0B52C4A016860
:10A6C00041F470010160106800F00F00072804D207
:10A6D000106820F00F00C01D106026490020254C96
:10A6E00010340B68244D43F001030B6020600B68AD
:10A6F0002B400B60136803F00F03072B04D913687A
:10A7000023F00F03DB1D13601A4C1C4A18341C4B3A
:10A71000261D371D2060174C1A4D28343060261D29
:10A720003860371D23603B1D35601C1D3A60251DB8
:10A730002E1D1860331D22602860326018600A6880
:10A740000C4B114C22F4802260330A6018602068A0
:10A750006FF30F00B0F1005F03D20C490120C1F884
:10A76000080143F2D2000A490860F0BD88ED00E01C
:10A7700000200052004402587FEDF6EA80020101F9
:10A78000000202020000FF010010005C0080005186
:10A790000040005210B5D0F8B8220024526890470B
:10A7A00000B10324204610BD0020704700207047F0
:10A7B00013460A46002110B500F0C3F9002010BD71
:10A7C00013460A46002110B500F05CFA002010BDC7
:10A7D00010B58021044600F03FFA2046BDE8104045
:10A7E000002100F039BA10B50521C0F894120023F9
:10A7F0001A46194600F0A5F9002010BD10B5826177
:10A800000223C0F89432C26113460A46002100F0C8
:10A8100039FA002010BD10B50421C0F894120023AD
:10A820001A46194600F02EFA002010BDF8B504466D
:10A830000D460020ADF800004888010A062947D0DF
:10A8400006DC01290FD0022912D0032962D11DE0B4
:10A85000072946D00F295DD1D4F8B402C26920E09F
:10A86000694690473BE0D4F8B412207C0A68F7E7C9
:10A87000207C02260028D4F8B80205D0C16A6846B8
:10A8800088470146467036E0816AF8E7C0B206287C
:10A8900040D2DFE800F003090D111519D4F8B40215
:10A8A0004268B2B3207CDBE7D4F8B4028268F8E7F0
:10A8B000D4F8B402C268F4E7D4F8B4020269F0E74D
:10A8C000D4F8B4024269ECE7D4F8B4028269E8E74C
:10A8D000207CF0B9D4F8B802416B6846884701463D
:10A8E00009E0207CA8B9D4F8B802016B6846884713
:10A8F000014607204870EA888AB1BDF8000040B1DF
:10A90000824200D902462046ADF80020FFF776FFCC
:10A91000F8BDFFE729462046FFF75AFFF8E7204633
:10A92000FFF779FFF4E701004FF0000004D00129A0
:10A9300001D0022901D0032070470120704710B5D3
:10A94000D0F8C802FBF7D7FDBDE81040FFF7EBBF1A
:10A950002DE9F041174604464FF0000521B194F867
:10A960009C02032842D04CE0D4F8941204F1140065
:10A97000022935D1D0E902639E4206D9F21A39463E
:10A9800082602046FFF71CFF0FE0B34214D14068FD
:10A99000984211D3D4F8981288420DD20022204652
:10A9A0001146FFF70DFFC4F8985200231A461946C6
:10A9B000204600F0C6F813E094F89C02032808D162
:10A9C000D4F8B802C16821B1C4F8D452C168204695
:10A9D00088478021204600F03FF92046FFF703FF1B
:10A9E00094F8A00268B184F8A0520AE0D4F8B80242
:10A9F000426932B1C4F8D4524269204690470028D7
:10AA000000D10020BDE8F08170B5134604464FF038
:10AA1000000221B194F89C02032830D03AE0D4F827
:10AA2000941204F5AA70032934D1D0E902518D4261
:10AA30000AD96A1A82600846824200D30246194641
:10AA40002046FFF7B5FE25E094F8AA0210F01F009B
:10AA500003D0012802D0022800D0002294F89C02E2
:10AA6000032808D1D4F8B802016921B1C4F8D4226E
:10AA70000169204688472046FFF7CDFE0AE0D4F85A
:10AA8000B802836933B1C4F8D42282692046904762
:10AA9000002800D1002070BD0020704710B5D0F80C
:10AAA000B812012280F89C22002429B103794A6857
:10AAB000D9B2904700B10324204610BDD0F8C82277
:10AAC00001F07F000B0600EBC00002EB800001D517
:10AAD000807D704790F85602704710B5D0F8D422A8
:10AAE00000EB8202D2F8B82222B190F89C32032BFC
:10AAF00002D004E0032010BD126A02B1904700208A
:10AB000010BD10B5D0F8D42200EB8202D2F8B822E2
:10AB100022B190F89C32032B02D004E0032010BD38
:10AB2000526A02B19047002010BD10B51C46D0F803
:10AB3000C80213462246FBF70BFDBDE81040FFF7A5
:10AB4000F2BE10B5D0F8C802FBF731FDBDE81040E9
:10AB5000FFF7E9BE2DE9F041044601250020D4F8B5
:10AB6000B812064684F89C52C4F894026060C4F897
:10AB7000A40284F8A00231B14A6822B10021204623
:10AB8000904700B103262046002240231146FFF7DC
:10AB9000CCFF4027A4F8645100223B468021204688
:10ABA000C4F86071FFF7C1FFA58430462762BDE895
:10ABB000F08190F89C12042903D190F89D1280F83E
:10ABC0009C120020704710B590F89C12032905D103
:10ABD000D0F8B81211B1C96901B18847002010BD81
:10ABE00001740020704710B5D0F8C802FCF73CF89B
:10ABF000BDE81040FFF797BE70B5044600F2AA20EA
:10AC0000054600F048F894F8AA020123B4F8B012FF
:10AC100010F01F02C4F89432C4F898120AD0012A26
:10AC20000ED0022A12D000F080012046BDE870400C
:10AC300000F012B829462046BDE8704000F0A8B8E0
:10AC400029462046BDE8704000F0EBB92946204671
:10AC5000BDE8704000F033B910B5D0F8C802FBF77A
:10AC6000C0FCBDE81040FFF75EBE90F89C120429BE
:10AC700003D090F89C1280F89D12042180F89C1259
:10AC80000020704710B5D0F8C802FBF7E3FCBDE820
:10AC90001040FFF748BE70B5054608788C1C287038
:10ACA000487868702046FFF7A0FCA41C6880204606
:10ACB000FFF79BFCA880A01CFFF797FCE88070BD05
:10ACC000D0F8B83202460020002B02D01B68104694
:10ACD000184770472DE9F0412C4E0446887800252E
:10ACE0008846C1B20129317006D941462046FFF796
:10ACF0006FFD0320BDE8F08194F89C020227022832
:10AD00000CD003281DD041462046FFF761FD317865
:10AD10002046FFF73FFD03252846EBE789B3204691
:10AD20006160FFF7CDFF050004D041462046FFF7E4
:10AD30004FFD1DE02046FFF76EFD032084F89C02C6
:10AD4000EAE7C1B1606888421BD0C1B22046FFF774
:10AD500021FD317820466160FFF7B2FF050010D079
:10AD600041462046FFF734FD21792046FFF712FDCA
:10AD700084F89C72D0E7616084F89C722046FFF7EB
:10AD800009FD2046FFF747FDC6E70000944D00246B
:10AD90002DE9F0410A784FF0000512F060020CD066
:10ADA000202A01D0402A7DD1D0F8D42200EB8202A3
:10ADB000D2F8B8229268904731E04B780022012601
:10ADC0000A2B6FD2DFE803F041666E586E08056EFD
:10ADD0002D29FFF72BFD67E004468888D8B9C8887D
:10ADE000C8B94888802816D294F89C2200F07F07C2
:10ADF000032A10D03946204684F89E72FFF7F3FEEE
:10AE00002046FFF708FD1FB1022084F89C024BE0AA
:10AE100084F89C6248E0204644E0FFF75BFF05466B
:10AE200042E0CB88012B3DD190F89C32012B04D01D
:10AE3000022B02D0032B35D104E000F1080182601F
:10AE4000012216E00122011D13E090F89C22012A44
:10AE500003D0022A01D0032A24D1CA88022A21D190
:10AE6000D0F8A412C66009B10321C160022200F12A
:10AE70000C01FFF7C3FC17E04A88012A02D0022A1E
:10AE800003D00FE0C0F8A46216E08988090A80F8B0
:10AE9000A01211E090F89C32012B08D0022B06D0B2
:10AEA000032B04D0FFF794FC2846BDE8F0814988C5
:10AEB0000129F9D1C0F8A422FFF7ADFCF4E72DE990
:10AEC000F0410A780E460979054612F060004FF00D
:10AED0000008CCB20BD0202801D040286AD12146EE
:10AEE0002846FFF761FCFF2800D0D8B396E07078C1
:10AEF000C8B3012824D003285CD195F89C0202280D
:10AF000002D0032856D10CE0002C53D0802C51D015
:10AF100021462846FFF7A0FE80212846FFF79CFE29
:10AF20007CE0708840B93CB1802C05D0F08818B91D
:10AF300021462846FFF790FE2846FFF76CFC6DE09F
:10AF400095F89C020228DFD0032863D1708880BB6B
:10AF5000600603D021462846FFF7F1FC2846FFF79C
:10AF60005AFCBCE700E00AE0C5F8D402D5F8B80204
:10AF70008268F2B131462846904780464EE095F807
:10AF80009C020027022802D0032843D113E00CB111
:10AF9000802C3FD1200604F07F0000EB800005EB01
:10AFA000800101D5143101E001F5AA7102220F6080
:10AFB0002CE033E02EE0200604F00F0000EB8000D0
:10AFC00005EB800009D5808C20B304F07F0000EBF6
:10AFD000800005EB800614360AE0B0F86401C8B1C1
:10AFE00004F07F0000EB800005EB800606F5AA76F2
:10AFF0004CB1802C07D021462846FFF75FFD10B1E9
:10B000000120306000E03760022231462846FFF719
:10B01000F5FB03E031462846FFF7DAFB4046BDE882
:10B02000F08170B5054608780E464FF0000410F028
:10B03000600003D0202801D0402827D195F89C0239
:10B04000012803D0022801D003281FD1B088C1B243
:10B0500001291AD8C1B22846FFF7A8FBFF280CD057
:10B0600058B9D5F8B8128A683AB1C5F8D40228465A
:10B070008A6831469047044600E00324F088204364
:10B0800007D12846FFF7C7FB03E031462846FFF704
:10B090009FFB204670BD000070B54D7801230A78F3
:10B0A000012D1C4C02F00F0503FA05F3D0F81C58D3
:10B0B00017D000EB421245EA0343C0F81C38D2F81F
:10B0C000000B00040BD40B890979D2F8000BC3F3F1
:10B0D0000A03184344EA81410843C2F8000B0020E8
:10B0E00070BD9EB23543C0F81C5800EB4213D3F834
:10B0F00000090004F3D40D890979D3F80009C5F3D8
:10B100000A058904284341EA825108432043C3F8D1
:10B110000009E4E700800010D0F800196FF30A017D
:10B12000C0F80019D0F8041841F48071C0F8041870
:10B130000020704710B5144C036CA34203D9D0F81B
:10B14000003B002B1EDB0023C0F8103B0129D0F888
:10B15000101B41F40021C0F8101BD0F8101B41F067
:10B160001801C0F8101BD0F8101B41F0C041C0F806
:10B17000101B07D1C0F8142BD0F8001B41F0802120
:10B18000C0F8001B002010BD0A30544F0B784A78DD
:10B19000012A00EB43100BD0D0F8002B22F4001250
:10B1A000C0F8002B0979032914D0022912D017E026
:10B1B000D0F8002922F40012C0F8002909790329E7
:10B1C00001D002290CD1D0F8001941F08051C0F80B
:10B1D000001905E0D0F8001B41F08051C0F8001BB9
:10B1E000002070470A784B78D1B2012B00EB421057
:10B1F00012D0D0F8002B002A06DB29B1D0F8001BB2
:10B2000021F08041C0F8001BD0F8001B41F4001170
:10B21000C0F8001B00207047D0F80029002A06DB88
:10B2200029B1D0F8001921F08041C0F80019D0F8F8
:10B23000001941F40011C0F80019EBE7F8B50B78DC
:10B240006FF060464F788B4DDCB2012F00EB43135B
:10B250002DD0D3F8107B002C4FEAD7444FEAC444DA
:10B26000C3F8104BD3F8104B04EA0504C3F8104B95
:10B270007ED00D69002D7CD08C6825446D1EB5FBF9
:10B28000F4F5ADB26C430C6206EAC545D3F8104B39
:10B290002C43C3F8104BD3F8104B0D6AC5F31205BD
:10B2A00054EA0504C3F8104B012A6ED0C9E00F69B7
:10B2B00037B3D3F810796FF31207C3F81079D3F8C6
:10B2C000107907EA0507C3F810794CB30F698D6848
:10B2D000D3F810C92F447F1EB7FBF5F506EAC54524
:10B2E00045EA0C05C3F810590E69D3F81059C6F396
:10B2F00012063543C3F810590D79012D1CD027E0F3
:10B30000D3F810692E40C3F81069D3F8105945F4EA
:10B310000025C3F81059D3F810596FF3120515E042
:10B320000E698D68AE4200D90D61D0F8106946F4FF
:10B330000026C0F81069D7E7D3F8105925F0C045AA
:10B34000C3F81059D3F8105945F00055C3F81059F7
:10B35000012A1BD000EB4413D3F8004944F0044405
:10B36000C3F800490C79012C31D00A6972B301E0AD
:10B3700042E055E00B78D0F83418012203F00F03B7
:10B380009A401143C0F8341871E056E0CA691AB106
:10B3900000EB4413C3F81429097901290ED1D0F820
:10B3A0000818C90500EB4411D1F8002902D442F075
:10B3B000005201E042F08052C1F8002900EB441035
:10B3C000D0F8001941F00441C0F800194FE0D0F85E
:10B3D0000848E405D3F8004902D444F0005401E0E1
:10B3E00044F08054C3F8004900920B8A0A78C96877
:10B3F0009BB200F091F93AE00C690CB18C680C61D9
:10B400008C680C62C4F31205D0F8104B2C43C0F8C2
:10B41000104BD0F8104B44F40024C0F8104B43E715
:10B420008D68D3F8104BC5F312052C43C3F8104BAD
:10B43000D3F8104B44F4002434E7CA680AB1C3F8C7
:10B44000142B097901290CD1D0F80808C005D3F8CC
:10B45000000B02D440F0005001E040F08050C3F8EF
:10B46000000BD3F8000B40F00440C3F8000B0020A1
:10B47000F8BD0000FFFF07E038B5002242F210746B
:10B48000002300920A784D78012D00EB421219D06A
:10B49000D2F8005B002D3CDAD2F8005B45F0006585
:10B4A000C2F8005B0A7800EB4212D2F8005B45F06C
:10B4B0008045C2F8005B009A521C0092A24221D93A
:10B4C000012326E0D2F80059002D22DAD2F80059E3
:10B4D00045F00065C2F800590A7800EB4212D2F834
:10B4E000005945F08045C2F80059009A521C00925C
:10B4F000A242E5D80A7800EB4212D2F80029002ACD
:10B50000F3DB06E00A7800EB4212D2F8002B002AA7
:10B51000D1DB184638BD18B500224FF07063009299
:10B52000009C641C00949C420CD80469002CF7DA3F
:10B530002024009244EA811101610099491C009184
:10B54000994201D9032018BD01698906F5D400206C
:10B5500018BDD0F8080810F0060004D0022803D067
:10B56000062801D00F20704702207047406900F084
:10B5700001007047D0F81818D0F81C08084080B2B5
:10B580007047D0F81818D0F81C080840000C704715
:10B5900010B5D0F8102801F00F0300EB4114D0F8DB
:10B5A0003418D4F80809D94001F0010142EAC11168
:10B5B000084010BD00EB4111D1F8081BD0F8140869
:10B5C0000840704741698069084070470346084653
:10B5D00030B5940802F00301002203F5805303E024
:10B5E0001D68521C40F8045BA242F9D300290CD01C
:10B5F0001C680023491EDD00090403F10103090C46
:10B6000024FA05F200F8012BF4D130BDD0F800285F
:10B610004FF4FE6303EA011322F4FE62C0F800282F
:10B62000D0F800181943C0F8001800207047000037
:10B63000022A3ED1264A274B0A449A4201D20F21C0
:10B6400038E0254A254B0A449A4201D20E2131E0C6
:10B65000234A244B0A449A4201D20D212AE0224A6D
:10B66000224B0A449A4201D20C2123E0204B214A6A
:10B670000B44934201D20B211CE01F4B1F4A0B4489
:10B68000934201D20A2115E01D4B1E4A0B449342FE
:10B690000FD31D4B1D4A0B44934201D2082109E0F0
:10B6A0001B4B1C4A1944914201D2072102E006219A
:10B6B00000E00921C2684FF4705322F47052C26056
:10B6C00003EA8123C1681943C1600020704700006C
:10B6D000405327FF00350C00401E1BFF40420F0067
:10B6E00000DC0BFF804F1200808CF9FE20D6130087
:10B6F00060B6E5FE60E3160000D3CEFE40771B0087
:10B70000C05BB3FEC091210000CA91FE20753800D5
:10B71000E05459FEE09C410010B5029C74B900EB66
:10B720000232DB1C00209B0802F5805204E000BFBF
:10B7300051F8044B1460401C9842F9D3002010BD0E
:10B740000420F8F7D7FDFEE7090700284FEA11614A
:10B7500004DB00F1E02080F80014704700F00F00D7
:10B7600000F1E02080F8141D704730380A2801D21B
:10B770000120704700207047FEE700002DE9F041EE
:10B78000184D00248846074608F046FB05EB0411D7
:10B79000096841B108F068FB641C042CF4DB4FF02D
:10B7A000FF30BDE8F08105EB04152F6008F05CFB6D
:10B7B000A87B00266E60002806D00BA340F20E2264
:10B7C00016A11EA0F4F7A8FE2E8101203978B0EB57
:10B7D000111F02D15FEA080000D0012068812046D5
:10B7E000AE81DEE7445D01242E2E2F4D6964646C2A
:10B7F0006577617265732F54686972645F50617216
:10B8000074792F4C7749502F7372632F6170692FB1
:10B81000736F636B6574732E63000000736F636BEB
:10B820006574735B695D2E73656C6563745F7761C6
:10B830006974696E67203D3D203000004173736577
:10B840007274696F6E2022257322206661696C65AF
:10B8500064206174206C696E6520256420696E2007
:10B8600025730A0070B50C460546880706D009A363
:10B870004FF4B67213A11BA0F4F74EFE08F0CCFAF9
:10B88000A96809682160A9680C60BDE8704008F0EB
:10B89000EBBA00002E2E2F4D6964646C65776172DF
:10B8A00065732F54686972645F50617274792F4CAC
:10B8B0007749502F7372632F636F72652F6D656DBB
:10B8C000702E63006D656D705F667265653A206D00
:10B8D000656D2070726F7065726C7920616C69673C
:10B8E0006E656400417373657274696F6E20222502
:10B8F0007322206661696C6564206174206C696ED6
:10B900006520256420696E2025730A0070B5044601
:10B9100008F082FA0546A0680468002C0FD0216860
:10B92000A207016006D008A34FF48C7212A11BA0DD
:10B93000F4F7F2FD284608F097FA204670BD284635
:10B9400008F092FA002070BD2E2E2F4D6964646CB1
:10B950006577617265732F54686972645F506172B4
:10B9600074792F4C7749502F7372632F636F726510
:10B970002F6D656D702E63006D656D705F6D616C10
:10B980006C6F633A206D656D702070726F706572B8
:10B990006C7920616C69676E656400004173736542
:10B9A0007274696F6E2022257322206661696C654E
:10B9B00064206174206C696E6520256420696E20A6
:10B9C00025730A002DE9F04704000F4606D13FA376
:10B9D0004FF4DC724AA14EA0F4F79EFD08F01CFA69
:10B9E000217F00262772657841F00101666021778A
:10B9F000667008F039FA636A7BB1002220460421A0
:10BA00009847636A4BB10022204611469847636A03
:10BA10001BB10022204602219847384603F032FD30
:10BA2000804604F11000814608F07FFA18B14146C3
:10BA3000484608F070FA04F11400814608F075FADF
:10BA400018B14146484608F066FA012D0FD0042D82
:10BA50000DD0032D0BD0206A002834D0BDE8F0476C
:10BA60001AA340F2F71234A129A0F4F755BD207FA4
:10BA7000C0F38001002900F0FB00207723D1206A69
:10BA800030B912A34FF4F37232A121A0F4F744FDB0
:10BA9000206A042D08D00771206A05680C352846F5
:10BAA00008F080FA10B108E00671F5E707A340F24C
:10BAB000EF122FA116A0F4F72FFD28462662BDE84D
:10BAC000F04708F06CBABDE8F08700002E2E2F4D2D
:10BAD0006964646C6577617265732F546869726418
:10BAE0005F50617274792F4C7749502F7372632FB6
:10BAF0006170692F6170695F6D73672E630000006C
:10BB0000636F6E6E20213D204E554C4C00000000AE
:10BB1000417373657274696F6E20222573222066EB
:10BB200061696C6564206174206C696E65202564B0
:10BB300020696E2025730A00636F6E6E2D3E63755B
:10BB40007272656E745F6D7367203D3D204E554C7B
:10BB50004C000000636F6E6E2D3E63757272656EF1
:10BB6000745F6D736720213D204E554C4C000000E2
:10BB7000696E61766C6964206F705F636F6D706C65
:10BB8000657465645F73656D00000000002802DC69
:10BB90004142112901DB052070470249A1EB8000D9
:10BBA0000068704774BF010870B5094D002406464F
:10BBB00004EB440005EBC000017D29B18068B04270
:10BBC00002D1204600F034F9641C0A2CF0DB70BD71
:10BBD000388E01242DE9F74F84B04FF00A0B002472
:10BBE0000646DA465F46D94602940194009404EB77
:10BBF000440050490A2F039001EBC00898F81450F4
:10BC00001DD0002D2AD0012D08D0022D06D24AA326
:10BC100040F2231256A166A0F4F77EFC9EB1316873
:10BC2000D8F8040081420ED1069820B1D8F8081047
:10BC30000698814207D1204607B0BDE8F08F002D5D
:10BC4000E1D127460AE0012D16D0022D06D3B8F81F
:10BC500012000099884201D3A2460090641C24B2CD
:10BC60000A2CC4DB059881074FF0FF30E4D40A2F7B
:10BC700016D018DA3C463EE02E49039851F83000C1
:10BC80000028B8F8120005D002998842E6D3A146F0
:10BC90000290E3E701998842E0D3A3460190DDE7F3
:10BCA0000599C907C8D0BAF10A0F51460EDA0C46F9
:10BCB000204801EB440150F8310080B11EA340F24E
:10BCC0006D1245A13AA0F4F727FC08E0BBF10A0F7A
:10BCD000594603DBB9F10A0F4946ADDA0C460A2C86
:10BCE00006DB15A340F27F1241A131A0F4F714FC4A
:10BCF000204600F09DF80A2C06DB0FA340F28312C9
:10BD00003BA12BA0F4F708FC0A4804EB440100EB2C
:10BD1000C105287D30B108A34FF4C27239A124A017
:10BD2000F4F7FAFB0EB13068686000210698A8604D
:10BD3000698280E7388E01242E2E2F4D6964646C51
:10BD40006577617265732F54686972645F506172C0
:10BD500074792F4C7749502F7372632F636F72651C
:10BD60002F697076342F6574686172702E630000DD
:10BD70007374617465203D3D204554484152505FC5
:10BD800053544154455F50454E44494E47207C7CB6
:10BD9000207374617465203E3D20455448415250E3
:10BDA0005F53544154455F535441424C4500000099
:10BDB000417373657274696F6E2022257322206649
:10BDC00061696C6564206174206C696E652025640E
:10BDD00020696E2025730A006172705F7461626C65
:10BDE000655B695D2E71203D3D204E554C4C000039
:10BDF00069203C204152505F5441424C455F5349B9
:10BE00005A4500006172705F7461626C655B695DC8
:10BE10002E7374617465203D3D2045544841525055
:10BE20005F53544154455F454D5054590000000044
:10BE300070B5074C00EB4005002654F8350018B1EA
:10BE400006F03CFE44F8356004EBC500067570BD95
:10BE5000388E01242DE9F0430D00074685B009D046
:10BE60007C684FF480782088404539D120790628B5
:10BE700036D109E01CA340F28A2229A12CA0F4F7B4
:10BE80004BFB05B0BDE8F0836079042828D16088B9
:10BE9000082825D1D4F80E0004906868A16920B163
:10BEA000814202D10126334601E0002602232846C2
:10BEB00004F1080204A9914600F0A2FBE088404585
:10BEC0000ED16EB10222284604AB291DCDE9023203
:10BED000CDE9001905F126034A46194600F090FA0B
:10BEE000384606F0EBFDCCE72E2E2F4D6964646CCE
:10BEF0006577617265732F54686972645F5061720F
:10BF000074792F4C7749502F7372632F636F72656A
:10BF10002F697076342F6574686172702E6300002B
:10BF20006E6574696620213D204E554C4C00000022
:10BF3000417373657274696F6E20222573222066C7
:10BF400061696C6564206174206C696E652025648C
:10BF500020696E2025730A00FEB5040015460E46C2
:10BF600006D143A340F21E324FA153A0F4F7D4FAF6
:10BF700036B93FA340F21F3259A14FA0F4F7CCFAD3
:10BF800035B93BA34FF4487258A14BA0F4F7C4FA5B
:10BF90002868214601F07BFA08B1584B3EE028683A
:10BFA000C0F303110E2924D0D4E901210A40014035
:10BFB000914208D080B2A0F57E41A93903D0E06853
:10BFC000B0B304F10C054E4B4E481A7802EB420117
:10BFD00000EBC1010F7D022F2ED38F68A7422BD11A
:10BFE0002F6849688F4227D13146204600F08CF8EF
:10BFF000FEBD01228DF8042000208DF805005E2191
:10C000008DF80610687801AB00F07F008DF807000E
:10C01000A8788DF80800E8788DF809004FF40060E2
:10C0200004F1260231460090204600F0C5FCFEBD1A
:10C03000FFE76FF00300FAE75FF0000202EB420156
:10C0400000EBC1010F7D022F08D38F68A74205D1F5
:10C050002F6849688F4201D11A70C5E7521CD2B2CD
:10C060000A2AEBD332462946204600F0D5F8DEE70F
:10C070002E2E2F4D6964646C6577617265732F5441
:10C08000686972645F50617274792F4C7749502FE0
:10C090007372632F636F72652F697076342F6574C6
:10C0A000686172702E6300006E6574696620213DC0
:10C0B000204E554C4C000000417373657274696FDB
:10C0C0006E2022257322206661696C65642061748C
:10C0D000206C696E6520256420696E2025730A0036
:10C0E0007120213D204E554C4C0000006970616468
:10C0F000647220213D204E554C4C000064BF010865
:10C10000804D0024388E01242DE9F84315468846D9
:10C1100006461C4802EB450100EBC104207D0228C5
:10C1200006D219A340F2EE2225A131A0F4F7F4F9CA
:10C13000144A05EB4501207D02EBC1050C350228B0
:10C1400013D1608A0327B0F58E7F04D9211D3046B4
:10C1500000F010FA07E0B0F5877F06D3211D2A46CC
:10C16000304600F00DFA00B927754FF4006006F173
:10C1700026022B4641460090304600F01DFCBDE8EB
:10C18000F8830000388E01242E2E2F4D6964646CD4
:10C190006577617265732F54686972645F5061726C
:10C1A00074792F4C7749502F7372632F636F7265C8
:10C1B0002F697076342F6574686172702E63000089
:10C1C0006172705F7461626C655B6172705F6964FB
:10C1D000785D2E7374617465203E3D20455448415E
:10C1E00052505F53544154455F535441424C4500B3
:10C1F000417373657274696F6E2022257322206605
:10C2000061696C6564206174206C696E65202564C9
:10C2100020696E2025730A002DE9FC5F82461446D2
:10C220002630019008680E464FF0FF374FF0000BA4
:10C23000514601F02CF980B93068C0F303110E2982
:10C240000BD056B148B1012152463046FFF7C2FC2F
:10C25000050005D540B2BDE8FC9F6FF00F00FAE77E
:10C260007F2D06D337A340F2C13244A147A0F4F793
:10C2700053F905F0FF094F4909EB490801EBC805DF
:10C28000287D00280ED0012808D0022806D22DA330
:10C2900040F2CD3248A13DA0F4F73EF9BBF1000FCA
:10C2A00006D104E0C5F808A00121297500E034B9E1
:10C2B0003146504600F05EF9002C0746CBD0287D71
:10C2C0003C4E02280ED346494FF4006205F10C03A0
:10C2D000504681F8009021460092019A00F06CFBD4
:10C2E00007462DE001282BD1254640F2F137688919
:10C2F0002989884207D1286828B112A33A4639A172
:10C3000022A0F4F709F9287B400607D50E20224623
:10C310004FF4207106F006FA044605E02D68002D62
:10C32000E5D1204606F07AFD44B156F8380008B150
:10C3300006F0C4FB002746F8384001E04FF0FF3715
:10C34000384688E72E2E2F4D6964646C65776172DC
:10C3500065732F54686972645F50617274792F4CF1
:10C360007749502F7372632F636F72652F697076F0
:10C37000342F6574686172702E6300007479706583
:10C38000206F766572666C6F77000000417373658D
:10C390007274696F6E2022257322206661696C6554
:10C3A00064206174206C696E6520256420696E20AC
:10C3B00025730A00388E01246172705F7461626CAB
:10C3C000655B695D2E7374617465203D3D20504549
:10C3D0004E44494E47206F7220535441424C450011
:10C3E000804D00246E6F207061636B6574207175E1
:10C3F0006575657320616C6C6F7765642100000062
:10C400002DE9FF4F81B0984606004FF00007DDE9A7
:10C410000FA9DDF838B006D12CA340F2574239A15C
:10C420003CA0F4F779F81C210E204FF4207205F09F
:10C430002DFF050046D068891C2806D223A340F2B0
:10C4400062423EA133A0F4F767F86C68119802F0DD
:10C45000EFF9E08096F82C00062806D044491BA38B
:10C460002CA040F26942F4F757F8D8F800100623E0
:10C47000A1604FF48071B8F80400A081DAF80020C0
:10C48000C4F812200822BAF80400E082DBF80000A9
:10C49000C4F80E00D9F80000A0610420218040F605
:10C4A00006016280237160713046DDE9022300914C
:10C4B000294600F081FA284606F000FB384605B010
:10C4C000BDE8F08F4FF0FF30F9E700002E2E2F4D22
:10C4D0006964646C6577617265732F54686972640E
:10C4E0005F50617274792F4C7749502F7372632FAC
:10C4F000636F72652F697076342F6574686172702E
:10C500002E6300006E6574696620213D204E554CF7
:10C510004C000000417373657274696F6E202225B0
:10C520007322206661696C6564206174206C696E99
:10C530006520256420696E2025730A0063686563A1
:10C540006B20746861742066697273742070627500
:10C55000662063616E20686F6C642073747275630B
:10C5600074206574686172705F6864720000000016
:10C57000BCC20108014A00F003B8000064BF010812
:10C580007FB5064D0124031DCDE90214CDE9003528
:10C5900022331946FFF734FF04B070BD6ABF0108AB
:10C5A00070B5164D5FF0000404EB440005EBC001CC
:10C5B0000A7DF2B1488A401C80B24882B0F5967F6D
:10C5C0000AD2012A06D0032A0AD0042A0AD0012A54
:10C5D0000BD00EE0052808D32046FFF729FC08E021
:10C5E000042000E00220087503E08868091DFFF7B9
:10C5F000C1FF641C0A2CD7DB70BD0000388E0124FB
:10C60000F8B5044690F82C001F46154606280E463D
:10C6100006D020A340F2A9122CA135A0F3F77CFF8D
:10C620009EB1306888B1214600F031FF68B930789A
:10C63000C0F303100E2808D0224639463046FFF7D3
:10C64000C9FA002804DA40B2F8BD6FF00F00F8BD57
:10C65000314A00EB4001022302EBC10003750023C5
:10C6600084602E68C660AE880682438252F83160CC
:10C6700076B142F831304FF400602B4604F12602C7
:10C6800031460090204600F097F9304606F016FA41
:10C690000020F8BD2E2E2F4D6964646C65776172A1
:10C6A00065732F54686972645F50617274792F4C9E
:10C6B0007749502F7372632F636F72652F6970769D
:10C6C000342F6574686172702E6300006E65746942
:10C6D000662D3E6877616464725F6C656E203D3DD7
:10C6E000204554485F4857414444525F4C454E00F2
:10C6F000417373657274696F6E2022257322206600
:10C7000061696C6564206174206C696E65202564C4
:10C7100020696E2025730A00388E01242DE9F0412E
:10C72000044640890E270D460E283CD9E07B18B9F7
:10C7300095F83000401CE073606801788689CA076C
:10C7400014D0012905D01D490622F4F7A7F848B1F5
:10C750000CE0417851B980785E2807D1607B40F0C9
:10C76000100002E0607B40F008006073082E03D0E8
:10C77000B6F5C16F17D10DE095F82D00000712D561
:10C780003946204606F098FB68B92946204600F055
:10C79000C9FF10E095F82D00000704D53946204662
:10C7A00006F08AFB18B1204606F088F903E0294616
:10C7B0002046FFF74FFB0020BDE8F08164BF010871
:10C7C000704700009CB0064664216846F4F752F9B1
:10C7D0004FF00009764CCB46CA46C8464D464F46F8
:10C7E000F6F788FAE060D4F8D410491CC4F8D410E5
:10C7F00096F82D1049070ED5012856DC6D48F9F73B
:10C80000B1F8304605F0A4F9304605F0F9F9D4F84E
:10C81000D800401C4AE0012832DD022806D0032857
:10C8200007D004280AD0052870D10AE04FF4005040
:10C8300000E000201A904FF4804005E04FF40050D3
:10C8400000E000201A90002019905A486946F8F735
:10C85000C5FB1A9869460690199805905548F8F74F
:10C86000F5FF5448F9F732F8D4F8E000401CC4F85A
:10C87000E000304605F07AFA304605F017FA17E086
:10C88000D4F8D8006421401CC4F8D800D4F8D800EB
:10C89000B0FBF1F201FB120050B9F6F7FFFAD4F841
:10C8A000DC00401CC4F8DC0002E00020C4F8D80022
:10C8B00096F82D00400755D52FB9D4F8F40001277C
:10C8C000401CC4F8F400D4F8081149451FD1D4F82D
:10C8D0000C1159451BD108F10100C4F8E400804651
:10C8E000C8281CD33348F9F73DF83248F8F7EEFF73
:10C8F000304605F03BFA304605F0D8F9D4F8E800A8
:10C900004FF00008401CC4F8E80008E02AE0D4F822
:10C91000089100208046D4F80CB1C4F8E400D4F8A3
:10C920000811514517D16D1CC4F8EC50C82D2DD3FA
:10C930002048F9F717F81F48F8F7C8FF304605F008
:10C9400015FA304605F0B2F9D4F8F0000025401C85
:10C95000C4F8F0001AE0D4F808A100210D46C4F88C
:10C96000EC1013E02FB1D4F8F4000027401CC4F8F9
:10C97000F400D4F8089100208046D4F80CB1D4F823
:10C9800008A1C4F8E400C4F8EC000546F5F71CFC67
:10C9900096F82D0000F00100C4F8CC0096F82D00A8
:10C9A000C0F38000C4F8D000642005F02FFA17E728
:10C9B000F4490024D85A00242DE9F0411F4690463E
:10C9C0000E460446069801F033FF0E210546304618
:10C9D00005F0F9FB18B16FF00100BDE8F081706857
:10C9E000858139680160B9888180D8F80020C0F855
:10C9F0000620B8F80410418194F82C00062806D0CF
:10CA000006A34FF4997213A11FA0F3F785FDA26945
:10CA100031462046BDE8F041104700002E2E2F4D34
:10CA20006964646C6577617265732F5468697264B8
:10CA30005F50617274792F4C7749502F7372632F56
:10CA40006E657469662F65746865726E65742E63B1
:10CA5000000000006E657469662D3E68776164644D
:10CA6000725F6C656E206D75737420626520362070
:10CA7000666F722065746865726E65745F6F757439
:10CA80007075742100000000417373657274696FE2
:10CA90006E2022257322206661696C6564206174B2
:10CAA000206C696E6520256420696E2025730A005C
:10CAB00010B5040006D10BA340F20B7210A114A014
:10CAC000F3F72AFD1C49732061611C49A16174219F
:10CAD00084F82E00204684F82F1001F06BFC002013
:10CAE00010BD00002E2E2F4C5749502F54617267F5
:10CAF00065742F65746865726E657469662E63006F
:10CB00006E6574696620213D204E554C4C00000036
:10CB1000417373657274696F6E20222573222066DB
:10CB200061696C6564206174206C696E65202564A0
:10CB300020696E2025730A0059BF0008D1E500085E
:10CB4000DFF85CA0032705464FF0FF3B0AF118040D
:10CB50004FF001094FF004085946DAF8080005F0D3
:10CB6000CDFA0028F8D1C4F85491D4F85801401CEB
:10CB7000C4F85801284601F0FFFC0600ECD0C4F8C8
:10CB8000547129462A699047C4F85C01C4F854815D
:10CB9000D4F85C010028EDD0304605F08FFFE9E7BE
:10CBA000DC4900242DE9F04104000E465ED0A56961
:10CBB000002D0DDA07F030F9A569002D06DA0EB95F
:10CBC0006D1EA561BDE8F04107F04EB907F04CF9C4
:10CBD000284600F089FA040048D0012707F01CF924
:10CBE00080460120052E19D2DFE806F0030A0E1355
:10CBF00016002089401C00B22081012834DC14E09A
:10CC00002089401E20812FE0618901B100276081C9
:10CC10000BE00020608127E0A08106E014A34FF420
:10CC20001F6220A123A0F3F777FCA07BE0B1DFB166
:10CC3000B4F90800002801DD012600E00026608923
:10CC400008B1012700E00027A08908B1012400E015
:10CC50000024404607F008F923463A463146284664
:10CC6000BDE8F04106F0B2BF4046ABE7BDE8F08159
:10CC70002E2E2F4D6964646C6577617265732F5435
:10CC8000686972645F50617274792F4C7749502FD4
:10CC90007372632F6170692F736F636B6574732E8A
:10CCA00063000000756E6B6E6F776E206576656E43
:10CCB00074000000417373657274696F6E202225E1
:10CCC0007322206661696C6564206174206C696EF2
:10CCD0006520256420696E2025730A0000207047B6
:10CCE00010B5BFF34F8F012206481102F9F703F97F
:10CCF000BFF34F8F0348143000680349C1F8940014
:10CD000010BD0000001C0258948F01240F4800221F
:10CD10004FF4807110B5F9F7EEF8BFF34F8F0C4860
:10CD2000D0F898200B494B6800E000BF4C68E41A2B
:10CD30009442FAD3D0F89010044A1432491CC0F837
:10CD400090101168C0F8941010BD0000001C02582B
:10CD5000948F0124001000E02DE9F04104461D46A7
:10CD60004AF25A5045F6A523069E41F20D0720804F
:10CD70004FF0130C63804FF4405EA7800120A4F8AD
:10CD800006C00223A4F808E0042760814FEA114C92
:10CD9000A3814FEA124EE781201DA4F810C06182E2
:10CDA0000A21A4F814E0E28200F058F82083BA01C6
:10CDB00065830021A283201DE68321840F2100F0DA
:10CDC00067F8010C6184A084BDE8F0812DE9F0478B
:10CDD00005460E4600204AF25A574FF48058044642
:10CDE00045F6A529C1F8000000F0EAF8B8420AD0DB
:10CDF000641C4445F8D318480169491C01616FF06F
:10CE00000100BDE8F087288000F0DAF8B84202D1CE
:10CE1000288000F0D5F84845EAD1688000F0D0F8C5
:10CE2000A88000F0CDF8A0F10F0104463229E88077
:10CE300002D36FF00200E4E7042704E000F0C0F83A
:10CE400025F817007F1CA742F8D3214628463460F6
:10CE5000BDE8F04700F0CEB8948F0124F0B5064647
:10CE60004FF6FF70002241F2210504460DE000BF9D
:10CE700036F8127000237840070404EA400000D519
:10CE800068405B1C102BF7DB521C8A42F0D3F0BDCC
:10CE9000F0B50E4D002307464FF0FF3012E000BF03
:10CEA00037F813405FF00F0224FA02F686EAD076D4
:10CEB00016F0010F02D085EA400000E04000521E4B
:10CEC000F2D55B1C8B42EBD3F0BD0000B71DC10453
:10CED0002DE9F04104001D4616460F4609D045B124
:10CEE00000F088F8002806D11D2F6FF0060231D11E
:10CEF00003E04FF0FF30BDE8F08120893121B1EB34
:10CF0000102F27D160894FF48073984222D1A089D5
:10CF100002281FD1E0890E281CD160694FEA3040F9
:10CF2000B04217D1608B032814D12249A08BA1F8FD
:10CF30004E00E08BA1F85000608CA1F85200A08C4C
:10CF4000A1F85400A18B29B9218C0A2902D1618C46
:10CF5000994201D01046CEE74FF6FE410840062820
:10CF600002D06FF00700C6E72269172012494FEA86
:10CF700032422A60D4F832204FEA32426A60E26AD2
:10CF80004FEA3242AA60228E2A82E28CAA82228D45
:10CF9000EA82628DC2F30B022A83084A52886A82AF
:10CFA000628D120B85F8242085F825000020E960A9
:10CFB000A1E70000948F012420BCBE00984D0024FE
:10CFC0004FF0C040094910B50088CA68FF2A05D84B
:10CFD000CA68074C531CCB6024F812000449E4399A
:10CFE000A1F848004A6A521C4A6210BD984D0024BC
:10CFF0007890012470B504000D4608D00F2D06D39B
:10D00000E088A84203D1E0890F30A84202D06FF037
:10D01000020070BD2088A0F525415A3904D16088EE
:10D02000A0F5B441A53902D06FF0060070BDA0880C
:10D03000A0F580510D3902D06FF0030070BD0A21B8
:10D04000201DFFF70BFF218B884202D06FF00400F8
:10D0500070BD291F201DFFF71BFF04EB450151F890
:10D06000041C4FEA3141884202D06FF0050070BDC8
:10D07000002070BD4FF0C041084A10B5088011690A
:10D08000202905D21169064C4B1C136124F81100AC
:10D090000448816A491C816210BD0000984D00243B
:10D0A00078920124948F012470472DE9F0410E46B7
:10D0B000044606F0B1FED4E9005700226260226007
:10D0C00006F0D2FE380005D016B105F0F7FC01E0FD
:10D0D00003F062FB002D04D02846BDE8F04103F0C8
:10D0E00005BDBDE8F081000010B50CF02BFF002855
:10D0F00003D1024909200860002010BD8C4D002496
:10D100000A46032100F000B92DE9FE4F8A464A493C
:10D110000446D1F8088098F800000007850E142D09
:10D1200050D360890428FBD36068007800287ED043
:10D1300008287CD1486901F11407C0F303120E2AB4
:10D1400075D08946096800F0A2F900286FD12089BE
:10D1500008286CD3204600F075F9002867D105F146
:10D160000E0120460E4605F02EF8002830D020890A
:10D17000411989B288425AD80E204FF4207205F026
:10D1800085F8060053D0718905F10800814216D355
:10D1900070682A464146F3F7CCFB2946304605F035
:10D1A0008BFE002806D0B62224A332A13FA0F3F7BD
:10D1B000B3F904E02146304605F002FB18B13046D1
:10D1C00005F07CFC33E0204605F078FC34460BE0AB
:10D1D0003146204605F070FE30B1C72217A33DA1AD
:10D1E00032A0F3F799F922E066682946204604F058
:10D1F000EAFFE0B96168002238684FF6F773C8604B
:10D20000D9F81000086132707088984201D909304D
:10D2100000E008307080FF20087201234A818DE809
:10D220000C04002203463946204600F04BFB204602
:10D23000BDE8FE4F05F042BC845D01242E2E2F4D2B
:10D240006964646C6577617265732F546869726490
:10D250005F50617274792F4C7749502F7372632F2E
:10D26000636F72652F697076342F69636D702E63FA
:10D270000000000069636D705F696E7075743A201C
:10D280006D6F76696E6720722D3E7061796C6F618B
:10D290006420746F2069636D7020686561646572D5
:10D2A000206661696C65640A000000004173736563
:10D2B0007274696F6E2022257322206661696C6525
:10D2C00064206174206C696E6520256420696E207D
:10D2D00025730A0069636D705F696E7075743A201A
:10D2E000726573746F72696E67206F726967696EB9
:10D2F000616C20702D3E7061796C6F616420666195
:10D30000696C65640A0000002DE9FF479246894672
:10D310002421064622204FF4207204F0B7FF0500B6
:10D3200037D06889242806D21BA34FF4B47228A1F1
:10D3300032A0F3F7F1F86C684FF0000877681C2210
:10D3400084F8009084F801A0A4F80480A4F8068072
:10D35000686871680830F3F7ECFAF868039003A87E
:10D3600000F0C0FC060011D0A4F80280474669898D
:10D37000204600F061F8608001210097FF23CDE98D
:10D3800001160021284603AA00F09CFA284605F061
:10D3900095FBBDE8FF8700002E2E2F4D6964646C5D
:10D3A0006577617265732F54686972645F5061724A
:10D3B00074792F4C7749502F7372632F636F7265A6
:10D3C0002F697076342F69636D702E630000000042
:10D3D000636865636B207468617420666972737436
:10D3E00020706275662063616E20686F6C642069CE
:10D3F000636D70206D65737361676500417373655C
:10D400007274696F6E2022257322206661696C65D3
:10D4100064206174206C696E6520256420696E202B
:10D4200025730A000A460B21FFF76EBFEFF3058054
:10D43000002800D00120704700B502F09BFCC043DB
:10D4400080B200BD70B500260546344612E06989F9
:10D45000686802F08FFC2044A97A020C12FA80F46A
:10D46000C90706D08EB10026E0B2C4F3072141EA15
:10D4700000242D68002DEAD126B1E0B2C4F30721C3
:10D4800041EA0024E04380B270BD0126ECE7421C73
:10D4900012D088B191F82D2092070BD54A688242AC
:10D4A00008D089680A4000EA0103934202D101438F
:10D4B000491C01D000207047012070472DE9F74F2B
:10D4C00088B004460025AF1F09981426808C1438B4
:10D4D000C11700EB5170C0F3CF0003906068069055
:10D4E000017801F00F01052903D038460BB0BDE8E3
:10D4F000F08F6189142907D25DA34FF43F726BA1AD
:10D5000071A0F3F709F8F0E7C08801F091F92189DB
:10D51000C0F30C02029200F40050143907901FFA75
:10D5200081F89EE003994FF6FF7000EAC100414682
:10D53000404500D90846049014210E204FF4207273
:10D5400004F0A4FE5FEA000A5ED0BAF80A001428CC
:10D5500006D247A34FF4497265A15BA0F2F7DCFF46
:10D56000DAF8040014220699F3F7E3F9DAF8040074
:10D57000049F059035E06089811B8DB2B04206D2D0
:10D580003BA340F22D3262A14FA0F2F7C5FFAF429C
:10D5900000D23D461DB3052003F066F85FEA00099E
:10D5A0002FD0606841224B4629463044CDE9000522
:10D5B000002004F0F1FF5FEA000B28D0204605F0C0
:10D5C0002DFC57495046C9E90414594605F000F8A6
:10D5D000781B07043F0C06D024680026CBE724689C
:10D5E0000026002FC7D1099871198EB2808C14388B
:10D5F000404510DB079800280298C0F30C000DD1BD
:10D600000EE0504605F05AFA4FF0FF306EE74846FC
:10D6100000F098FBF5E70298C0F30C0040F40050CE
:10D6200001F006F901460598C1800498143080B2D3
:10D6300001F0FEF805990022488051460598428184
:10D6400009980A9A43699847504605F037FA0498B2
:10D65000A8EB0002DDE902101FFA82F8014488B24B
:10D660000290B8F1000F7FF45DAF00203EE70000AC
:10D670002E2E2F4D6964646C6577617265732F542B
:10D68000686972645F50617274792F4C7749502FCA
:10D690007372632F636F72652F697076342F6970B0
:10D6A000345F667261672E63000000006970345F4A
:10D6B0006672616728293A207062756620746F6F00
:10D6C0002073686F72740000417373657274696FC0
:10D6D0006E2022257322206661696C656420617466
:10D6E000206C696E6520256420696E2025730A0010
:10D6F00074686973206E656564732061207062755B
:10D700006620696E206F6E65207069656365210013
:10D71000702D3E6C656E203E3D20706F6666000089
:10D720001DE300082DE9F047456807460E46042131
:10D730002878B1EB101F03D0384605F0BFF977E029
:10D7400000074FEA9068688801F072F8044638894B
:10D75000A04203D92146384605F0C6FA79894145E9
:10D76000EAD33889A042E7D3B8F1140FE4D3DFF845
:10D7700020912969C9F81410C1F30312E9680E2A2F
:10D78000C9F8101005D0304600F086F850B1344684
:10D7900019E096F82D00C00702D070680028F6D175
:10D7A000002410E099F8140000247F280BD0394899
:10D7B000046806E0B44203D0204600F06DF810B9CA
:10D7C0002468002CF6D1D9F810003146FFF75FFE2F
:10D7D0000028B1D199F81000C0F303100E28ABD087
:10D7E000002CA9D0E88830F0C00005D0384600F001
:10D7F00035F907001CD07D683846C9F80850C9E9DA
:10D80000004629780907890EA9F80C10414605F051
:10D8100053FB687A012818D0062811D011280AD0A5
:10D82000D9F814004D462146FFF731FE90B11EE0B5
:10D830000020BDE8F087314638460CF041FC19E085
:10D840003146384607F0C2FB14E031463846FFF750
:10D850005BFC0FE0287DC0F303100E2807D0414683
:10D86000384605F029FA02213846FFF749FC3846C8
:10D8700005F024F90021C9F80010C9F80410C9F80E
:10D880000810A9F80C10C9F81010C9F81410CFE747
:10D89000845D01241C4D002410B590F82D10C9079B
:10D8A0000CD0416851B1064A52698A4204D00146FF
:10D8B0001046FFF7ECFD08B1012010BD002010BD9F
:10D8C000845D0124FEB5DDE90954089E1AB109B151
:10D8D0000F6807B9211D0096CDE9015400F002F848
:10D8E000FEBD00002DE9F84FDDE90BA80546807B61
:10D8F000DDF828B01F4601281646894606D02FA31A
:10D900004FF455723AA13DA0F2F706FE002E6FF0DB
:10D91000010436D01421284604F055FC002833D1E8
:10D9200068896C68142806D224A34FF462723DA162
:10D9300032A0F2F7F1FD2772452084F809A0316882
:10D940002161207084F801B0288900F071FF414FF7
:10D950004FF0000A6080A4F806A0388800F068FF45
:10D96000A080B9F1000F388800F10100388005D09F
:10D97000D9F80000E060A4F80AA00CE0364800687E
:10D98000F8E76889142802D22046BDE8F88F686855
:10D990006E4600690090B8F8240040B129898142A0
:10D9A00005D9324641462846FFF788FDEDE7D8F80D
:10D9B00014304046324629469847E6E72E2E2F4D32
:10D9C0006964646C6577617265732F546869726409
:10D9D0005F50617274792F4C7749502F7372632FA7
:10D9E000636F72652F697076342F6970342E63000F
:10D9F000702D3E726566203D3D2031004173736598
:10DA00007274696F6E2022257322206661696C65CD
:10DA100064206174206C696E6520256420696E2025
:10DA200025730A00636865636B20746861742066FF
:10DA30006972737420706275662063616E20686F0E
:10DA40006C64207374727563742069705F686472AB
:10DA500000000000824D0024F4C001082DE9F05FB1
:10DA600045688346287800F00F0005287DD1E888B6
:10DA700000F0DEFEC004070C688800F0D9FE2978AB
:10DA80000907890E814270D8401A1FFA80F858465B
:10DA900004F03FFE6A4C0646208830440A2809D923
:10DAA0003146284600F0E4FB00285ED02088304450
:10DAB0000A28E8D8A14664684FF0000A0CE06069C3
:10DAC000E968884207D1A0692969884203D1A08901
:10DAD000A988884203D02468002CF0D106E02CB13C
:10DAE000E88800F0A5FEC0041BD025E0042002F069
:10DAF000BBFD04000AD13146284600F0B9FBB04214
:10DB000033DB042002F0B0FD0400CED02021F2F778
:10DB1000B1FF0F21E177D9F804102160C9F8044062
:10DB200004E0E08900F084FEC00405D014222946F8
:10DB300004F10800F2F7FDFEA87940F340156D1CD2
:10DB400008D007EB080080B2B84264D34FF6EB71FF
:10DB5000884260D82A465946204600F03BF9411CCD
:10DB600059D0B9F80020324400E065E0A9F800205F
:10DB700035B1A27F07EB0801A18342F00102A27731
:10DB8000012846D161681422A08B14304D6887B2F9
:10DB900004F1080128462E68F2F7CBFE384600F063
:10DBA00047FE01466980A5F806A0A5F80AA06568A9
:10DBB00009E077681421304605F07EF931462846A1
:10DBC00004F006FD3E68002EF3D1D9F804104E464D
:10DBD0008C4205D1002105E00868A04202D0014630
:10DBE0000029F9D1204600F019FA284604F091FDE9
:10DBF00004463088A04206D212A340F29B2220A104
:10DC000026A0F2F789FC3088001B30802846BDE84A
:10DC1000F09F0020FBE7606870B9D9F804008442E7
:10DC200006D008A340F2AB2226A11CA0F2F774FC98
:10DC30000021204600F0F2F9584604F03FFFE8E7E3
:10DC4000844D00242E2E2F4D6964646C65776172BB
:10DC500065732F54686972645F50617274792F4CD8
:10DC60007749502F7372632F636F72652F697076D7
:10DC7000342F6970345F667261672E6300000000A4
:10DC800069705F72656173735F70627566636F75EB
:10DC90006E74203E3D20636C656E000041737365B9
:10DCA0007274696F6E2022257322206661696C652B
:10DCB00064206174206C696E6520256420696E2083
:10DCC00025730A006E6F74206669727374616C74D8
:10DCD000686F756768206A75737420656E71756505
:10DCE0007565640070B50146144813E090F82D2066
:10DCF000D3070FD053070DD543685BB184680D6817
:10DD0000234005EA04069E4216D0920702D4C26858
:10DD1000954211D000680028E8D10948006850B148
:10DD200090F82D20D30706D0520704D5426812B1CF
:10DD300009787F2900D1002070BD00001C4D00240F
:10DD4000204D002410B5040006D106A34FF4317213
:10DD500013A116A0F2F7E0FB2146BDE81040052014
:10DD600002F0CABB2E2E2F4D6964646C6577617218
:10DD700065732F54686972645F50617274792F4CB7
:10DD80007749502F7372632F636F72652F697076B6
:10DD9000342F6970345F667261672E630000000083
:10DDA0007020213D204E554C4C000000417373659E
:10DDB0007274696F6E2022257322206661696C651A
:10DDC00064206174206C696E6520256420696E2072
:10DDD00025730A002DE9F05F4C68002593460F4635
:10DDE00006464FF00108608800F022FD21784FF0D0
:10DDF000FF3A0907890E814231D8A0EB0109E0887A
:10DE000000F016FD7C68C1040020090C01EB09023A
:10DE1000206093B2A1808B42E38020D3726829E016
:10DE20005068B0F804C0614515D222606DB1B5F8F4
:10DE300006C0614513D38088834210D82F60A08824
:10DE4000844506D04FF0000803E08088834206D85E
:10DE500077608AB12EE002D0C288914202D2504649
:10DE6000BDE8F09F25B1EA88624501D04FF0000877
:10DE700002680546002AD3D195B1E888A188884276
:10DE800006D92AA34FF4DB7237A13FA0F2F744FB77
:10DE90002F60E888A18888420CD04FF0000809E084
:10DEA000706830B121A34FF4DF7241A136A0F2F7C0
:10DEB00033FB7760BBF1000F02D1B07FC007CFD03A
:10DEC000B8F1000F30D07268002A2DD050688088D9
:10DED000002829D12068214628B14468C888A18833
:10DEE0008842F7D020E0B8F1000F1DD032B90FA35F
:10DEF00040F2DF123CA124A0F2F70EFB70684068EC
:10DF0000A04206D109A34FF4F07237A11EA0F2F788
:10DF100003FB206830B105A34FF4F17236A11AA0BB
:10DF2000F2F7FAFA01209BE7002099E72E2E2F4DF9
:10DF30006964646C6577617265732F546869726493
:10DF40005F50617274792F4C7749502F7372632F31
:10DF5000636F72652F697076342F6970345F6672F3
:10DF600061672E6300000000636865636B20667262
:10DF700061676D656E747320646F6E2774206F76B1
:10DF800065726C6170000000417373657274696F33
:10DF90006E2022257322206661696C65642061749D
:10DFA000206C696E6520256420696E2025730A0047
:10DFB0006E6F2070726576696F7573206672616727
:10DFC0006D656E742C2074686973206D7573742090
:10DFD0006265207468652066697273742066726178
:10DFE000676D656E7421000073616E6974792063DA
:10DFF0006865636B0000000076616C69646174653C
:10E000005F646174616772616D3A6E6578745F70A8
:10E01000627566213D4E554C4C00000070B50446BB
:10E020000C480D464168A14202D1216841600AE0D6
:10E03000002D06D108A340F2451216A11CA0F2F74C
:10E040006BFA206828602146BDE87040042002F089
:10E0500053BA0000844D00242E2E2F4D6964646C49
:10E060006577617265732F54686972645F5061727D
:10E0700074792F4C7749502F7372632F636F7265D9
:10E080002F697076342F6970345F667261672E6312
:10E090000000000073616E69747920636865636BCA
:10E0A000206C696E6B6564206C69737400000000FD
:10E0B000417373657274696F6E2022257322206626
:10E0C00061696C6564206174206C696E65202564EB
:10E0D00020696E2025730A002DE9F04705460F469A
:10E0E000A9424FF0000405D1AB222EA33CA13FA0D2
:10E0F000F2F712FA002F08D03868A84205D0AD22F6
:10E1000028A344A139A0F2F707FA6E684FF48038CB
:10E110007068818800291AD100681422686005F1AE
:10E1200008017068F2F705FC01213046FFF77AF923
:10E13000304604F0EEFA4045044605D3BC2219A34C
:10E1400039A12AA0F2F7E8F9304604F0B7FC6E686E
:10E1500012E07068B1460668484604F0DAFA0444F2
:10E16000444505D3CC220FA32FA120A0F2F7D4F968
:10E17000A4B2484604F0A2FC002EEAD13946284653
:10E18000FFF74CFF304D2888A04205D2D22205A3CC
:10E190002EA116A0F2F7C0F92888001B288020467F
:10E1A000BDE8F0872E2E2F4D6964646C657761722F
:10E1B00065732F54686972645F50617274792F4C73
:10E1C0007749502F7372632F636F72652F69707672
:10E1D000342F6970345F667261672E63000000003F
:10E1E0007072657620213D206970720041737365FD
:10E1F0007274696F6E2022257322206661696C65D6
:10E2000064206174206C696E6520256420696E202D
:10E2100025730A00707265762D3E6E657874203D18
:10E220003D2069707200000070627566735F6672EF
:10E23000656564202B20636C656E203C3D20307842
:10E240006666666600000000844D002469705F7297
:10E25000656173735F70627566636F756E74203E7F
:10E260003D2070627566735F6672656564000000CC
:10E270002DE9F0471D4F002489460646002213462B
:10E2800011467868154622E0D0F814C0D6F80C8004
:10E29000C4450BD1D0F818C0D6F81080C44505D1BC
:10E2A000B0F80CC0B6F80480C44509D06D1C2AB182
:10E2B00090F81FC092F81F80C44501D80246194645
:10E2C000D0F800C0BCF1000F00D003466046002823
:10E2D000DAD11AB11046FFF7FFFE04444C4501DACB
:10E2E000012DCBDC2046BDE8F0870000844D0024E2
:10E2F000094870B5002544680BE0E07F20B1401E5E
:10E30000E0772546246804E0204624682946FFF784
:10E31000E3FE002CF1D170BD844D002410B5040043
:10E3200006D108A340F2CE2215A118A0F2F7F4F806
:10E33000606908B104F0C2FB2046BDE81040FFF759
:10E3400001BD00002E2E2F4D6964646C65776172EB
:10E3500065732F54686972645F50617274792F4CD1
:10E360007749502F7372632F636F72652F697076D0
:10E37000342F6970345F667261672E63000000009D
:10E3800070637220213D204E554C4C0041737365E3
:10E390007274696F6E2022257322206661696C6534
:10E3A00064206174206C696E6520256420696E208C
:10E3B00025730A002DE9F043A7B0044600266846FD
:10E3C0006421F2F757FB674D0122674B4FF4C061A0
:10E3D0006348C5E9000365482A72E8606448C5E9F6
:10E3E00004012846F6F77CFF3821804605F1B0008D
:10E3F000F2F740FB05F1B0004FF440310027212235
:10E400000260C0E904715B4802F018F9062084F844
:10E410002C00696840F2DC59097884F82610696894
:10E42000497884F827106968897884F82810696821
:10E43000C97884F829106968097984F82A1069680C
:10E44000497984F82B100121A4F8249094F82D0028
:10E4500040F00A0084F82D001BA81B971C9703F0BE
:10E46000F9FD414D0121103DA8601DA81D971E9783
:10E4700003F0F0FDE8600021A86803F03FFEE868C3
:10E48000002103F03BFE3B491C221FA80C31F2F790
:10E4900095FA1FA8214603F065FE324805F50E7176
:10E4A000E830FAF706F91835C5F800802D48E8304D
:10E4B000FAF7CEF8A860A86840B1204603F0A0FBA8
:10E4C000204603F045FB27B0BDE8F083F4F7E6FCF7
:10E4D000484603F09BFCB8F1000F10D0F5F7F4FAB2
:10E4E00094F82D0000F00100C5F8CC0094F82D0040
:10E4F000C0F38000C5F8D000F3F736FDE3E7F4F78A
:10E50000F9FBE860012806DC204603F079FB204691
:10E5100003F01EFBE4E702284FF400574FF480415C
:10E5200005D0032805D0042806D0052803D00E46C0
:10E5300002E00027FBE700270A486946F6F74EFD90
:10E5400008486946CDE90567F7F780F90548F7F708
:10E55000BDF9204603F00AFC204603F0A7FBBFE705
:10E5600000800240D85A0024EC490024800000308A
:10E570000000003010BF010838B50020009012489C
:10E580000078F8B9104C18340220C4F854016946D8
:10E590000E48F7F71EF8C4F85001009890B1D4F86F
:10E5A000F810491CC4F8F810D4F80011028911447D
:10E5B000C4F8001141890E2904D34068808940BA0B
:10E5C000C4F86001009838BDDC490024D85A002402
:10E5D0002DE9F0478CB00C46002568463021F2F753
:10E5E00049FA30216846F2F745FA002720466FF0D5
:10E5F0000B066B4631E0042D03D330460CB0BDE86A
:10E60000F08705EB4501426803EB810843F82120C0
:10E610004189C8F80410428941680A441F3221F038
:10E620001F0122F01F02521A002A0DDDBFF34F8F87
:10E63000DFF8DCC0CCF800102031203A002AF9DCE9
:10E64000BFF34F8FBFF36F8F0DB148F8048C016893
:10E6500009B9C8F808706D1C00680028CBD12D4896
:10E6600021894463C0E90113204604F0D7FB2A4DF9
:10E67000D5F8FC00401CC5F8FC00D5F80401218940
:10E680000844C5F8040160890E2804D360688089B5
:10E6900040BAC5F86401DFF880904FF4FA6A4FF091
:10E6A0000108A9F118091B49A1F1B000F7F705FA13
:10E6B000E0B1C5F81C811748B038F6F78CFCC5F8F6
:10E6C00020011448B038F6F786FC800717D5D5F836
:10E6D0001401401CC5F81401D9F80C00514603F090
:10E6E0000DFD0C48B038F7F71DF8DCE7D5F8101130
:10E6F0000020491CC5F81011C5F81C717EE7D5F83B
:10E700001801401CC5F81801204604F0D7F974E739
:10E7100068EF00E0885B0024F449002470B5002510
:10E72000FEF7E2FC04004FF0FF361CD0206840B139
:10E7300000780121B1EB101F01D101250AE000256D
:10E7400008E0606830B10CA34FF4457217A11DA01A
:10E75000F1F7E2FE206802F02DFC30B1FDF716FA69
:10E7600008B122490860304670BD29462046FEF7B0
:10E770009CFC002070BD00002E2E2F4D6964646C3F
:10E780006577617265732F54686972645F50617256
:10E7900074792F4C7749502F7372632F6170692FF2
:10E7A000736F636B6574732E63000000736F636B2C
:10E7B0002D3E6C61737464617461203D3D204E5543
:10E7C0004C4C0000417373657274696F6E20222592
:10E7D0007322206661696C6564206174206C696EC7
:10E7E0006520256420696E2025730A008C4D002465
:10E7F00010B504464068804705F0B3FB094A21681C
:10E8000052688B181A1AB2F1004F03D30844064914
:10E81000224602E0044922461846BDE8104005F0B1
:10E8200041BC00006C4D0024F1E7000800BA7047BD
:10E8300040BA704710B505F03FFB01F0DBFB01F07B
:10E84000EDFE03F0E9F80BF02FFC06F0B3FBBDE89A
:10E85000104005F0A3BC000070B514460D46FEF74D
:10E8600043FC4FF0FF3168B10B4AD54207D15CB190
:10E87000216849B10068017F41F0020108E0074AC0
:10E8800026201060084670BD0068017F01F0FD0180
:10E890000177002070BD00008299FB7F8C4D002421
:10E8A00070B5016804466FF00A024B684878002B87
:10E8B0004DD00B780125B5EB131F48D1237A032BDC
:10E8C00001D0022843D0032841D001283CD0D807EA
:10E8D00002D0084602F019F92068006A30B11DA381
:10E8E00040F2BD7228A12FA0F1F716FE2168042086
:10E8F0004870002120680462206800F06DF800284C
:10E9000024D020684078042806D012A340F2C272B6
:10E910002EA124A0F1F700FE2E4805F01FFB206871
:10E9200000210C3005F084FA2A4805F003FB20682A
:10E93000407800280AD0BDE8704006A340F2C672B5
:10E9400022A118A0F1F7E8BDFB20207170BD227153
:10E9500070BD00002E2E2F4D6964646C6577617266
:10E9600065732F54686972645F50617274792F4CBB
:10E970007749502F7372632F6170692F6170695FDF
:10E980006D73672E63000000616C726561647920AD
:10E9900077726974696E67206F7220636C6F736938
:10E9A0006E670000417373657274696F6E20222573
:10E9B0007322206661696C6564206174206C696EE5
:10E9C0006520256420696E2025730A0073746174C4
:10E9D00065210000D04C00242DE9F04704008A4650
:10E9E00006D16AA340F2A23275A179A0F1F794FD95
:10E9F00020780121B1EB101F06D064A340F2A332AE
:10EA00007DA173A0F1F788FD6078042806D05FA38C
:10EA10004FF4697280A16EA0F1F77EFD606830B995
:10EA20005AA340F2A53285A169A0F1F775FD206ACD
:10EA300030B956A340F2A63285A165A0F1F76CFD6E
:10EA4000216AD4F80480087A032800F0010900F054
:10EA500002070FD0B9F1000F07D098F8140005286D
:10EA600008D0062806D0082804D04FB198F81A001C
:10EA7000C00605D501264046002105F02FFD00E027
:10EA8000002698F8140001281DD0B9F1000F07D016
:10EA90000021404609F008F80021404605F081FCBD
:10EAA0001FB10021404609F03FFD96B100224046CB
:10EAB000114608F019F80021404606F0EDF84046EE
:10EAC00005F010FD0AE00021404605F06AFC002E2A
:10EAD000F5D13A464946404609F078FD05000ED08A
:10EAE000681C0CD1206A407A20B198F814000128E3
:10EAF00030D036E01EB1404605F050FC0025216ABA
:10EB00000020D1F800800D71206208F10C086070BF
:10EB1000BDB936B1636A60601BB100222046042192
:10EB20009847B9F1000F05D0636A1BB10022204657
:10EB3000114698472FB1636A1BB10022204602217B
:10EB40009847BAF1000F02D0404605F028FA00209D
:10EB5000BDE8F0870DA340F2414244A11CA0F1F7AB
:10EB6000DBFC1FB14A49404609F0DEFC494901225D
:10EB7000404607F0B9FF4849404606F08DF8214667
:10EB8000404605F0ABFC2846E2E700002E2E2F4D54
:10EB90006964646C6577617265732F546869726427
:10EBA0005F50617274792F4C7749502F7372632FC5
:10EBB0006170692F6170695F6D73672E630000007B
:10EBC000696E76616C696420636F6E6E0000000090
:10EBD000417373657274696F6E20222573222066FB
:10EBE00061696C6564206174206C696E65202564C0
:10EBF00020696E2025730A00746869732069732088
:10EC0000666F7220746370206E6574636F6E6E73CE
:10EC1000206F6E6C79000000636F6E6E206D7573EF
:10EC20007420626520696E207374617465204E459E
:10EC300054434F4E4E5F434C4F5345007063622028
:10EC4000616C726561647920636C6F736564000048
:10EC5000636F6E6E2D3E63757272656E745F6D7359
:10EC60006720213D204E554C4C000000436C6F73D3
:10EC7000696E672061206C697374656E20706362D1
:10EC8000206D6179206E6F74206661696C210000CF
:10EC90009D3C010821320108C5B9000870B5044641
:10ECA00000684578002D16D000780121B1EB101FC7
:10ECB00006D03AA340F25E4245A14AA0F1F72CFCEF
:10ECC000022D08D0032D03D12068007F400702D415
:10ECD000FB20207121E000252571206801F015FF3F
:10ECE0002068416869B1027802F0F002102A1AD057
:10ECF000202A04D1CD61206840680BF0C9FB206850
:10ED000045602068436A43B1002211469847206855
:10ED1000436A13B10022022198472068BDE8704081
:10ED20000C3005F03FB9006A30B11CA340F29442A8
:10ED300036A12CA0F1F7F0FB2268042103205170CA
:10ED400000212072206804622068FFF745FE002839
:10ED500022D020684078042806D010A340F29A42BE
:10ED600031A120A0F1F7D8FB314805F0F7F8206871
:10ED700000210C3005F05CF82D4805F0DBF8206828
:10ED80004078002808D0BDE8704004A340F29E42BD
:10ED900025A114A0F1F7C0BB70BD00002E2E2F4D91
:10EDA0006964646C6577617265732F546869726415
:10EDB0005F50617274792F4C7749502F7372632FB3
:10EDC0006170692F6170695F6D73672E6300000069
:10EDD0006E6574636F6E6E20737461746520657206
:10EDE000726F7200417373657274696F6E202225B1
:10EDF0007322206661696C6564206174206C696EA1
:10EE00006520256420696E2025730A00616C726597
:10EE10006164792077726974696E67206F7220630C
:10EE20006C6F73696E670000737461746521000014
:10EE3000D04C00246FF00A020168496800292FD0E5
:10EE4000037C0BB1096800E0496883681960002100
:10EE5000017101680B7803F0F003102B13D0202B05
:10EE600006D010A340F27D721BA121A0F1F754BB84
:10EE7000037C496813B1C068498A0FE00B7C5B07CB
:10EE80000ED5898A09E0037C49680BB1C98A04E080
:10EE90000B7D2BB1012B03D0098BC068018070471B
:10EEA000027170472E2E2F4D6964646C6577617214
:10EEB00065732F54686972645F50617274792F4C66
:10EEC0007749502F7372632F6170692F6170695F8A
:10EED0006D73672E63000000696E76616C69642053
:10EEE0006E6574636F6E6E5F74797065000000000C
:10EEF000417373657274696F6E20222573222066D8
:10EF000061696C6564206174206C696E652025649C
:10EF100020696E2025730A0000210171016849688B
:10EF2000002901D104F030B870472DE9F0410021EB
:10EF30000171044600684168002915D0007801215C
:10EF4000B1EB101F10D1A5680F044FF6FF78BD423A
:10EF500001D3404600E0284686B22068314640682A
:10EF600008F04CFEAD1BF2D1BDE8F08170B505464E
:10EF7000006801F018FE50B92A686FF00A01506865
:10EF800020B1127802F0F002202A02D0084628713F
:10EF900070BDAC68A16831B1A38904F10802216891
:10EFA0000BF02CFBF3E721680BF0CAFAEFE7000047
:10EFB00010B50446006801F0F6FD002850D1206825
:10EFC00001210278B1EB121F48D142780AB1881FA3
:10EFD00046E04268002A3ED041702068006A30B1A5
:10EFE00020A340F223722CA132A0F1F795FA6069B8
:10EFF00030B91CA340F2247238A12EA0F1F78CFA8C
:10F00000206800210462206800F078F8002828D0E9
:10F0100020684078012806D012A34FF4E56234A19D
:10F0200024A0F1F779FA344804F098FF2068002111
:10F030000C3004F0FDFE304804F07CFF206840787E
:10F0400001280ED1BDE8104006A340F22C7228A181
:10F0500018A0F1F761BA6FF00A0001E06FF0050047
:10F06000207110BD2E2E2F4D6964646C657761721E
:10F0700065732F54686972645F50617274792F4CA4
:10F080007749502F7372632F6170692F6170695FC8
:10F090006D73672E63000000616C72656164792096
:10F0A00077726974696E67206F7220636C6F736921
:10F0B0006E670000417373657274696F6E2022255C
:10F0C0007322206661696C6564206174206C696ECE
:10F0D0006520256420696E2025730A006D73672DF5
:10F0E0003E6D73672E772E6C656E20213D203000BB
:10F0F0007374617465210000D04C00242DE9F34F36
:10F1000004004FF0000A81B006D189A340F2736277
:10F1100094A198A0F1F700FA6078012806D084A3A2
:10F1200040F274629DA193A0F1F7F6F9206A0028DD
:10F1300006D17FA340F27562A0A18EA0F1F7ECF991
:10F14000606830B97AA340F27662A3A189A0F1F792
:10F15000E3F9206AD0E90501814206D374A340F2A5
:10F160007762A3A183A0F1F7D7F9206A80890028EC
:10F1700006D16FA340F27962ADA17EA0F1F7CCF980
:10F18000216A207F00F002000F7F07F0040108438E
:10F1900000D001204FF6FF7B804600BF216A4FF46C
:10F1A000803988680969D0E9000208440090551A3E
:10F1B0004D4503D347F002075E4600E0AEB26068FB
:10F1C000B0F86400B0420ED2B8F1000F064608D085
:10F1D0004EB9206A806908B100254DE06FF0060540
:10F1E0004AE047F002078819904206D950A340F23E
:10F1F000A36299A15FA0F1F78FF95E4501D14D455A
:10F2000006D2A8B2B04207D1206A8089012803D96A
:10F21000012047F0020700E0002000998146606865
:10F220003B46324609F06EFF050019D1206A81691C
:10F2300031448161206A016931440161206A826838
:10F24000526891420CD18189491E0904090C8181BF
:10F25000206A05D00021826808328260206A01613C
:10F26000B9F1000F02D0002D98D000E00DB1681C5C
:10F2700045D1B8F1000F0FD0206AD0E905018142D5
:10F280000AD2636A1BB10022204603219847207FDF
:10F2900040F0100020770FE06068B0F86410B1F51E
:10F2A000866F03D3B0F86600052805D3636A1BB1E7
:10F2B000002220460321984715B1681C13D01EE098
:10F2C000206AD0E90501814202D0B8F1000F01D0D7
:10F2D0004FF0010A606806F031FD011D20D0BAF13F
:10F2E000000F0CD121E0606806F028FD011D17D049
:10F2F000B8F1000F19D0206A806998B10025226A00
:10F3000002990020002911681571206201F10C0199
:10F31000607002D0084604F042FE0020BDE8FE8F77
:10F320000546ECE76FF00605E9E74FF0FF30F5E73B
:10F330002E2E2F4D6964646C6577617265732F544E
:10F34000686972645F50617274792F4C7749502FED
:10F350007372632F6170692F6170695F6D73672EBF
:10F3600063000000636F6E6E20213D204E554C4CB3
:10F3700000000000417373657274696F6E2022256E
:10F380007322206661696C6564206174206C696E0B
:10F390006520256420696E2025730A00636F6E6EF8
:10F3A0002D3E7374617465203D3D204E4554434F9E
:10F3B0004E4E5F575249544500000000636F6E6E19
:10F3C0002D3E63757272656E745F6D736720213DAB
:10F3D000204E554C4C000000636F6E6E2D3E7063E6
:10F3E000622E74637020213D204E554C4C0000006D
:10F3F000636F6E6E2D3E63757272656E745F6D73B2
:10F40000672D3E6D73672E772E6F66667365742069
:10F410003C20636F6E6E2D3E63757272656E745F15
:10F420006D73672D3E6D73672E772E6C656E0000D1
:10F43000636F6E6E2D3E63757272656E745F6D7371
:10F44000672D3E6D73672E772E766563746F725FDE
:10F45000636E74203E2030006C7769705F6E657457
:10F46000636F6E6E5F646F5F77726974656D6F72E4
:10F47000653A20696E76616C6964206C656E6774AC
:10F480006821000010B510F10F0F13D010F10E0F0E
:10F490000DD010F10D0F08D028B17D2207A314A1C3
:10F4A00017A0F1F739F8002010BD1F4810BD1E4805
:10F4B000401C10BD1C48801C10BD00002E2E2F4D7E
:10F4C0006964646C6577617265732F5468697264EE
:10F4D0005F50617274792F4C7749502F7372632F8C
:10F4E0006170692F6170695F6D73672E6300000042
:10F4F000756E68616E646C6564206572726F72000F
:10F50000417373657274696F6E20222573222066C1
:10F5100061696C6564206174206C696E6520256486
:10F5200020696E2025730A0070BF010870B50C00B9
:10F53000054605D185220DA319A11CA0F0F7ECFF0B
:10F540002448854201D1F3200AE02248401C85422C
:10F5500001D1F22004E01F48801C854203D1F12034
:10F560002070012070BD002070BD00002E2E2F4D98
:10F570006964646C6577617265732F54686972643D
:10F580005F50617274792F4C7749502F7372632FDB
:10F590006170692F6170695F6D73672E6300000091
:10F5A00065727220213D204E554C4C0041737365AD
:10F5B0007274696F6E2022257322206661696C6502
:10F5C00064206174206C696E6520256420696E205A
:10F5D00025730A0070BF01082DE9F84FB2F1004F02
:10F5E00099466FF0004A8B4607464FF008084FF0E7
:10F5F000000500D35246164637B944A340F29E3266
:10F600004FA153A0F0F788FF396801200978B0EBCB
:10F61000111F06D03DA340F29F3257A14CA0F0F736
:10F620007BFF5FEA097001D54FF00C08786808B1DC
:10F63000009021E038684246694601F0DDFD040093
:10F640000ED0002D59DCFCF7A1FA08B1534908602F
:10F650000F3403D04FF0FF30BDE8F88F0020FBE7F8
:10F66000009830B929A340F2C5324DA138A0F0F777
:10F6700053FF0098786000980489B44200DBB4B26C
:10F680002919A94202DAAAEB05018CB2002322460D
:10F690000BEB050103F084F9A642254406DA1BA30F
:10F6A00040F2DD3241A12AA0F0F736FF5FEAC970CF
:10F6B000A6EB040618D100980089A04206D213A335
:10F6C00040F2E33243A122A0F0F726FF009801891F
:10F6D000091B002904DD214603F0BAFA786003E033
:10F6E0000021796003F0EAF9002E48F0140802DDE9
:10F6F0005FEAC9709AD0002D06DD5FEAC97003D1B8
:10F700003868294601F07CFE2846A5E72E2E2F4DAD
:10F710006964646C6577617265732F54686972649B
:10F720005F50617274792F4C7749502F7372632F39
:10F730006170692F736F636B6574732E63000000D3
:10F740006E6F20736F636B657420676976656E00FA
:10F75000417373657274696F6E202225732220666F
:10F7600061696C6564206174206C696E6520256434
:10F7700020696E2025730A00746869732073686FAE
:10F78000756C6420626520636865636B65642069DD
:10F790006E7465726E616C6C790000008C4D002493
:10F7A0007020213D204E554C4C000000696E766162
:10F7B0006C696420636F70796C656E2C206C656E6B
:10F7C00020776F756C6420756E646572666C6F77F8
:10F7D00000000000696E76616C696420636F707967
:10F7E0006C656E002DE9F04F8DB09B46164689463C
:10F7F0008246DDE91674FDF777FC05004FF0FF380F
:10F800003FD0286801210078B1EB101F1AD15B4668
:10F81000324649462846FFF7DFFE064677B16CB10F
:10F820002868002301AA02A901F082FA009402A923
:10F83000BDF804203B46286800F0DCF930460DB0E6
:10F84000BDE8F08F0020ADF814000B900A900C90EA
:10F8500001A8CDE908010697CDE901960CB1206811
:10F8600000E00020594605ABCDF800A006AA07909D
:10F87000284600F01FF830B1FCF788F908B10C49B0
:10F8800008604046DBE7BDF81400864201D23246EC
:10F8900000E002466FF000418A4203D2864202D263
:10F8A000304600E00846002CC9D007992160C6E721
:10F8B0008C4D00242DE9FC5F06469068994614465D
:10F8C00000288A460DD1E06800280ADD34A340F202
:10F8D000494240A14AA0F0F71FFE6FF00F00BDE8BB
:10F8E000FC9F5FEA0A7001D5042200E000227068E4
:10F8F000019080B9306801A901F0D4FC0028EED154
:10F90000019830B926A340F25E4247A13CA0F0F72F
:10F9100003FE01987060002701983D464FF0040BEC
:10F920000068B0F8088016E0A1680BEBC503A8EBEF
:10F93000070290B2CA58824200D890B20090019853
:10F940003B4651F83510009A006803F029F80098FA
:10F950006D1C384487B2E068A84201DD4745E3D317
:10F9600023684BB1606838B10199201D0090306860
:10F970008A89083100F03EF921690020A06101B1B7
:10F9800060615FEACA7103D17060019800F004FF02
:10F99000B9F1000F01D0A9F8008000209FE7000016
:10F9A0002E2E2F4D6964646C6577617265732F54D8
:10F9B000686972645F50617274792F4C7749502F77
:10F9C0007372632F6170692F736F636B6574732E2D
:10F9D000630000006C7769705F7265637666726FB2
:10F9E0006D5F7564705F7261773A20696E76616CE5
:10F9F000696420617267756D656E74730000000044
:10FA0000417373657274696F6E20222573222066BC
:10FA100061696C6564206174206C696E6520256481
:10FA200020696E2025730A0062756620213D204EF4
:10FA3000554C4C002DE9FE431C46164688460746A9
:10FA4000FDF752FB4FF0FF3538B303680122002168
:10FA50001B78B2EB131F09D023463246384600917B
:10FA60000191414600F020F8BDE8FE830222029198
:10FA700002EAD40304275B1C07EA54010B43414606
:10FA800002AA00920068324601F06EFD0446FCF7BF
:10FA90007DF808B1034908600CB12846E4E70298F4
:10FAA000E2E700008C4D00242DE9FF5FDDE90E49FF
:10FAB0001F4690468B468246FDF716FB05004FF029
:10FAC000FF3653D0296801200978B0EB111F08D107
:10FAD0003B46424659465046FFF7ACFF04B0BDE8EE
:10FAE000F09F244FB8F5803F01D35A2019E01FFA48
:10FAF00088F854EA090016D0B9F1100F05D124B1E5
:10FB00006078022801D1A0070DD01BA340F25262F9
:10FB100026A12EA0F0F700FD6FF00F00FCF736F8DD
:10FB200020B3386022E00021019100912CB160687F
:10FB300002906088FEF77CFE01E0002002914246C0
:10FB40005946ADF80C00684600F088FE040004D168
:10FB50002868694601F000FC0446684600F02EFE65
:10FB60002046FCF713F800B138600CB13046B5E719
:10FB70004046B3E78C4D00242E2E2F4D6964646CF3
:10FB80006577617265732F54686972645F50617242
:10FB900074792F4C7749502F7372632F6170692FDE
:10FBA000736F636B6574732E630000006C7769700C
:10FBB0005F73656E64746F3A20696E76616C696418
:10FBC00020616464726573730000000041737365A3
:10FBD0007274696F6E2022257322206661696C65DC
:10FBE00064206174206C696E6520256420696E2034
:10FBF00025730A002DE9FF470C9C0F00984691469B
:10FC00004FF0000606D11DA340F2074228A12DA007
:10FC1000F0F782FCB8F1000F06D118A34FF481620F
:10FC200032A128A0F0F778FC34B914A340F20942BD
:10FC300032A124A0F0F770FC10258DF800500220AE
:10FC40008DF801004846FEF7F3FDADF802000020F4
:10FC50003968CDE9011003902068102802D24FF0D6
:10FC6000010601E000D92560694622684046F0F7A8
:10FC700060FE04B03046BDE8F08700002E2E2F4D08
:10FC80006964646C6577617265732F546869726426
:10FC90005F50617274792F4C7749502F7372632FC4
:10FCA0006170692F736F636B6574732E630000005E
:10FCB00066726F6D6164647220213D204E554C4C1C
:10FCC00000000000417373657274696F6E20222515
:10FCD0007322206661696C6564206174206C696EB2
:10FCE0006520256420696E2025730A0066726F6D99
:10FCF00020213D204E554C4C0000000066726F6D77
:10FD00006C656E20213D204E554C4C0070B5174D52
:10FD100001294FF0FF361BD0022907D0032901D05B
:10FD200016201FE04020D1B2114A04E0882A0DD0ED
:10FD300020200F4A002101F081F804000CD000219E
:10FD4000FBF71CFD411C09D0A06170BD2120F0E72C
:10FD50000021074A1020EEE7692003E0204600F06A
:10FD6000C5FE17202860304670BD00008C4D002471
:10FD7000A5CB000818B5002210F00103ADF8002053
:10FD80000CD000290ADD10F8014B491E8DF8014006
:10FD900004E000BF30F8024B891E22440129F9DC3F
:10FDA000002902DD00788DF80000BDF80000104445
:10FDB0004FEA104111FA80F04FEA104111FA80F039
:10FDC00023B1C1B2C0F3072040EA012080B218BDC0
:10FDD000F9F740FEF6F7A8F8F1F708FFFAF716FC76
:10FDE000F9F794FFF8F7ECFF0B4801224FF4C071CC
:10FDF000F6F781F8F9F7AAFEF9F7BEFEF9F782FEE9
:10FE0000FAF798F8F9F756F908B1F3F75DFEF9F744
:10FE100033FF02F002F8FEE7001C02588428014676
:10FE20004FF0000000D0C81C704700002DE9F041E1
:10FE3000002861D0810704D030A340F273223BA197
:10FE40000DE0434DA0F1080429688C4203D3696892
:10FE50000C30884207D929A340F27F223DA144A05B
:10FE6000F0F75AFB2FE03A48083004F063F82079A5
:10FE700000282ED02888201A86B2208803F094FC0F
:10FE80000746608803F090FC218800224FF4C86385
:10FE900099420DD8618899420AD8B14202D00088AF
:10FEA000B04205D16868874218D07888B04215D032
:10FEB00012A340F2952238A12DA0F0F72DFB244883
:10FEC000083004F04BF803F0A7FFBDE8F04103F061
:10FED000CBBF0AA34FF423723CA1EDE72271E8687F
:10FEE000844200D2EC60204603F0CAF8BDE8F0413D
:10FEF0001748083004F032B8BDE8F0812E2E2F4D9F
:10FF00006964646C6577617265732F5468697264A3
:10FF10005F50617274792F4C7749502F7372632F41
:10FF2000636F72652F6D656D2E6300006D656D5F8B
:10FF3000667265653A2073616E69747920636865DD
:10FF4000636B20616C69676E6D656E740000000004
:10FF5000D44C00246D656D5F667265653A20696CEE
:10FF60006C6567616C206D656D6F727900000000D3
:10FF7000417373657274696F6E2022257322206647
:10FF800061696C6564206174206C696E652025640C
:10FF900020696E2025730A006D656D5F6672656568
:10FFA0003A20696C6C6567616C206D656D6F727964
:10FFB0003A206E6F6E2D6C696E6B65643A20646FCB
:10FFC00075626C6520667265650000006D656D5F29
:10FFD000667265653A20696C6C6567616C206D6559
:10FFE0006D6F72793A20646F75626C652066726518
:10FFF0006500000070B5124C4FF4C8650F48002131
:020000040801F1
:100000002060058041800171284603F0CDFB6060CF
:1000100001210171058045802068E06004F108003D
:1000200003F08DFF002808D0BDE8704005A340F222
:100030001F2210A116A0F0F76FBA70BD004000306B
:10004000D44C00242E2E2F4D6964646C6577617248
:1000500065732F54686972645F50617274792F4CB4
:100060007749502F7372632F636F72652F6D656DC3
:100070002E6300006661696C656420746F20637292
:1000800065617465206D656D5F6D757465780000E0
:10009000417373657274696F6E2022257322206626
:1000A00061696C6564206174206C696E65202564EB
:1000B00020696E2025730A002DE9F04700280ED034
:1000C000C41C4FF6FC710C400C2C4FF4C86901D2D3
:1000D0000C2401E04C4501D8844202D20020BDE846
:1000E000F087444803F026FF4248C4F5C867083843
:1000F000824681890088081A86B274E0304603F08F
:1001000053FB0546007900286AD12888801B0838EF
:10011000A04265D3298804F114004FF00108891B1F
:10012000083981421DD33019083087B24F4506D1B6
:1001300031A340F287323CA140A0F0F7EDF93846F8
:1001400003F032FB002101712A88028046802F8053
:1001500085F804800088484505D003F025FB4780DA
:1001600001E085F804805646DAF80C00854203D099
:1001700014E0008803F018FB017911B1716888421E
:10018000F7D1F0607168884208D0007930B11AA3C5
:1001900040F2B53233A129A0F0F7BEF9154803F0BB
:1001A000DDFE716828190830884206D912A340F292
:1001B000B93233A121A0F0F7AFF9A8070DD00EA3F3
:1001C00040F2BB323AA11DA0F0F7A6F90AA340F213
:1001D000BD3243A119A0F0F79FF905F108007EE7B1
:1001E000DAF80000865BB74288D8024803F0B6FE12
:1001F00074E70000DC4C00242E2E2F4D6964646CE3
:100200006577617265732F54686972645F506172BB
:1002100074792F4C7749502F7372632F636F726517
:100220002F6D656D2E630000696E76616C696420C8
:100230006E657874207074720000000041737365FD
:100240007274696F6E2022257322206661696C6565
:1002500064206174206C696E6520256420696E20BD
:1002600025730A006D656D5F6D616C6C6F633A207C
:10027000216C667265652D3E757365640000000033
:100280006D656D5F6D616C6C6F633A20616C6C6F56
:100290006361746564206D656D6F7279206E6F7433
:1002A0002061626F76652072616D5F656E642E00FD
:1002B0006D656D5F6D616C6C6F633A20616C6C6F26
:1002C0006361746564206D656D6F72792070726F03
:1002D0007065726C7920616C69676E65642E0000D0
:1002E0006D656D5F6D616C6C6F633A2073616E69F3
:1002F000747920636865636B20616C69676E6D65F6
:100300006E74000002490988401A80B270470000EC
:10031000D44C00242DE9F05FCC1C06464FF6FC704F
:1003200004400C2C4FF4C86A01D20C2401E054455F
:100330002FD88C422DD3464F3868864202D3786836
:10034000864206D343A340F2D1224EA153A0F0F738
:10035000E3F83868864202D379688E4204D303F00A
:100360005BFD03F081FD19E0A6F10805BB46291AE3
:100370008FB22888C01B08381FFA80F94C4506D96F
:1003800034A34FF439724FA144A0F0F7C5F84C459F
:1003900003D94FF00000BDE8F09F01D13046FAE7E5
:1003A0002B4800F1080003F0C5FD288803F0FCF994
:1003B0008046007900282AD004F11400484521D84D
:1003C00038192988083084B2514506D121A340F25A
:1003D000163244A131A0F0F79FF8204603F0E4F96B
:1003E000DBF80C20904201D2CBF80C000021017107
:1003F0002988018047802C800088504502D003F076
:10040000D3F944801248083003F0A8FDC6E72888D5
:10041000504506D10FA340F2F52232A11FA0F0F7FC
:100420007BF83819DBF80C200830B8F8009084B25B
:10043000424504D1204603F0B7F9CBF80C00204622
:1004400003F0B2F900210171A0F80090D2E700009A
:10045000D44C00242E2E2F4D6964646C6577617234
:1004600065732F54686972645F50617274792F4CA0
:100470007749502F7372632F636F72652F6D656DAF
:100480002E6300006D656D5F7472696D3A206C6556
:1004900067616C206D656D6F7279000041737365E3
:1004A0007274696F6E2022257322206661696C6503
:1004B00064206174206C696E6520256420696E205B
:1004C00025730A006D656D5F7472696D2063616EDE
:1004D000206F6E6C7920736872696E6B206D656D2C
:1004E0006F727900696E76616C6964206E657874EC
:1004F00020707472000000000D2806D307A34FF48B
:10050000D57212A118A0F0F707B8002904D0204A2C
:1005100052F82000FBF7A6B9704700002E2E2F4D91
:100520006964646C6577617265732F54686972647D
:100530005F50617274792F4C7749502F7372632F1B
:10054000636F72652F6D656D702E63006D656D70E4
:100550005F667265653A2074797065203C204D4570
:100560004D505F4D41580000417373657274696F5F
:100570006E2022257322206661696C656420617497
:10058000206C696E6520256420696E2025730A0041
:1005900054C0010818B1002908D0FBF763B904A3BF
:1005A00040F295120EA113A0EFF7B6BF70470000FE
:1005B0002E2E2F4D6964646C6577617265732F54BC
:1005C000686972645F50617274792F4C7749502F5B
:1005D0007372632F636F72652F6D656D702E63008C
:1005E000696E76616C696420706F6F6C20646573EE
:1005F00063000000417373657274696F6E20222579
:100600007322206661696C6564206174206C696E78
:100610006520256420696E2025730A0030B5064DDB
:100620005FF0000455F8240000F008F8641CA4B240
:100630000D2CF7D330BD000054C0010882680021A2
:1006400011600A464168C91C21F0030107E0836874
:10065000521C1B680B608368196003881944438827
:100660009342F4DC7047000010B50D2808D308A3AE
:1006700040F2571212A11AA0EFF74EFF002010BD52
:10068000214951F82000BDE81040FBF73FB90000B8
:100690002E2E2F4D6964646C6577617265732F54DB
:1006A000686972645F50617274792F4C7749502F7A
:1006B0007372632F636F72652F6D656D702E6300AB
:1006C0006D656D705F6D616C6C6F633A20747970ED
:1006D00065203C204D454D505F4D415800000000C5
:1006E000417373657274696F6E20222573222066D0
:1006F00061696C6564206174206C696E6520256495
:1007000020696E2025730A0054C0010810B518B185
:10071000BDE81040FBF7FAB804A34FF49E720FA196
:1007200013A0EFF7F9FE002010BD00002E2E2F4D74
:100730006964646C6577617265732F54686972646B
:100740005F50617274792F4C7749502F7372632F09
:10075000636F72652F6D656D702E6300696E7661D3
:100760006C696420706F6F6C2064657363000000B7
:10077000417373657274696F6E202225732220663F
:1007800061696C6564206174206C696E6520256404
:1007900020696E2025730A0010B504000CD0206873
:1007A00020B102F08BF90020606020602146BDE896
:1007B00010400620FFF7A0BE10BD000010B50400D9
:1007C00007D0206808B102F079F90020606020604D
:1007D00010BDBDE81040812202A30FA115A0EFF7C4
:1007E0009BBE00002E2E2F4D6964646C657761728C
:1007F00065732F54686972645F50617274792F4C0D
:100800007749502F7372632F6170692F6E65746220
:1008100075662E63000000006E65746275665F6623
:100820007265653A20696E76616C696420627566EE
:1008300000000000417373657274696F6E20222599
:100840007322206661696C6564206174206C696E36
:100850006520256420696E2025730A0070B50400A8
:1008600015460E4614D0206808B102F027F941223F
:100870000021362001F00AFD0028206011D04660DA
:10088000206805812068458120686060002070BD77
:10089000992206A312A118A0EFF73EFE6FF00F00F9
:1008A00070BD00206060401E70BD00002E2E2F4DD8
:1008B0006964646C6577617265732F5468697264EA
:1008C0005F50617274792F4C7749502F7372632F88
:1008D0006170692F6E65746275662E63000000009A
:1008E0006E65746275665F7265663A20696E7661E0
:1008F0006C69642062756600417373657274696F18
:100900006E2022257322206661696C656420617403
:10091000206C696E6520256420696E2025730A00AD
:100920002DE9F0410E4607460720FFF79DFE040023
:1009300026D02770002507F0F0002572102865608A
:1009400009D0202807D016A340F2E52221A12BA030
:10095000EFF7E2FD0FE004F110000621074603F077
:10096000C1FA40B9002104F10C0003F0FFFA48B1CC
:10097000384603F0ADFA07202146FFF7BDFD002001
:10098000BDE8F08104F1140003F0C2FA66624FF092
:10099000FF3065702562A06120462577F0E70000F2
:1009A0002E2E2F4D6964646C6577617265732F54C8
:1009B000686972645F50617274792F4C7749502F67
:1009C0007372632F6170692F6170695F6D73672E39
:1009D000630000006E6574636F6E6E5F616C6C6FB8
:1009E000633A20756E646566696E6564206E657431
:1009F000636F6E6E5F74797065000000417373659C
:100A00007274696F6E2022257322206661696C659D
:100A100064206174206C696E6520256420696E20F5
:100A200025730A0010B50A680C460C3209F01EF94D
:100A3000002801D194F9040010BD000000B589B070
:100A400058B1009029228DF80810694608488DF8A1
:100A50000920FFF7E7FF09B000BD06A340F24742B7
:100A600011A118A0EFF758FD6FF00F00F3E7000099
:100A7000A1E800082E2E2F4D6964646C65776172C1
:100A800065732F54686972645F50617274792F4C7A
:100A90007749502F7372632F6170692F6170695F9E
:100AA0006C69622E630000006E6574636F6E6E5F2A
:100AB000636C6F73653A20696E76616C696420635C
:100AC0006F6E6E00417373657274696F6E202225BC
:100AD0007322206661696C6564206174206C696EA4
:100AE0006520256420696E2025730A0070B5050015
:100AF00004D000F05FFA040002D004E0002070BDD2
:100B0000284600F05FF8204670BD7CB504461030E2
:100B1000064603F00AFAF0B101256946304603F0B3
:100B20006AF9401C11D02078B5EB101F09D100984C
:100B300001A9FEF7FBFC0028EFD1009801F0BEFFF1
:100B4000EBE70098FFF728FEE7E7304603F0C0F92F
:100B5000304603F0DDF904F11400064603F0E5F930
:100B600000281FD000256946304603F044F9401C98
:100B700012D0009801A9FEF7D9FC0028F3D1009CFF
:100B80002046FFF7C2FF606810B103F007FC656004
:100B9000204600F017F8E6E7304603F099F93046B2
:100BA00003F0B6F97CBD70B5040009D003F034F948
:100BB00094F908500021217203F056F9284670BDBF
:100BC000002070BD70B504464068002806D017A309
:100BD0004FF4477222A12EA0EFF79EFC04F1100003
:100BE00003F0A3F9002806D010A340F2233232A16B
:100BF00027A0EFF791FC04F1140003F096F9002808
:100C000006D00AA340F226323AA121A0EFF784FCD5
:100C100004F10C00054603F0A6F9284603F0BCF9E0
:100C20002146BDE870400720FFF766BC2E2E2F4DF1
:100C30006964646C6577617265732F546869726466
:100C40005F50617274792F4C7749502F7372632F04
:100C50006170692F6170695F6D73672E63000000BA
:100C6000504342206D757374206265206465616C29
:100C70006C6F6361746564206F757473696465205B
:100C8000746869732066756E6374696F6E00000026
:100C9000417373657274696F6E202225732220661A
:100CA00061696C6564206174206C696E65202564DF
:100CB00020696E2025730A00726563766D626F7815
:100CC000206D757374206265206465616C6C6F6360
:100CD00061746564206265666F72652063616C6C27
:100CE000696E6720746869732066756E6374696FD6
:100CF0006E0000006163636570746D626F78206DD3
:100D0000757374206265206465616C6C6F636174D7
:100D10006564206265666F72652063616C6C696EE4
:100D20006720746869732066756E6374696F6E00FE
:100D300010B588B06FF00F0468B189B1002A14D0E3
:100D4000CDE90212009069460C488DF81030FFF78B
:100D500069FE08B010BD0AA34FF4897215A108E01E
:100D600007A340F213121BA103E005A34FF48A72FC
:100D700020A128A0EFF7D0FB2046EAE735EE0008D7
:100D80002E2E2F4D6964646C6577617265732F54E4
:100D9000686972645F50617274792F4C7749502F83
:100DA0007372632F6170692F6170695F6C69622E65
:100DB000630000006E6574636F6E6E5F67657461DB
:100DC0006464723A20696E76616C696420636F6E48
:100DD0006E0000006E6574636F6E6E5F67657461B0
:100DE0006464723A20696E76616C6964206164643F
:100DF000720000006E6574636F6E6E5F676574618C
:100E00006464723A20696E76616C696420706F72F6
:100E100074000000417373657274696F6E2022253F
:100E20007322206661696C6564206174206C696E50
:100E30006520256420696E2025730A0070B588B08E
:100E40000D461146FFF76CFD040042D0224869466A
:100E50008DF808500094FFF7E5FD002839D0606850
:100E6000002805D0A3221DA329A132A0EFF754FB2F
:100E700004F11000054603F058F828B9A42217A37E
:100E800036A12CA0EFF748FB04F1140003F04DF855
:100E9000002805D0A62211A336A126A0EFF73CFB1F
:100EA00004F10C00064603F07DF828B9A9220BA333
:100EB00039A120A0EFF730FB304603F054F8284664
:100EC00003F006F807202146FFF716FB002008B0C4
:100ED00070BD2046FBE7000019EF00082E2E2F4DB5
:100EE0006964646C6577617265732F5468697264B4
:100EF0005F50617274792F4C7749502F7372632F52
:100F00006170692F6170695F6C69622E6300000017
:100F100066726565696E6720636F6E6E20776974AF
:100F2000686F75742066726565696E6720706362AC
:100F300000000000417373657274696F6E20222592
:100F40007322206661696C6564206174206C696E2F
:100F50006520256420696E2025730A00636F6E6E1C
:100F600020686173206E6F20726563766D626F78A2
:100F700000000000636F6E6E2D3E616363657074E8
:100F80006D626F782073686F756C646E277420656E
:100F90007869737400000000636F6E6E206861737F
:100FA000206E6F206F705F636F6D706C6574656429
:100FB0000000000000B5002889B007D0292100906A
:100FC00003488DF809106946FFF72CFD09B000BDF4
:100FD0009DEC00082DE9FC41044617460D004FF03A
:100FE00000006FF00F06009012D02860ACB104F141
:100FF0001000804602F099FF00286FF00A0614D016
:10100000207F07F0040200F00201114317D112E023
:101010002BA34FF4127237A103E029A340F24A2216
:101020003CA143A0EFF778FA17E02046FFF7BBFD9D
:10103000002813D111E0C00701D1207A98B1694688
:10104000404602F0D8FE401C12D12046FFF7ABFD0F
:10105000002803D1207FC00702D03046BDE8FC81C4
:101060006FF00600FAE700226946404602F0A0FE53
:1010700020780121B1EB101F0DD1009801A9FEF7D6
:1010800055FA30B19DF9040010F10F0FE6D10020A0
:10109000E4E700980AE0009830B909A340F29122F1
:1010A0002DA123A0EFF738FA00980068636A02893F
:1010B00013B101212046984700982860E7E7000017
:1010C0002E2E2F4D6964646C6577617265732F54A1
:1010D000686972645F50617274792F4C7749502F40
:1010E0007372632F6170692F6170695F6C69622E22
:1010F000630000006E6574636F6E6E5F7265637689
:101100003A20696E76616C696420706F696E7465EF
:10111000720000006E6574636F6E6E5F7265637659
:101120003A20696E76616C696420636F6E6E0000B0
:10113000417373657274696F6E2022257322206675
:1011400061696C6564206174206C696E652025643A
:1011500020696E2025730A0062756620213D204EAD
:10116000554C4C00F0B589B017460D46044610307A
:1011700002F0DBFE30B1207F010607D500F07F00D2
:10118000207721E06FF00A0009B0F0BD3A46294609
:101190002046FFF71FFF0600F6D12D68380707D459
:1011A0000DB1298900E001216A46204600F080F94E
:1011B0000DB13046E8E7F80606D5207F40F0800004
:1011C00020776FF00600DFE7636A1BB1002220463C
:1011D00001219847606830B101212046FFF72EFCBD
:1011E0006FF00E00D0E72046FFF7DDFC0028CBD1E2
:1011F0006FF00D00C8E7000010B520B1037801249E
:10120000B4EB131F09D007A340F2253212A11BA093
:10121000EFF782F96FF00F0010BDBDE81040FFF747
:10122000A1BF00002E2E2F4D6964646C657761723A
:1012300065732F54686972645F50617274792F4CC2
:101240007749502F7372632F6170692F6170695FE6
:101250006C69622E630000006E6574636F6E6E5F72
:10126000726563765F7463705F706275663A206959
:101270006E76616C696420636F6E6E004173736596
:101280007274696F6E2022257322206661696C6515
:1012900064206174206C696E6520256420696E206D
:1012A00025730A0010B520B103780124B4EB131F95
:1012B00009D107A34FF4537212A11DA0EFF72CF927
:1012C0006FF00F0010BDBDE81040FFF783BE0000B7
:1012D0002E2E2F4D6964646C6577617265732F548F
:1012E000686972645F50617274792F4C7749502F2E
:1012F0007372632F6170692F6170695F6C69622E10
:10130000630000006E6574636F6E6E5F7265637676
:101310005F7564705F7261775F6E65746275663A5F
:1013200020696E76616C696420636F6E6E000000E8
:10133000417373657274696F6E2022257322206673
:1013400061696C6564206174206C696E6520256438
:1013500020696E2025730A0000B589B038B100906D
:10136000084802916946FFF75DFB09B000BD06A37E
:1013700040F2B23211A118A0EFF7CEF86FF00F00D3
:10138000F3E700006DEF00082E2E2F4D6964646CAA
:101390006577617265732F54686972645F5061721A
:1013A00074792F4C7749502F7372632F6170692FB6
:1013B0006170695F6C69622E630000006E65746322
:1013C0006F6E6E5F73656E643A20696E76616C69EC
:1013D0006420636F6E6E0000417373657274696F91
:1013E0006E2022257322206661696C656420617419
:1013F000206C696E6520256420696E2025730A00C3
:1014000000B589B020B102780123B3EB121F0AD0D6
:1014100007A340F2B52213A11BA0EFF77DF86FF0F0
:101420000F0009B000BD6A4600F042F8F9E700007D
:101430002E2E2F4D6964646C6577617265732F542D
:10144000686972645F50617274792F4C7749502FCC
:101450007372632F6170692F6170695F6C69622EAE
:10146000630000006E6574636F6E6E5F7265637615
:101470005F7463705F706275663A20696E76616C46
:10148000696420636F6E6E00417373657274696F77
:101490006E2022257322206661696C656420617468
:1014A000206C696E6520256420696E2025730A0012
:1014B00010B520B103780124B4EB131F09D009A3A0
:1014C00040F2A72214A11DA0EFF726F86FF00F003D
:1014D00010BD916011461060BDE810402148FFF733
:1014E000A1BA00002E2E2F4D6964646C657761727D
:1014F00065732F54686972645F50617274792F4C00
:101500007749502F7372632F6170692F6170695F23
:101510006C69622E630000006E6574636F6E6E5FAF
:10152000726563765F7463705F706275663A206996
:101530006E76616C696420636F6E6E0041737365D3
:101540007274696F6E2022257322206661696C6552
:1015500064206174206C696E6520256420696E20AA
:1015600025730A002BEF00083EB5069C0094CDE9D8
:101570000112012201A900F001F83EBD2DE9F04160
:1015800088B000280E9E0ED0047801256FF0050863
:10159000B5EB141F13D02CA340F2EF3237A140A0BB
:1015A000EEF7BAFF3EE028A340F2EE3246A13CA09F
:1015B000EEF7B2FF6FF00F0008B0BDE8F081047FD6
:1015C00003F0040504F002042C4303D04FF001079C
:1015D00046B300E000270024254607E001EBC50CD8
:1015E000DCF804C06444A4451CD86D1C9542F5DBAE
:1015F000B4B1B4F1004F02D3A6B16FF00044029130
:1016000000250090ADF80C20694604958DF81C303B
:101610003448CDE90545FFF705FA050004D011E08F
:101620000020C9E74046C7E70EB1069830604FB9C1
:101630000698A04206D004A34FF486622AA118A0FF
:10164000EEF76AFF2846B7E72E2E2F4D6964646CCB
:101650006577617265732F54686972645F50617257
:1016600074792F4C7749502F7372632F6170692FF3
:101670006170695F6C69622E630000006E6574635F
:101680006F6E6E5F77726974653A20696E76616C11
:10169000696420636F6E6E2D3E7479706500000082
:1016A000417373657274696F6E2022257322206600
:1016B00061696C6564206174206C696E65202564C5
:1016C00020696E2025730A006E6574636F6E6E5F0D
:1016D00077726974653A20696E76616C696420631B
:1016E0006F6E6E00B1EF0008646F5F7772697465AA
:1016F000206661696C656420746F20777269746517
:1017000020616C6C20627974657300002DE9F047EC
:10171000DDE90978DDF820C0040003D03FB10029DD
:101720000DD00DE035A340F2271241A103E033A311
:101730004FF4947245A14EA0EEF7EEFE1BE0564921
:1017400002B9554A03B9544B00256560A560544859
:10175000E560524E6061A58484F82D50C4E9075CB1
:10176000307884F830002046C4F8108000F0BAF9D0
:101770002046B84710B10020BDE8F087AA4640F2E5
:101780008B1840F28D1900BF94F83000FF2801D16A
:1017900084F830A0002775681FE0A54205D117A383
:1017A000424640A132A0EEF7B7FE7F1CFF2F05DDB9
:1017B00012A34A4640A12EA0EEF7AEFE95F83000E7
:1017C00094F83010884207D1C8B2002D00F1010012
:1017D00084F83000D8D102E02D68002DDDD194F8D6
:1017E0003000FE2806D0401C307070682060204613
:1017F0007460C1E786F800A0F7E700002E2E2F4D99
:101800006964646C6577617265732F54686972648A
:101810005F50617274792F4C7749502F7372632F28
:10182000636F72652F6E657469662E630000000039
:101830006E657469665F6164643A20696E76616C96
:101840006964206E65746966000000006E657469E5
:10185000665F6164643A204E6F20696E6974206629
:10186000756E6374696F6E20676976656E0000003F
:10187000417373657274696F6E202225732220662E
:1018800061696C6564206174206C696E65202564F3
:1018900020696E2025730A00F4C00108184D002449
:1018A000DD1A01086E6574696620616C7265616499
:1018B0007920616464656400746F6F206D616E7976
:1018C000206E65746966732C206D61782E207375A7
:1018D00070706F72746564206E756D6265722069D8
:1018E000732032353500000070B50C46054604F013
:1018F000C7F821462846BDE8704008F05BBD0A687D
:10190000C3689A4204D001B90022C2600120704726
:1019100000207047F8B50C001546064606D113A303
:1019200040F2CB121EA122A0EEF7F6FD35B90FA3AF
:101930004FF4E6721AA11EA0EEF7EEFD2168706862
:10194000814210D00091694628602846FFF7CCFFFD
:101950003CB1206801217060304600F05FF8012042
:10196000F8BD0020F6E70020F8BD00002E2E2F4D18
:101970006964646C6577617265732F546869726419
:101980005F50617274792F4C7749502F7372632FB7
:10199000636F72652F6E657469662E6300000000C8
:1019A000696E76616C696420706F696E746572002F
:1019B000417373657274696F6E20222573222066ED
:1019C00061696C6564206174206C696E65202564B2
:1019D00020696E2025730A000A6883689A4204D041
:1019E00001B900228260012070470020704700008A
:1019F00001000CD00748406807E000BF90F8302095
:101A0000521CD2B28A4203D000680028F6D10020CE
:101A100070470000184D00247047000070B50400A6
:101A20000D4606D10DA340F26D3219A121A0EEF7AB
:101A300073FD94F82D0041070ED5C1070CD0E907BE
:101A40000AD06168002907D0000705D5211D20466E
:101A5000BDE87040FAF78EBD70BD00002E2E2F4DF0
:101A60006964646C6577617265732F546869726428
:101A70005F50617274792F4C7749502F7372632FC6
:101A8000636F72652F6E657469662E6300000000D7
:101A90006E657469665F69737375655F7265706F93
:101AA0007274733A20696E76616C6964206E657435
:101AB00069660000417373657274696F6E20222538
:101AC0007322206661696C6564206174206C696EA4
:101AD0006520256420696E2025730A006FF00B00D5
:101AE000704700002DE9F84F4FF000091D460C002B
:101AF00016468246C84600D1114C06B9104E05B9AB
:101B00000F4DACB1206898B100274A463146504687
:101B1000FFF762FF424629465046FFF7F0FE002FCE
:101B200004D16A4621465046FFF7F4FEBDE8F88F1F
:101B300001276A4621465046FFF7ECFEE5E7000024
:101B4000F4C001080149886070470000184D002466
:101B500058B190F82D10CA070ED001F0FE0180F8A0
:101B60002D100A0708D5FAF71FB804A340F29B32DC
:101B70000FA117A0EEF7D0BC704700002E2E2F4DFE
:101B80006964646C6577617265732F546869726407
:101B90005F50617274792F4C7749502F7372632FA5
:101BA000636F72652F6E657469662E6300000000B6
:101BB0006E657469665F7365745F646F776E3A20F3
:101BC000696E76616C6964206E65746966000000F8
:101BD000417373657274696F6E20222573222066CB
:101BE00061696C6564206174206C696E6520256490
:101BF00020696E2025730A00002800D0C16170475B
:101C000058B190F82D2051070ED5C16902F0FB02A2
:101C100080F82D20002907D0084704A340F206428F
:101C20000FA118A0EEF778BC704700002E2E2F4DA4
:101C30006964646C6577617265732F546869726456
:101C40005F50617274792F4C7749502F7372632FF4
:101C5000636F72652F6E657469662E630000000005
:101C60006E657469665F7365745F6C696E6B5F64E3
:101C70006F776E3A20696E76616C6964206E657468
:101C800069660000417373657274696F6E20222566
:101C90007322206661696C6564206174206C696ED2
:101CA0006520256420696E2025730A0010B50400A4
:101CB00012D094F82D00410717D440F0040084F8A6
:101CC0002D0003212046FFF7A9FEE16900290CD071
:101CD0002046BDE810400847BDE8104003A34FF47C
:101CE00078720FA117A0EEF717BC10BD2E2E2F4D46
:101CF0006964646C6577617265732F546869726496
:101D00005F50617274792F4C7749502F7372632F33
:101D1000636F72652F6E657469662E630000000044
:101D20006E657469665F7365745F6C696E6B5F7511
:101D3000703A20696E76616C6964206E65746966BC
:101D400000000000417373657274696F6E20222574
:101D50007322206661696C6564206174206C696E11
:101D60006520256420696E2025730A0050B190F823
:101D70002D10CA070DD141F0010180F82D1003216B
:101D8000FFF74CBE03A34FF454720FA115A0EEF75A
:101D9000C3BB70472E2E2F4D6964646C65776172EA
:101DA00065732F54686972645F50617274792F4C47
:101DB0007749502F7372632F636F72652F6E65744E
:101DC00069662E63000000006E657469665F736566
:101DD000745F75703A20696E76616C6964206E6517
:101DE00074696600417373657274696F6E20222591
:101DF0007322206661696C6564206174206C696E71
:101E00006520256420696E2025730A0010B500B98D
:101E1000012008F0ABFF002010BD10B509F09CF8C0
:101E2000002010BD10B5FBF701FB18B1BDE8104054
:101E300009F010BEBDE8104009F006BE38B5D0E983
:101E4000011204683AB1C3682BB10020009020460B
:101E500009F0CDF938BD2046BDE83840002209F030
:101E6000A5B910B50446FBF7E1FA08B1822010BD10
:101E7000204608F04FFF002010BD00002DE9FF4173
:101E80000D004FF000060746CDE901651ED0501C3D
:101E9000344603961FD002B11446FBF7C7FA6946D1
:101EA0004FF01008E8B1091D284603AA09F018FCF4
:101EB000012813D000960398E8B114494FF08050E0
:101EC0000860BFF34F8FBFF36F8F14E0802031465F
:101ED0002A46009011E04FF0FF34DEE7CDF8008095
:101EE000E9E7091D2246284609F05CFB012808D0D5
:101EF00054B1402000909DE8070087E80700BDE846
:101F0000FF81CDF80080F6E70020F3E704ED00E064
:101F100037B582B0054614004FF00000009000D1A4
:101F20000124FBF783FA4FF0000388B103A96A4646
:101F3000284609F089FA012811D1009890B10A4980
:101F40004FF080500860BFF34F8FBFF36F8F09E0F1
:101F500003A92246284609F0C7F9012802D0FF202C
:101F600005B030BD0020FBE704ED00E010B50446ED
:101F7000FBF75CFA0028204603D0BDE8104008F0CB
:101F8000B0BDBDE8104008F09ABD41684FF00100B7
:101F900009B109F0FEB809F0F1B8000038B5002425
:101FA00005460094FBF742FA90B16946284609F0CD
:101FB000AAFA012801D0FF2038BD009888B10A494B
:101FC0004FF080500860BFF34F8FBFF36F8F08E072
:101FD000002328461A46194609F086F9012800D040
:101FE000FF24204638BD000004ED00E038B50500B0
:101FF0004FF00000009010D0481C4FF000040ED0AD
:1020000001B10C46FBF712FAB8B100216A46284626
:1020100009F066FB012816D104E0802038BD4FF09E
:10202000FF34EFE7009880B109494FF08050086015
:10203000BFF34F8FBFF36F8F07E02146284609F0AB
:102040009DFB012801D0FF2038BD002038BD0000D5
:1020500004ED00E038B543684BB1012909D10320F4
:10206000009000220120114609F0C1F838BD012975
:1020700001D0002038BD03220021012009F096F88C
:10208000040004D000231A46194609F02DF9204611
:1020900038BD10B50446FBF7C9F908B1822010BD60
:1020A000204608F037FE002010BD000038B500249F
:1020B00005460094FBF7BAF990B16946284609F045
:1020C00022FA012801D0FF2038BD009888B10A49C2
:1020D0004FF080500860BFF34F8FBFF36F8F08E061
:1020E000002328461A46194609F0FEF8012800D0B8
:1020F000FF24204638BD000004ED00E038B505009F
:102100004FF00000009010D0481C4FF000040ED09B
:1021100001B10C46FBF78AF9B8B100216A4628469E
:1021200009F0DEFA012816D104E0802038BD4FF016
:10213000FF34EFE7009880B109494FF08050086004
:10214000BFF34F8FBFF36F8F07E02146284609F09A
:1021500015FB012801D0FF2038BD002038BD00004C
:1021600004ED00E07FB50D4641690446B0F9080072
:1021700081B1A16971B1FDF751FED4E905122B4679
:102180008DE807002269D4E9001009F01EFC0390D5
:1021900004B070BDFDF742FE03A92B46CDE9000156
:1021A000228AD4E9001092B209F0E2FB012801D0A2
:1021B0000020EDE70398EBE709F032BC10B508F01A
:1021C000FBFD002010BD0022AFF3008070B5A8B168
:1021D000B1F5803F26D2002918D004898BB214FAB9
:1021E00081F5ADB29D421DD3057B2D0610D5456806
:1021F00000F11002691A914214D30CE00AA340F2D4
:10220000DF1215A117A0EEF787F90BE0002070BDD3
:1022100042B14268511A45894160E2180281E918C9
:102220004181F3E7012070BD2E2E2F4D6964646C4F
:102230006577617265732F54686972645F5061726B
:1022400074792F4C7749502F7372632F636F7265C7
:102250002F706275662E63007020213D204E554C14
:102260004C000000417373657274696F6E20222503
:102270007322206661696C6564206174206C696EEC
:102280006520256420696E2025730A002DE9FE4F24
:10229000012A90460F461146054611D041290FD01C
:1022A000B1F5C17F4FF0000A11D0B2F5207F67D0A1
:1022B0004AA340F2271255A15BA0EEF72DF98AE060
:1022C00000200A46394600F00FF9044680E0002459
:1022D000A1460C20FEF7C8F9060035D0E81C029094
:1022E00020F00300C0F51470B84200D938463A46D1
:1022F000834670195B46133020F003013046CDE968
:10230000008A00F0E3FC3079800706D033A34FF455
:1023100080724FA144A0EEF7FFF802989421B1EB30
:10232000900F06D12DA34FF4817255A13EA0EEF778
:10233000F3F81CB3C9F80060A7EB0B000025B14609
:1023400007043F0CC5D143E001F066FD594D012162
:102350002E78297001F088FD56B95748002107F002
:1023600093FD28B101F058FD85F800A001F07CFD37
:10237000002C30D0204600F0A1FB2CE03446DBE7F7
:10238000E81CF91C20F0030021F00301084480B28E
:10239000814200F1100290B21DD881421BD8FDF796
:1023A0008BFE040017D060193B4613301A4620F00C
:1023B00003012046CDE9008A00F088FC20798007DF
:1023C00006D006A34FF491723CA117A0EEF7A4F833
:1023D0002046BDE8FE8F0020FBE700002E2E2F4D8B
:1023E0006964646C6577617265732F54686972649F
:1023F0005F50617274792F4C7749502F7372632F3D
:10240000636F72652F706275662E63007062756609
:102410005F616C6C6F633A206572726F6E656F7589
:102420007320747970650000417373657274696F0D
:102430006E2022257322206661696C6564206174B8
:10244000206C696E6520256420696E2025730A0062
:10245000706275665F616C6C6F633A20706275665E
:1024600020712D3E7061796C6F61642070726F70A5
:1024700065726C7920616C69676E656400000000AC
:10248000504255465F504F4F4C5F42554653495A54
:1024900045206D7573742062652062696767657297
:1024A000207468616E204D454D5F414C49474E4D4B
:1024B000454E5400244D0024852C01087062756639
:1024C0005F616C6C6F633A20706275662D3E70615F
:1024D000796C6F61642070726F7065726C792061C5
:1024E0006C69676E656400002DE9FC41412A144661
:1024F0000E46074608D0012C06D00CA34FF4A57257
:1025000016A11BA0EEF708F80B20FEF7ADF80500AA
:102510004FF0000008D0CDE90040334639461A4656
:10252000284600F0D3FB2846BDE8FC812E2E2F4D17
:102530006964646C6577617265732F54686972644D
:102540005F50617274792F4C7749502F7372632FEB
:10255000636F72652F706275662E6300696E7661B7
:102560006C696420706275665F7479706500000044
:10257000417373657274696F6E2022257322206621
:1025800061696C6564206174206C696E65202564E6
:1025900020696E2025730A007CB51C46C01CDDE94D
:1025A000063520F003004618AE4201D900207CBD5C
:1025B0000BB1184400E000200223CDE900230B46B4
:1025C00001461A46204600F081FB20467CBD0000F3
:1025D00070B50D4608B1002D08D1BDE8704014A3B8
:1025E00040F259321EA12CA0EDF796BF04460068B8
:1025F00020B12989228911442181F7E72089618945
:1026000088420FD00AA340F262322DA122A0EDF73A
:1026100083FF206830B106A340F2633234A11EA0CC
:10262000EDF77AFF2089298908442081256070BD53
:102630002E2E2F4D6964646C6577617265732F541B
:10264000686972645F50617274792F4C7749502FBA
:102650007372632F636F72652F706275662E6300ED
:10266000286820213D204E554C4C29202626202824
:102670007420213D204E554C4C29202870726F67E4
:1026800072616D6D65722076696F6C61746573201F
:102690004150492900000000417373657274696FED
:1026A0006E2022257322206661696C656420617446
:1026B000206C696E6520256420696E2025730A00F0
:1026C000702D3E746F745F6C656E203D3D20702DE3
:1026D0003E6C656E20286F66206C6173742070629A
:1026E000756620696E20636861696E2900000000CC
:1026F000702D3E6E657874203D3D204E554C4C004B
:1027000010B50C46FFF764FF2046BDE8104000F00E
:1027100085BB002102E00068491C89B20028FAD17B
:102720000846704770B5138915460A461946FFF7E3
:10273000ADFD04000CD0294600F042F830B105A3ED
:1027400040F224520FA114A0EDF7E6FE204670BD22
:10275000002070BD2E2E2F4D6964646C6577617208
:1027600065732F54686972645F50617274792F4C7D
:102770007749502F7372632F636F72652F70627584
:10278000662E6300706275665F636F7079206661A4
:10279000696C656400000000417373657274696F51
:1027A0006E2022257322206661696C656420617445
:1027B000206C696E6520256420696E2025730A00EF
:1027C0002DE9F0474FF000070C4605003E466FF03C
:1027D0000F0904D01CB128892189884204D232A370
:1027E00040F2C9323CA145E06FF0050A6989608971
:1027F000C91B801B814201D3804600E08846616886
:102800006868424631443844EEF793F86989474492
:102810004644B94206D224A340F2D9323AA140A09C
:10282000EDF77AFE6089B04206D21FA340F2DA3299
:1028300045A13BA0EDF770FE6089B04201D8246845
:1028400000266889B84202D12D68002765B1002CA6
:1028500016D060892189884212D1206800280FD0C3
:1028600011A340F2E93215E0002C1BD00EA34FF467
:1028700079723CA12AA0EDF74FFE4846BDE8F087EB
:1028800075B16889298988420AD1286840B106A3B0
:1028900040F2EE3237A122A0EDF73EFE5046EDE7C2
:1028A000002CA3D10020E9E72E2E2F4D6964646C23
:1028B0006577617265732F54686972645F506172E5
:1028C00074792F4C7749502F7372632F636F726541
:1028D0002F706275662E6300706275665F636F703D
:1028E000793A20746172676574206E6F7420626932
:1028F0006720656E6F75676820746F20686F6C6401
:1029000020736F75726365006F66667365745F74BC
:102910006F203C3D20705F746F2D3E6C656E000033
:10292000417373657274696F6E202225732220666D
:1029300061696C6564206174206C696E6520256432
:1029400020696E2025730A006F66667365745F6682
:10295000726F6D203C3D20705F66726F6D2D3E6C16
:10296000656E0000705F746F20213D204E554C4C09
:1029700000000000706275665F636F70792829201F
:10298000646F6573206E6F7420616C6C6F7720705C
:1029900061636B6574207175657565732100000056
:1029A0002DE9F0474FF0000716468946B84620B19A
:1029B000B9F1000F06D004462CE019A340F20A42F8
:1029C00023A103E016A340F20B4229A131A0EDF7A9
:1029D000A3FD0020BDE8F0872BB16089984202D8A2
:1029E000181A83B215E06089C01A85B2B54200D9C1
:1029F0003546616809EB07002A461944EDF799FF4F
:102A000079190023721B08EB05001FFA80F88FB2BA
:102A100096B224680EB1002CDED14046DAE7000001
:102A20002E2E2F4D6964646C6577617265732F5427
:102A3000686972645F50617274792F4C7749502FC6
:102A40007372632F636F72652F706275662E6300F9
:102A5000706275665F636F70795F706172746961CF
:102A60006C3A20696E76616C69642062756600005C
:102A7000706275665F636F70795F706172746961AF
:102A80006C3A20696E76616C69642064617461706F
:102A900074720000417373657274696F6E20222531
:102AA0007322206661696C6564206174206C696EB4
:102AB0006520256420696E2025730A002DE9F04108
:102AC000040007D05FF0000501F0A6F90746A07BDF
:102AD00050B110E026A34FF4377231A133A0EDF7C7
:102AE0001BFD0020BDE8F08121A340F2F12239A1B5
:102AF0002EA0EDF711FDA07B401EC6B23846A6738E
:102B000001F0B2F9002E24D1617B207B2668890771
:102B100000F00F000CD5206930B915A340F2FF2258
:102B200032A122A0EDF7F8FC2169204688470BE08E
:102B3000022810D0012811D0A8B10DA340F20F3205
:102B400033A11AA0EDF7E8FC05F101053400EDB260
:102B5000BAD12846C6E70C20214601E00B202146C9
:102B6000FDF7CAFCF0E72046FDF760F9ECE700004E
:102B70002E2E2F4D6964646C6577617265732F54D6
:102B8000686972645F50617274792F4C7749502F75
:102B90007372632F636F72652F706275662E6300A8
:102BA0007020213D204E554C4C0000004173736550
:102BB0007274696F6E2022257322206661696C65CC
:102BC00064206174206C696E6520256420696E2024
:102BD00025730A00706275665F667265653A2070DB
:102BE0002D3E726566203E203000000070632D3E51
:102BF000637573746F6D5F667265655F66756E632E
:102C000074696F6E20213D204E554C4C0000000031
:102C1000696E76616C696420706275662074797083
:102C2000650000000146084810B5FDF7B3FC0748F1
:102C30000178012906D1002101708068BDE81040AB
:102C4000FFF734BA10BD000010BF0108DC490024B2
:102C500070B500260D46044609E06089A8420BD8ED
:102C6000281A85B2204624680660FFF727FF0DB1B9
:102C7000002CF2D1204670BD2946204600F01CF9F8
:102C8000F8E7000010B501F0C7F8094A00211170FB
:102C900001F0EAF80748006806E0416F19B1BDE8A5
:102CA000104002F069B9C0680028F6D110BD0000DC
:102CB000244D0024404D00240122AFF30080002960
:102CC00002DA494200F0F8B8FFF780BA70B5002484
:102CD000DDE9045641600121028143814673057399
:102CE00081730460C47370BD2DE9F04104000D468A
:102CF00006D121A34FF4CC722BA131A0EDF70CFC2F
:102D00002089A84235D9401B40F2AF1786B20CE0AB
:102D100021892A1A95B2881B208124682CB916A310
:102D20003A4631A126A0EDF7F7FB6089A842EFD320
:102D3000207B000715D16089A84212D0607B8007F4
:102D40000FD4A088001B284481B22046FDF7E2FA88
:102D5000040006D108A340F2BD1229A118A0EDF786
:102D6000DBFB20686581258108B1FFF7A7FE002005
:102D70002060BDE8F08100002E2E2F4D6964646C48
:102D80006577617265732F54686972645F50617210
:102D900074792F4C7749502F7372632F636F72656C
:102DA0002F706275662E6300706275665F72656172
:102DB0006C6C6F633A207020213D204E554C4C00C6
:102DC000417373657274696F6E20222573222066C9
:102DD00061696C6564206174206C696E652025648E
:102DE00020696E2025730A00706275665F726561E6
:102DF0006C6C6F633A207120213D204E554C4C0085
:102E00006D656D5F7472696D2072657475726E6543
:102E1000642071203D3D204E554C4C0010B50400FF
:102E200012D000F0F9FFA17B491CA17301F01CF83E
:102E3000A07B002808D1BDE8104004A340F2423234
:102E40000EA113A0EDF768BB10BD00002E2E2F4D74
:102E50006964646C6577617265732F546869726424
:102E60005F50617274792F4C7749502F7372632FC2
:102E7000636F72652F706275662E6300706275668F
:102E800020726566206F766572666C6F7700000051
:102E9000417373657274696F6E20222573222066F8
:102EA00061696C6564206174206C696E65202564BD
:102EB00020696E2025730A0070B520B1B1F5803FFE
:102EC00006D3012070BD0FA340F24B2219A109E0E7
:102ED00000290BD043898AB2934209D209A340F258
:102EE000552217A11EA0EDF717FBEAE7002070BDE1
:102EF00005899B1A44684381AA1A214441600281D2
:102F0000F4E700002E2E2F4D6964646C65776172C2
:102F100065732F54686972645F50617274792F4CC5
:102F20007749502F7372632F636F72652F706275CC
:102F3000662E63007020213D204E554C4C00000051
:102F4000696E6372656D656E745F6D61676E6974DD
:102F5000756465203C3D20702D3E6C656E00000060
:102F6000417373657274696F6E2022257322206627
:102F700061696C6564206174206C696E65202564EC
:102F800020696E2025730A0070B50446006800258C
:102F90004068002806D01AA340F2652225A12DA082
:102FA000EDF7BAFA2068007800F0F000102815D08C
:102FB000202801D0FA2020E0284607F022FA2168D4
:102FC00048602168C0B10978222901D1012101742A
:102FD00022682A49506807F017FA09E0284602F0EB
:102FE000D5FD216800284860206805D000F0BEFEAD
:102FF00020684068002801D1FF20207170BD0000CA
:103000002E2E2F4D6964646C6577617265732F5441
:10301000686972645F50617274792F4C7749502FE0
:103020007372632F6170692F6170695F6D73672EB2
:10303000630000007063625F6E65773A20706362C0
:1030400020616C726561647920616C6C6F6361747E
:1030500065640000417373657274696F6E20222588
:103060007322206661696C6564206174206C696EEE
:103070006520256420696E2025730A00693A0108DD
:103080002DE9F041304D04462868844206D22FA332
:1030900040F2DF1239A13FA0EDF73EFA68688442A2
:1030A00006D32AA34FF4F07244A13AA0EDF734FA04
:1030B000207930B125A340F2E11247A135A0EDF708
:1030C0002BFA20884FF4C868404506D91FA34FF457
:1030D000F27248A12FA0EDF71FFA208800F064FBE0
:1030E0000646B44215D0307998B96868864210D047
:1030F000E868B04200D1EC603088208030884045DC
:1031000007D02046FDF7FEF80746308800F04CFB5C
:103110004780608800F048FBA04212D00179002966
:103120000FD1E968A14200D1E8602188018021889F
:10313000414506D0FDF7E6F80546208800F034FB4F
:103140004580BDE8F0810000D44C00242E2E2F4D88
:103150006964646C6577617265732F546869726421
:103160005F50617274792F4C7749502F7372632FBF
:10317000636F72652F6D656D2E630000706C7567EF
:103180005F686F6C65733A206D656D203E3D2072FF
:10319000616D0000417373657274696F6E20222542
:1031A0007322206661696C6564206174206C696EAD
:1031B0006520256420696E2025730A00706C756790
:1031C0005F686F6C65733A206D656D203C2072619D
:1031D0006D5F656E64000000706C75675F686F6C92
:1031E00065733A206D656D2D3E75736564203D3DB8
:1031F00020300000706C75675F686F6C65733A20F3
:103200006D656D2D3E6E657874203C3D204D454DBD
:103210005F53495A455F414C49474E4544000000C1
:1032200010B5040006D11AA34FF4B57225A129A048
:10323000EDF772F96078012802D0042805D00EE07D
:1032400001212046FBF75AFF09E0206A18B1417AB4
:1032500009B1491E417201212046FBF7BDFB217FC8
:10326000C80613D5606888B1B0F86420B2F5866FDF
:103270000CD3B0F86600052808D2636A01F0EF00AD
:1032800020771BB10022204602219847002010BD64
:103290002E2E2F4D6964646C6577617265732F54AF
:1032A000686972645F50617274792F4C7749502F4E
:1032B0007372632F6170692F6170695F6D73672E20
:1032C00063000000636F6E6E20213D204E554C4C14
:1032D00000000000417373657274696F6E202225CF
:1032E0007322206661696C6564206174206C696E6C
:1032F0006520256420696E2025730A002DE9F041C0
:10330000184C0F460546E6682068001D07F0C4FB10
:1033100038B922680121206992F82C209140884315
:103320002061681C07D137B12168BDE8F0410E4823
:10333000091D07F041BC20683544B542456021684D
:1033400005D2A06B091DBDE8F04107F01DBC606B04
:10335000091D07F019FCA06A854200D2A562BDE8EC
:10336000F0810000584C0024305D00242DE9F0412C
:10337000054607F02DFC2E4C2E4FA068401CA06087
:10338000206810B1606940B32DE02560A068012875
:1033900029D1002606EB860007EB800007F0E6FB4C
:1033A000761C072EF6D323488C3007F0DFFB21482C
:1033B000A03007F0DBFB1F48B43007F0D7FB1D48F7
:1033C000C83007F0D3FB1B48DC3007F0CFFB1948AF
:1033D0008C3060631430A06305E0E86A2168C96A34
:1033E000814200D825600120616A491C6162E96A56
:1033F000226988401043206101EB8100291D07EB01
:10340000800007F0D9FB07F003FC606900280CD0AE
:103410002068E96AC06A884207D207494FF08050A5
:103420000860BFF34F8FBFF36F8FBDE8F0810000DE
:10343000584C0024545C002404ED00E030B4026CCD
:103440000B46002A0BD0D0E902411144C160A142D1
:1034500001D30168C160184630BCEDF76ABA30BCD0
:1034600070472DE9F041856B1746026C0446002633
:1034700082B1C7B1E068EDF75CFAE168206C2268C0
:10348000091AE160914202D2A168081AE060022F95
:1034900016D017E02068A8B9A06808F049FB0646D6
:1034A0000020A0600EE06068EDF743FAD4E9010166
:1034B000226C10446060884204D32068606001E0A0
:1034C00005B16D1E6D1CA5633046BDE8F08110B5D9
:1034D000044690F8510058B101280CD002280FD0B2
:1034E000502080F31188BFF34F8FBFF36F8FFEE73B
:1034F000206B07F0A1FB2046BDE8104007F09CBB05
:1035000010BD000010484FF6FF7110B5420705D0FE
:103510000D4AC01D20F00700821A891A0B4C0023A7
:1035200001440839A4F1180221F00701C4E900039D
:103530000C1A11604B600B60C0E9001494604FF0EE
:1035400000415460516110BD445D0024AC4C002426
:10355000144E4FF08058144CDFF85090A6F1C80775
:1035600012E000BF07F034FBF068C568281D07F0C3
:1035700093FAA068401EA0606068401E606007F07B
:1035800047FB2846FFF7A3FF60680028EAD13868A8
:103590000128F9D9C9F80080BFF34F8FBFF36F8FAF
:1035A000F2E700001C5D0024584C002404ED00E00C
:1035B000002807D00021816001600B460A46C160E7
:1035C00007F092BE70470346009829B10260C0E937
:1035D0000F31012107F03EBE0060F8E72DE9F05FF2
:1035E00088469A4691001546DDE90B940A9EA5226D
:1035F0008346206BEDF714FA206B6FF0030101EBAB
:103600008501084420F00707780707D0502080F391
:103610001188BFF34F8FBFF36F8FFEE7B8F1000F34
:103620004FF000050ED00020221818F8001082F884
:10363000341018F8001011B1401C1028F4D384F88D
:10364000435001E084F83450072E00D30626E6628A
:10365000201DC4E9116507F094FA04F1180007F081
:1036600090FAE564C6F10700A06184F85050524614
:10367000246159463846646200F01CF9B9F1000F24
:10368000206001D0C9F80040BDE8F09F30B5114975
:1036900000E011460A688242FBD34B685C18844202
:1036A00003D14468084623444B6043681D18954283
:1036B00009D1084C183C2468A24209D052681A4427
:1036C00042600A6812680260814200D0086030BD22
:1036D0000460F9E7AC4C002410B5044607F078FA12
:1036E000A06B28B15FF0000407F092FA204610BDED
:1036F0000124F9E70648416B096829B1416BC968A3
:10370000C9684968816270474FF0FF31FAE70000ED
:10371000584C002408484068401C4FF0500080F38B
:10372000118804D0BFF34F8FBFF36F8FFEE7BFF355
:103730004F8FBFF36F8FFEE7B44C00242DE9F041AB
:10374000044607F045FA94F9455004F1240609E0CF
:10375000606A48B1304608F083FA08B107F08AFB86
:103760006D1E6DB2002DF3DC4FF0FF3684F845601E
:1037700007F04EFA07F02CFA94F9445004F11007C0
:1037800009E0206948B1384608F06AFA08B107F044
:1037900071FB6D1E6DB2002DF3DC84F84460BDE852
:1037A000F04107F035BA0000014909680844704744
:1037B000D44C00242DE9F0410027044607F002FC18
:1037C000354E306808B9FFF79DFE7069044216D186
:1037D000ACB1083460070ED004F00700C0F1080057
:1037E0000444600707D0502080F31188BFF34F8F47
:1037F000BFF36F8FFEE714B17068844202D908F0FE
:1038000069FA39E02448183001460D6801E028467D
:103810000D466968A14202D229680029F7D13168B2
:103820008D42ECD007682968016008376868011B81
:1038300010290ED92819420707D0502080F311888B
:10384000BFF34F8FBFF36F8FFEE741606C60FFF7F0
:103850001DFF69687068401A7060B268904200D2BB
:10386000B060002072691143C5E90001F068401C96
:10387000F06008F02FFA0FB907F04AF9780707D07F
:10388000502080F31188BFF34F8FBFF36F8FFEE797
:103890003846BDE8F0810000944C002404490868D3
:1038A00018B10868826C521C826408687047000076
:1038B000584C002470B5041F094E231F4FF080752B
:1038C00021F0010125601C1F1960A0F120010B1FD0
:1038D000266044380A606FF002051D6070BD00006C
:1038E000153701082DE9F0410E001F461446054624
:1038F00006D126A34FF4967231A13AA0ECF70CFE44
:10390000002D06D121A340F22D1240A135A0ECF7E5
:1039100003FE37B11DA34FF4977244A131A0ECF719
:10392000FBFD002D13D06868B04206D017A340F20B
:10393000351244A12BA0ECF7EFFD05F1100007466E
:1039400000F0F3FA38B17CB1268921460EE06FF021
:103950000500BDE8F081B4B12189304604F04EF98C
:103960002046FFF7ABF80EE03E490026384600F04F
:10397000D2FA10B14FF0FF30EBE76B6A1BB10021B8
:103980003246284698470020E3E700002E2E2F4DB0
:103990006964646C6577617265732F5468697264D9
:1039A0005F50617274792F4C7749502F7372632F77
:1039B0006170692F6170695F6D73672E630000002D
:1039C000726563765F746370206D757374206861CF
:1039D000766520612070636220617267756D656E27
:1039E00074000000417373657274696F6E20222544
:1039F0007322206661696C6564206174206C696E55
:103A00006520256420696E2025730A00726563763F
:103A10005F746370206D75737420686176652061D2
:103A20006E20617267756D656E740000657272203C
:103A3000213D204552525F4F4B20756E68616E6488
:103A40006C656400726563765F7463703A207265BA
:103A5000637620666F722077726F6E672070636284
:103A60002100000072BF01082DE9F047DDF8208039
:103A70000C001F461646054605D1E52223A330A1BA
:103A800038A0ECF749FD002D28D06868A04205D089
:103A9000EE221EA33DA133A0ECF73EFD05F1100080
:103AA000814600F042FA00281ED00620FCF7DCFD1B
:103AB000040019D02660002F66601AD038682146AD
:103AC000A0604846A4F80C80368900F024FA00284B
:103AD00011D02046BDE8F047FCF75EBEE6220BA3FE
:103AE00032A120A0ECF718FD3046BDE8F047FEF704
:103AF000E5BF0020E3E76B6A002B05D0324628467D
:103B0000BDE8F04700211847BDE8F0872E2E2F4D65
:103B10006964646C6577617265732F546869726457
:103B20005F50617274792F4C7749502F7372632FF5
:103B30006170692F6170695F6D73672E63000000AB
:103B4000726563765F756470206D7573742068614B
:103B5000766520612070636220617267756D656EA5
:103B600074000000417373657274696F6E202225C2
:103B70007322206661696C6564206174206C696ED3
:103B80006520256420696E2025730A0072656376BE
:103B90005F7564703A207265637620666F72207775
:103BA000726F6E6720706362210000007265637639
:103BB0005F756470206D757374206861766520612F
:103BC0006E20617267756D656E7400002DE9FF5F90
:103BD00001278946C117054600F00700934605EB0B
:103BE000517A2D4907FA00F60C6851E0E06908BBEC
:103BF00062690020FAB1DDF80CE0A36918E000BFAB
:103C000002EBC001D1F800C0AC4510D1B9F1000FF2
:103C100004D091F804C05FEACC7C33D1BBF1000F33
:103C200002D0097989072DD45FEA0E012AD1401C00
:103C30008342E5D82BE0B9F1000F09D0A16839B172
:103C4000042D05D201EBEA010978314200D00120B0
:103C5000BBF1000F0AD048B9E16839B1042D05D293
:103C600001EBEA010978314200D00120039941B10A
:103C700040B9206958B1042D09D200EBEA00007860
:103C8000304020B104F12000E76100F088F9246899
:103C9000002CABD1BDE8FF9FC04C002470B50400E0
:103CA000154605D0607801280AD004280DD010E010
:103CB00013A340F293121FA122A0ECF72DFC1DE0EC
:103CC00001212046FBF71AFA03E001212046FAF70A
:103CD00083FE606890B1B0F86410B1F5866F0DD3C3
:103CE000B0F86600052809D2207F636A00F0EF0073
:103CF00020771BB102212A4620469847002070BD3C
:103D00002E2E2F4D6964646C6577617265732F5434
:103D1000686972645F50617274792F4C7749502FD3
:103D20007372632F6170692F6170695F6D73672EA5
:103D300063000000636F6E6E20213D204E554C4C99
:103D400000000000417373657274696F6E20222554
:103D50007322206661696C6564206174206C696EF1
:103D60006520256420696E2025730A0010B544681B
:103D70000146204600F0B2FB0949204603F094FEBC
:103D80000849204604F0D0FB07490222204602F0F1
:103D9000ABFE20460549BDE8104000F07DBF0000A5
:103DA000E53801089D3C010821320108C5B9000829
:103DB0002DE9FE4317460D460646FEF733F83168F7
:103DC00004464FF0FF387FB13A466846FEF756F892
:103DD000DDE90001102802D04046BDE8FE832960DD
:103DE000FEF720F8001BF8E742466846FEF746F863
:103DF00001982860F4E73EB50C4601680022684649
:103E0000FEF73CF8DDE90010102902D04FF0FF303A
:103E10003EBD206000203EBD04484FF0FF3110B58C
:103E20000068FEF7E3F8012010BD0000904D00246B
:103E30002DE9F0410F460546FDF7F4FF04464FF02B
:103E4000FF363FB128683946FEF758F940B1304691
:103E5000BDE8F08128683146FEF750F90028F9D115
:103E6000FDF7E0FF001BF3E701480068FEF796B896
:103E7000904D00242DE9F04100F073F80D4C4FF007
:103E8000004705462168002911D048682A1ABA421D
:103E90000DD20A682260D1E9026260600A20904671
:103EA000FCF72AFB002EEDD04046B047EAE7BDE81C
:103EB000F08100006C4D0024034810B5FEF765F852
:103EC0000249086010BD0000F8C00108904D0024B0
:103ED00010B504460068FEF749F82068BDE81040B8
:103EE000FDF7BFBF1FB5094B04460DCBCDE9001050
:103EF00000216846CDE90223FDF7A0FF206010B144
:103F0000002004B010BD4FF0FF30FAE704C10108F3
:103F100000210160704710B500680022FDF7F8FF2E
:103F2000002801D04FF0FF3010BD0068002800D0FD
:103F30000120704700684FF0FF31FEF757B81CB5FD
:103F400004460020009001906846FEF71EF82060AD
:103F500008B100201CBD4FF0FF301CBD0068FEF70B
:103F60001DB8F1F7D3BF0068FEF793B87CB50546DE
:103F70000C4600200121009001906846FEF76AF887
:103F8000286008B11CB105E04FF0FF307CBD002176
:103F9000FEF7B4F800207CBD002101607047006886
:103FA000FEF784B80068002800D0012070472DE992
:103FB000F04188B01D4690460F461C2106460E9CD7
:103FC0006846ECF757FDCDE9006741466846ADF815
:103FD00008400495FEF7C6F808B0BDE8F08100007F
:103FE00070B5B0F1804F15460E46044606D308A3BF
:103FF00040F2291213A121A0ECF78EFAFFF7B1FFCE
:1040000020442A463146BDE8704000F04BB800001D
:104010002E2E2F4D6964646C6577617265732F5421
:10402000686972645F50617274792F4C7749502FC0
:104030007372632F636F72652F74696D656F75742A
:10404000732E630054696D656F75742074696D65B6
:1040500020746F6F206C6F6E672C206D6178206903
:1040600073204C5749505F55494E5433325F4D4190
:10407000582F34206D7365637300000041737365BE
:104080007274696F6E2022257322206661696C65E7
:1040900064206174206C696E6520256420696E203F
:1040A00025730A0070B515460E4604460A20FCF733
:1040B000DBFA78B1114A0021C56080E8520011682E
:1040C00031B14D684FF00043651B9D4212D3016032
:1040D000106070BDBDE87040BE2209A315A125A0E7
:1040E000ECF71ABA5568651B9D4202D3026008605E
:1040F00070BD11460A68002AF8D0F3E76C4D002421
:104100002E2E2F4D6964646C6577617265732F5430
:10411000686972645F50617274792F4C7749502FCF
:104120007372632F636F72652F74696D656F757439
:10413000732E63007379735F74696D656F75743A7C
:104140002074696D656F757420213D204E554C4C6F
:104150002C20706F6F6C204D454D505F5359535F4D
:1041600054494D454F555420697320656D707479DD
:1041700000000000417373657274696F6E20222520
:104180007322206661696C6564206174206C696EBD
:104190006520256420696E2025730A0070B5074DDF
:1041A0005FF00104064905EBC40255F83400FFF73F
:1041B00017FF641C032CF5D370BD0000DCC00108A0
:1041C000F1E7000810B5084C206848B1FFF7C9FEB8
:1041D00021684968081AB0F1004F00D3002010BDD3
:1041E0004FF0FF3010BD00006C4D00242DE9FF5F43
:1041F0000400894603D0207D01280AD010E004B0D5
:1042000040F23D223AA346A1BDE8F05F4BA0ECF797
:1042100083B937A34FF4107252A148A0ECF77CF990
:10422000207D0A283FD00028206D03904FF0000524
:10423000DFF864812F46D4F824B0D4F810A0D4F865
:1042400090603BD0E78A08F118004D46214602F005
:1042500083FB012188F80010206F08B104F07EF87C
:10426000E06E08B104F07AF8606F08B104F076F8F7
:1042700055B1208B211D009123465A46CDE901708E
:104280000399184603F07CFF204600F08DFD002EB8
:104290002BD004B05046B4466FF00C01BDE8F04F8F
:1042A0005DF804EB60473C4821461C3002F054FBAB
:1042B00004B02046BDE8F05F00F076BDE08A00283B
:1042C000CAD0D8F81000A0420AD1C068C8F81000BF
:1042D00008E0C168A14202D1E168C16002E008467D
:1042E0000028F6D10020E060B6E7BDE8FF9F00009F
:1042F0002E2E2F4D6964646C6577617265732F543F
:10430000686972645F50617274792F4C7749502FDD
:104310007372632F636F72652F7463702E63000076
:104320007463705F6162616E646F6E3A20696E766D
:10433000616C696420706362000000004173736502
:104340007274696F6E2022257322206661696C6524
:1043500064206174206C696E6520256420696E207C
:1043600025730A00646F6E27742063616C6C20747F
:1043700063705F61626F72742F7463705F616261FA
:104380006E646F6E20666F72206C697374656E2D3B
:104390007063627300000000284D00240121FFF7C4
:1043A00025BF002803D0027D012A00D1816170471A
:1043B0002DE9F04105460120FCF756F9DFF81081A0
:1043C00004005CD14646D8F8180009E0418BC46867
:1043D0000A0704D521F00801418300F0C1F9204605
:1043E0000028F3D10022F468F069114606E0036A60
:1043F000E31A934201D31A460146C0680028F6D159
:1044000011B10846FFF7CAFF0120FCF72DF904009F
:1044100035D1092001F0D2F90120FCF725F904007B
:104420002DD1082001F0CAF90120FCF71DF9040084
:1044300025D17F2D01D97F2001E028001AD000234B
:10444000F468401E1A46C1B2B0690DE0467D8E4246
:1044500005D308D1076AA4EB07079F4203D3036A79
:1044600002463146E31AC0680028EFD112B1104667
:10447000FFF794FF0120FCF7F7F8040025D09C21FA
:10448000ECF7F8FA4FF486616575A4F86410FF2321
:104490004A00628522854E10E37206206686C71F99
:1044A000A4F840000125E0872786A4F84850D8F8F2
:1044B0000C30236298F80200A077064AA4F84A104C
:1044C0000548C4F89420C4F884002046BDE8F08173
:1044D000284D002400DD6D004D7B0108002800D030
:1044E0000161704710B558B1017D012903D0418B9E
:1044F00041F010014183BDE81040012100F042B8B5
:1045000004A34FF4F4720FA114A0ECF705F86FF0B8
:104510000F0010BD2E2E2F4D6964646C657761729B
:1045200065732F54686972645F50617274792F4C9F
:104530007749502F7372632F636F72652F746370A6
:104540002E6300007463705F636C6F73653A20695B
:104550006E76616C696420706362000041737365FC
:104560007274696F6E2022257322206661696C6502
:1045700064206174206C696E6520256420696E205A
:1045800025730A00FEB504000D4606D145A34FF47D
:10459000AF7250A157A0EBF7BFFF002D5F4D4FF05A
:1045A00000064FF001073ED0207D042801D00728E7
:1045B00039D1A06F18B9208DB0F5066F33D0A07E29
:1045C000C00606D437A34FF4B27255A149A0EBF749
:1045D000A3FF228B201DE18A23468DE80700626A33
:1045E0001846216D03F0CCFD204602F04FF9A86972
:1045F000A04209D1C068A86108E0C168A14202D107
:10460000E168C16002E008460028F6D14B48E66048
:104610002F700068A04202D104F0F2FC38E020467E
:1046200000F0C2FB34E0207D40B101281AD00228FE
:1046300030D02046BDE8FE4000F092B8E08A002865
:10464000EDD02869A04209D1C068286108E0C1689E
:10465000A14202D1E168C16002E008460028F6D11B
:10466000E660DCE7204601F007F92C4821461430CB
:1046700002F072F9207D012806D1314BDF2231A1F1
:1046800003F14400EBF748FF02202146FBF734FF1B
:104690000020FEBD21482146183002F05DF92F7040
:1046A000BDE700002E2E2F4D6964646C6577617242
:1046B00065732F54686972645F50617274792F4C0E
:1046C0007749502F7372632F636F72652F74637015
:1046D0002E6300007463705F636C6F73655F736853
:1046E0007574646F776E3A20696E76616C696420C8
:1046F00070636200417373657274696F6E20222566
:104700007322206661696C6564206174206C696E37
:104710006520256420696E2025730A00284D002439
:104720007063622D3E666C61677320262054465F7D
:104730005258434C4F53454400000000684D00243C
:10474000CC4D01087463705F667265655F6C697358
:1047500074656E3A20214C495354454E00000000C8
:1047600070B5050006D116A34FF4CE7220A123A088
:10477000EBF7D2FE287D0526032804D0042802D0BA
:10478000072816D106E0284603F068FE040006D18B
:104790002E7509E0284603F061FE040002D0601C7B
:1047A00009D004E009202875284601F0C7FA204600
:1047B00070BD002070BD688B40F008006883F8E78A
:1047C0002E2E2F4D6964646C6577617265732F546A
:1047D000686972645F50617274792F4C7749502F09
:1047E0007372632F636F72652F7463702E630000A2
:1047F00070636220213D204E554C4C00417373651F
:104800007274696F6E2022257322206661696C655F
:1048100064206174206C696E6520256420696E20B7
:1048200025730A002DE9F05FDDF8288007009B461C
:1048300092460D4605D1A3222DA33AA141A0EBF744
:104840006BFE002D05D1A42229A348A13DA0EBF7C2
:1048500063FE5FEAC87001D0042600E00026032052
:10486000FBF702FF04001CD04FF0000984F80A8017
:10487000C4E900952889B04205D2B0221CA344A106
:1048800030A0EBF749FE28891421801B208128469F
:10489000FDF799FC48B1204603F052FD0020BDE829
:1048A000F09F2846FEF70AF9F8E760684068E06084
:1048B000F88AF9F7BDFFE1680880388BF9F7B8FF8F
:1048C000E16848805846F9F7B1FFE1684860B008F0
:1048D000000300F5A04040EA0A00F9F7A9FFE268EA
:1048E000014620469181E168A1F81290D7E70000C7
:1048F0002E2E2F4D6964646C6577617265732F5439
:10490000686972645F50617274792F4C7749502FD7
:104910007372632F636F72652F7463705F6F75744A
:104920002E6300007463705F6372656174655F730A
:1049300065676D656E743A20696E76616C69642096
:1049400070636200417373657274696F6E20222513
:104950007322206661696C6564206174206C696EE5
:104960006520256420696E2025730A007463705FDA
:104970006372656174655F7365676D656E743A2017
:10498000696E76616C696420706275660000000073
:10499000702D3E746F745F6C656E203E3D206F70AD
:1049A000746C656E0000000070B5002A0C46054668
:1049B00006D10BA340F6C50215A11FA0EBF7ACFD75
:1049C0005CB1A18C49B1282902D928398CB200E008
:1049D0000024A54200D22C462546284670BD000082
:1049E0002E2E2F4D6964646C6577617265732F5448
:1049F000686972645F50617274792F4C7749502FE7
:104A00007372632F636F72652F7463702E6300007F
:104A10007463705F6566665F73656E645F6D737304
:104A20005F6E657469663A20696E76616C696420B0
:104A30006473745F69700000417373657274696FA9
:104A40006E2022257322206661696C656420617482
:104A5000206C696E6520256420696E2025730A002C
:104A60002DE9F8430E46044688074FF0000506D1AD
:104A70004C493FA34CA040F21142EBF74DFD002CF6
:104A800006D13BA340F2134251A147A0EBF744FDEE
:104A9000B00700D50125E80700D004204FF42072AC
:104AA000804601463620FDF7F1FB07004FF0FF3945
:104AB00029D07989414506D22DA340F239424CA133
:104AC00039A0EBF729FD00953246E36D39462046C3
:104AD000FFF7A8FE050016D0287B800706D024A388
:104AE00040F2424251A130A0EBF716FD2889002880
:104AF00006D01FA340F2434252A12BA0EBF70CFDBE
:104B0000E06E38B109E0608B40F080006083484679
:104B1000BDE8F883E56604E0084601680029FBD19A
:104B200005600020B107A4F8680002D0E06D401CC9
:104B3000E065F00703D0608B40F020006083686878
:104B4000FDF7E7FDB4F8661008440004000CA4F873
:104B500066000AD0206F40B9E06E30B904A340F27D
:104B6000654243A110A0EBF7D7FC0020D0E700007E
:104B70002E2E2F4D6964646C6577617265732F54B6
:104B8000686972645F50617274792F4C7749502F55
:104B90007372632F636F72652F7463705F6F7574C8
:104BA0002E63000064C20108417373657274696FFB
:104BB0006E2022257322206661696C656420617411
:104BC000206C696E6520256420696E2025730A00BB
:104BD0007463705F656E71756575655F666C61673E
:104BE000733A20696E76616C6964207063620000BC
:104BF0007463705F656E71756575655F666C61671E
:104C0000733A20636865636B207468617420666919
:104C100072737420706275662063616E20686F6CB9
:104C200064206F70746C656E000000007365672D02
:104C30003E746370686472206E6F7420616C696783
:104C40006E6564007463705F656E71756575655F30
:104C5000666C6167733A20696E76616C6964207373
:104C600065676D656E74206C656E67746800000022
:104C70007463705F656E71756575655F666C61679D
:104C8000733A20696E76616C69642071756575652B
:104C9000206C656E6774680070B504000D460BD01B
:104CA000207D012806D105A340F60D020FA119A011
:104CB000EBF732FCC4F8905070BD00002E2E2F4D43
:104CC0006964646C6577617265732F546869726496
:104CD0005F50617274792F4C7749502F7372632F34
:104CE000636F72652F7463702E630000696E766166
:104CF0006C696420736F636B657420737461746591
:104D000020666F72206572722063616C6C626163F1
:104D10006B000000417373657274696F6E20222509
:104D20007322206661696C6564206174206C696E11
:104D30006520256420696E2025730A0070B5194D21
:104D4000A878401CA870AC6928E0A17FA8788142AF
:104D500023D0A077608BC10709D040F002006083A8
:104D6000204600F0EBFF608B20F00300608380B2F0
:104D7000010705D520F0080060832046FFF7F0FC0E
:104D8000E668A06F38B100202870204602F076F95E
:104D900028780028D7D1344600E0E468002CD4D12C
:104DA00070BD0000284D002410B50446007D012888
:104DB00005D1D42205A311A115A0EBF7ADFB214627
:104DC000BDE810400120FBF797BB00002E2E2F4DB1
:104DD0006964646C6577617265732F546869726485
:104DE0005F50617274792F4C7749502F7372632F23
:104DF000636F72652F7463702E6300007463705F5D
:104E0000667265653A204C495354454E00000000D7
:104E1000417373657274696F6E2022257322206658
:104E200061696C6564206174206C696E652025641D
:104E300020696E2025730A002DE9F047244F99461A
:104E40000C4606462BE02546D5E90040FDF761FCFF
:104E5000B6F866108046414506D21EA340F257427E
:104E600029A133A0EBF758FBB6F86610A1EB0800B8
:104E700026F8660F2889398908443881284603F0C6
:104E80005FFA36F86609002809D054EA090006D10D
:104E900010A340F2614230A125A0EBF73DFBA4B185
:104EA000E0684068F9F7C2FC0546E0688089F9F7D8
:104EB000BFFC800701D0012100E000212089BA69F0
:104EC00029440844801A0028BDDD2046BDE8F0874B
:104ED000484D00242E2E2F4D6964646C65776172F5
:104EE00065732F54686972645F50617274792F4CD6
:104EF0007749502F7372632F636F72652F746370DD
:104F00005F696E2E630000007063622D3E736E64F5
:104F10005F71756575656C656E203E3D20706275CC
:104F2000665F636C656E286E6578742D3E7029002F
:104F3000417373657274696F6E2022257322206637
:104F400061696C6564206174206C696E65202564FC
:104F500020696E2025730A007463705F7265636553
:104F60006976653A2076616C69642071756575654E
:104F7000206C656E6774680010B50446406F0028A9
:104F800003D003F0EBF90020606710BD0849C88822
:104F9000421CCA800A6912B18B88984203D2C96840
:104FA0001431085C7047C01AC0B2105C7047000032
:104FB000484D002410B5EBF74FFA0349C0F30D003C
:104FC00000F54040888010BD284D00242DE9FE4F9B
:104FD000040005D18322DEA3EAA1F0A0EBF79CFA3E
:104FE000F84D6068E860608914287DD3F64E31681A
:104FF0007069F8F74CFA002876D1307DB046C0F3DE
:1050000003100E2870D0E8688089F9F711FC000BB6
:1050100081001429E9D320898842E6D3A1F1140044
:105020004FF0000A80B26880C5F810A062898A42F9
:1050300004D3A8802046FDF73FFF32E0206828B95E
:10504000C222C3A3E1A1D5A0EBF766FA1421204642
:10505000FDF732FF6189A9806888401A86B2204630
:10506000FDF72AFF20684189B142BED3416829611A
:105070003146FDF721FF2089801B2081608928B1FE
:10508000DF22B3A3D5A1C5A0EBF746FA206821899A
:105090000089814205D0E022ADA3D3A1BFA0EBF7E8
:1050A0003BFAE8680088F9F7C3FB0146E86801802D
:1050B0004088F9F7BDFB0146E86841804068F9F790
:1050C000B5FB0146E868416069618068F9F7AEFBAD
:1050D0000146E8688160A961C089F9F7A9FB01462A
:1050E000E868C181808900E08CE0F9F7A1FB00F05D
:1050F0003F00287081072089688104D0411C89B253
:10510000698188427ED8DFF800930027D9F80060D3
:1051100083E0307D28B9FB228DA3BCA19FA0EBF7D3
:10512000FBF9307D0A2805D1FC2289A3C1A19BA0EF
:10513000EBF7F2F9307D012805D1FD2284A3C8A147
:1051400096A0EBF7E9F9307A38B1D8F8041091F865
:105150003010491CC9B288425DD1E868318B0288A1
:10516000914258D1F18A4088814254D17168D8F86F
:10517000102091424FD13168D8F8140081424AD1B1
:10518000F068B04206D172A340F20D12BEA183A016
:10519000EBF7C2F937B1F168F960D9F80010F160A6
:1051A000C9F80060F068B04206D169A340F2151258
:1051B000C0A17AA0EBF7B0F996B3DFF82483574685
:1051C000C8F800A02189A8F80810C8F80440E968C8
:1051D000C8F80C10C5F81CA085F801A0A5F808A017
:1051E0002878000703D5607B40F001006073B06F42
:1051F000002878D0304601F041FF0D3007D0B06F65
:10520000002800E0F5E16ED0688900286BD0708D31
:10521000002864D0CCE13746F668002E7FF479AFE1
:10522000B04840F21F194746066827E0307D0A283B
:1052300005D047A34A46ACA158A0EBF76DF9307AE8
:1052400030B1796891F83010491CC9B2884214D144
:10525000E868318B028891420FD1F18A40888142FF
:105260000BD170683969884207D130687969884202
:1052700003D1304603F034FEBBE1F668002ED5D1F1
:10528000A54B0021EE68D7F80490D7F81480186871
:10529000024616E0077A3FB199F830C00CF1010CD4
:1052A0000CF0FF0C67450AD1C78AB6F802C0674503
:1052B00005D10768474507D0002804D037B101461B
:1052C000C0680028E6D17FE100283FD019B1C56849
:1052D000CD60C260186000F007FB8AE103E0304651
:1052E00003F046F864E130462E6201F063FC0D30B5
:1052F00011D068782C4600070ED5D6F890201AB148
:105300006FF00D01306990473F48314601F024FBB2
:105310003046FFF749FD4BE1228942B1D6F8803093
:1053200023B13069314698470D300CD02781304683
:1053300000F074F938B9E06930B1B06F28B104A356
:105340004FF4F372EAE033E10EE1ECE03CE10000FF
:105350002E2E2F4D6964646C6577617265732F54CE
:10536000686972645F50617274792F4C7749502F6D
:105370007372632F636F72652F7463705F696E2E33
:10538000630000007463705F696E7075743A206921
:105390006E76616C69642070627566004173736536
:1053A0007274696F6E2022257322206661696C65B4
:1053B00064206174206C696E6520256420696E200C
:1053C00025730A00484D0024845D0124702D3E6E33
:1053D00065787420213D204E554C4C00702D3E6C5C
:1053E000656E203D3D203000702D3E746F745F6C03
:1053F000656E203D3D20702D3E6E6578742D3E74A7
:105400006F745F6C656E0000404D00247463705FC4
:10541000696E7075743A2061637469766520706393
:10542000622D3E737461746520213D20434C4F53BF
:10543000454400007463705F696E7075743A206152
:105440006374697665207063622D3E737461746560
:1054500020213D2054494D452D574149540000001D
:105460007463705F696E7075743A206163746976F5
:1054700065207063622D3E737461746520213D2048
:105480004C495354454E00007463705F696E7075EB
:10549000743A207063622D3E6E65787420213D2041
:1054A00070636220286265666F726520636163685D
:1054B000652900007463705F696E7075743A2070BE
:1054C00063622D3E6E65787420213D2070636220FA
:1054D0002861667465722063616368652900000055
:1054E000288E0124444D00247463705F696E7075CA
:1054F000743A2054494D452D5741495420706362F8
:105500002D3E7374617465203D3D2054494D452DF9
:1055100057414954000000003C4D002437A1AFF230
:105520008410EAF7F9FFB07EC00606D5E069FDF702
:10553000C5FA3046FEF732FF3AE0D6F884C0BCF137
:10554000000F05D000233069E2693146E04705E0ED
:105550000023E2693146184602F0F8FA10F10D0F07
:1055600026D008B1E069B0676078800618D5B06FC2
:1055700020B1417B41F02001417311E0308DB0F545
:10558000066F01D0401C3085D6F884C0BCF1000FF6
:1055900006D0002330691A463146E0470D3007D067
:1055A0003046276200F03AF810B9304600F0C6FBEA
:1055B0002F624446EF61D8F80400002802D0FDF7BE
:1055C0007DFA6760BDE8FE8FB089F9F731F94007D1
:1055D0000FD4E8681049104B02881B1D40880292C6
:1055E000CDE90010698968694218A969002002F0B4
:1055F000C7FD2046BDE8FE4FFDF760BA7063622D1F
:105600003E726566757365645F64617461203D3DDB
:10561000204E554C4C000000945D012410B5040050
:1056200006D110A340F25A221BA125A0EAF774FF6D
:105630002D484078C00612D5A07EC00606D4D4F806
:1056400090201AB16FF00E0120699047274821463B
:1056500001F082F92046FFF7A7FB012010BD0020D2
:1056600010BD00002E2E2F4D6964646C6577617249
:1056700065732F54686972645F50617274792F4C3E
:105680007749502F7372632F636F72652F74637045
:105690005F696E2E630000007463705F696E7075E1
:1056A000745F64656C617965645F636C6F73653AA0
:1056B00020696E76616C696420706362000000008E
:1056C000417373657274696F6E20222573222066A0
:1056D00061696C6564206174206C696E6520256465
:1056E00020696E2025730A00484D0024404D002497
:1056F00070B504004FF0000606D112A340F6240254
:105700001DA124A0EAF708FF206D401EF9F78EF8CE
:10571000002203463146204600F080FC05000DD0F3
:10572000002233460146204600F0D6FD2246294697
:10573000231D1046BDE8704000F05EBD4FF0FF3005
:1057400070BD00002E2E2F4D6964646C6577617208
:1057500065732F54686972645F50617274792F4C5D
:105760007749502F7372632F636F72652F74637064
:105770005F6F75742E6300007463705F6B65657096
:10578000616C6976653A20696E76616C6964207037
:1057900063620000417373657274696F6E20222525
:1057A0007322206661696C6564206174206C696E87
:1057B0006520256420696E2025730A0070B50828CD
:1057C000044608D0092C06D010A340F2DD621BA1CC
:1057D0001EA0EAF7A1FE274B00210846DD689A6962
:1057E00009E0137DA34205D1136AEB1A8B4201D362
:1057F00019461046D268002AF3D1002804D0BDE82B
:1058000070400021FEF7F2BC70BD00002E2E2F4D1F
:105810006964646C6577617265732F54686972643A
:105820005F50617274792F4C7749502F7372632FD8
:10583000636F72652F7463702E630000696E76610A
:105840006C69642073746174650000004173736552
:105850007274696F6E2022257322206661696C65FF
:1058600064206174206C696E6520256420696E2057
:1058700025730A00284D002470B5050007D10F4B91
:105880000FA140F2111203F14400EAF745FE287D12
:10589000012807D0094B0DA14FF4897203F1440090
:1058A000EAF73AFE0F4E0124294656F82400006814
:1058B00002F024FA641C042CF6D370BDCC4D010810
:1058C00070636220213D204E554C4C007063622D68
:1058D0003E7374617465203D3D204C495354454EE0
:1058E00000000000CCC00108FEB5424E05463078ED
:1058F00040071BD4002D06D13FA340F281224BA1CB
:1059000052A0EAF709FE3078C10610D5F06859496F
:10591000584B02881B1D40880292CDE90010718906
:1059200070694218B169284602F02AFCFEBD800762
:10593000FCD5687DFEF73CFD04004AD04D480321AC
:1059400010384269226000696060E88AE082F0688D
:105950000088208321757069401C6062E0622046E7
:1059600000F018F9A06520656064E065716942483F
:10597000491E61652969E5672161697A01F00C01B9
:105980006172297A21720168E160046003F08EFA85
:105990003A4901200870204600F052FEF068C089A4
:1059A000A4F86000A4F86200201DF8F79BF9221DFE
:1059B0000146608EFEF7F8FF122160862046FFF751
:1059C0004FF888B103B020460021BDE8F040FEF753
:1059D0000DBCAB69002BA9D0286903B000214FF0A2
:1059E000FF32BDE8F04018472046BDE8FE4000F019
:1059F000A5B90000484D00242E2E2F4D6964646C1B
:105A00006577617265732F54686972645F50617263
:105A100074792F4C7749502F7372632F636F7265BF
:105A20002F7463705F696E2E630000007463705F93
:105A30006C697374656E5F696E7075743A20696E17
:105A400076616C6964207063620000004173736565
:105A50007274696F6E2022257322206661696C65FD
:105A600064206174206C696E6520256420696E2055
:105A700025730A00945D0124404D0024284D002424
:105A800070B504000D461DD0206800281AD00E4EB7
:105A90002046B16900F01AF83169204600F016F886
:105AA000002D0FD0286800280CD006F114000268E1
:105AB00006E010682168884201D128681060D26829
:105AC000002AF6D170BD0000284D002470B50500F5
:105AD0000C4612D10AA34FF4106215A121A0EAF7D7
:105AE0001BFD0AE020682968884205D1E668204647
:105AF000FEF754FC344600E0E468002CF2D170BD9F
:105B00002E2E2F4D6964646C6577617265732F5416
:105B1000686972645F50617274792F4C7749502FB5
:105B20007372632F636F72652F7463702E6300004E
:105B30007463705F6E657469665F69705F616464E9
:105B4000725F6368616E6765645F7063626C6973DE
:105B5000743A20696E76616C6964206F6C645F6171
:105B600064647200417373657274696F6E202225DC
:105B70007322206661696C6564206174206C696EB3
:105B80006520256420696E2025730A004020FEF7F9
:105B90000FBC000010B5002806D106A340F6AF02E6
:105BA00010A117A0EAF7B8FC1F49D1E9020210447E
:105BB000886010BD2E2E2F4D6964646C657761720C
:105BC00065732F54686972645F50617274792F4CE9
:105BD0007749502F7372632F636F72652F746370F0
:105BE0002E6300007463705F6E6578745F69737311
:105BF0003A20696E76616C6964207063620000000F
:105C0000417373657274696F6E202225732220665A
:105C100061696C6564206174206C696E652025641F
:105C200020696E2025730A00284D00242DE9F041DB
:105C300005000C4606D11FA340F21F422AA134A042
:105C4000EAF76AFCE8688089F8F7F2FD3A4EC00787
:105C500015D0204602F082FB002427E08089F8F767
:105C6000E7FDC00707D00120F8F7E2FD0146E8682C
:105C70008289114381812046246802F061FBACB126
:105C8000E0682B8922897169476819443A44891A66
:105C9000E4D571699AB240680A44121A002A05DDF7
:105CA000401A81B229816868FDF71EF82C60BDE8B2
:105CB000F08100002E2E2F4D6964646C657761724F
:105CC00065732F54686972645F50617274792F4CE8
:105CD0007749502F7372632F636F72652F746370EF
:105CE0005F696E2E630000007463705F6F6F735F97
:105CF000696E736572745F7365676D656E743A2063
:105D0000696E76616C6964206373656700000000EA
:105D1000417373657274696F6E2022257322206649
:105D200061696C6564206174206C696E652025640E
:105D300020696E2025730A00484D00242DE9F05F8C
:105D4000040006D187A340F2E14293A198A0EAF7AC
:105D5000E3FB207D012806D182A340F2E3429EA10D
:105D600093A0EAF7D9FBA6480068A04202D1002020
:105D7000BDE8F09FB4F86010B4F84800814200D24A
:105D80000846E56E81466DB12146221D084602F0A7
:105D9000EFF95FEA000A6FF003012FD054B12068D9
:105DA00040B10CE0A07E80076FD52046BDE8F05FD3
:105DB00002F0DEBA1AF1040020D000682060E86822
:105DC0004068F8F733FD626C01462B890020891A80
:105DD000CA184A4514D9B4F860204A45E2D1216F67
:105DE0000029DFD194F899100029DBD184F89800BC
:105DF000012184F8991084F89A00D3E70846B7E7A0
:105E0000266F834684F899000EB997E006463068FD
:105E10000028FBD191E0E8688089F8F709FD400788
:105E200006D550A340F2365276A161A0EAF774FB82
:105E3000206FA8B1618B11F0440F11D1E06E28B131
:105E400002686AB90089628E904209D2B4F864008F
:105E500030B1B4F86600092802D211F0A00F78D052
:105E6000207D022806D01020F8F7E2FCE9688A8934
:105E70001043888152462146284600F09BFA28B1FB
:105E8000618B41F08001618372E766E02868E0661B
:105E9000207D022803D0608B20F003006083E86837
:105EA0004068F8F7C3FC0746E8688089F8F7C0FC4B
:105EB000800700D001202A89216D38441044091A36
:105EC00000D52065E8688089F8F7B2FC800700D02B
:105ED00001202989C8422CD0C5F800B0206F68B1D4
:105EE000E8684068F8F7A2FC0746F0684068F8F7F1
:105EF0009DFC381A1AD504F1700003E0256716E0FE
:105F0000D8F800008046006850B1C0684068F8F7D3
:105F10008DFC0746E8684068F8F788FC381AEFD42B
:105F2000D8F800002860C8F8005005E035602E461B
:105F300002E0284602F004FAE56E55B1E8684068D0
:105F4000F8F774FC616C2A89401A811849457FF67C
:105F500062AFE06E08B9A4F868B0608B20F08000F2
:105F6000608304E72E2E2F4D6964646C657761723F
:105F700065732F54686972645F50617274792F4C35
:105F80007749502F7372632F636F72652F7463703C
:105F90005F6F75742E6300007463705F6F7574704B
:105FA00075743A20696E76616C6964207063620072
:105FB000417373657274696F6E20222573222066A7
:105FC00061696C6564206174206C696E652025646C
:105FD00020696E2025730A00646F6E277420636148
:105FE0006C6C207463705F6F757470757420666F6D
:105FF00072206C697374656E2D70636273000000AB
:10600000684D0024525354206E6F7420657870657B
:106010006374656420686572652100002DE9FF41A5
:1060200004001D4616460F4606D10EA340F24272EA
:1060300019A123A0EAF770FA638D1022218BE08A60
:106040008DE80F00606A2B463246394600F04CF866
:10605000002803D0628D616A1144E16204B0BDE89A
:10606000F08100002E2E2F4D6964646C657761729B
:1060700065732F54686972645F50617274792F4C34
:106080007749502F7372632F636F72652F7463703B
:106090005F6F75742E6300007463705F6F7574704A
:1060A00075745F616C6C6F635F6865616465723A9B
:1060B00020696E76616C6964207063620000000084
:1060C000417373657274696F6E2022257322206696
:1060D00061696C6564206174206C696E652025645B
:1060E00020696E2025730A002DE9F05F83460E4675
:1060F0008818DDF828A014301F4681B22220DDE97F
:106100000B984FF42072FCF7C1F805002BD0698979
:1061100006F11400814206D214A340F2237220A19A
:106120002BA0EAF7F9F96C685046F8F781FB20805C
:106130004846F8F77DFB608058466760F8F776FBC5
:10614000A060B008000300F5A04080B240EA08005B
:10615000F8F76EFBA0810D98F8F76AFB0146E18124
:106160000020208260822846BDE8F09F2E2E2F4D11
:106170006964646C6577617265732F5468697264D1
:106180005F50617274792F4C7749502F7372632F6F
:10619000636F72652F7463705F6F75742E63000098
:1061A000636865636B2074686174206669727374D8
:1061B00020706275662063616E20686F6C64207366
:1061C0007472756374207463705F68647200000099
:1061D000417373657274696F6E2022257322206685
:1061E00061696C6564206174206C696E652025644A
:1061F00020696E2025730A00FEB50D001E46174665
:10620000044606D112A340F287721EA128A0EAF725
:1062100083F932463946204601F0AAFF18B12CB165
:10622000E37AA17A04E06FF003040BE0FF2300217E
:10623000009106223946CDE9012032462846F7F77B
:1062400041FB04462846FCF739FC2046FEBD000011
:106250002E2E2F4D6964646C6577617265732F54BF
:10626000686972645F50617274792F4C7749502F5E
:106270007372632F636F72652F7463705F6F7574D1
:106280002E6300007463705F6F75747075745F6364
:106290006F6E74726F6C5F7365676D656E743A20B4
:1062A000696E76616C69642070627566000000003A
:1062B000417373657274696F6E20222573222066A4
:1062C00061696C6564206174206C696E6520256469
:1062D00020696E2025730A0070B50C00154606D1A2
:1062E0000EA340F256721AA123A0EAF715F96068CE
:1062F000E90700F1140101D0042200E0002210445B
:106300001430884208D0BDE8704004A340F2757292
:1063100023A119A0EAF700B970BD00002E2E2F4D61
:106320006964646C6577617265732F54686972641F
:106330005F50617274792F4C7749502F7372632FBD
:10634000636F72652F7463705F6F75742E630000E6
:106350007463705F6F75747075745F66696C6C5F81
:106360006F7074696F6E733A20696E76616C6964E0
:106370002070627566000000417373657274696F06
:106380006E2022257322206661696C656420617429
:10639000206C696E6520256420696E2025730A00D3
:1063A0006F7074696F6E73206E6F742066696C6CA9
:1063B000656400002DE9FE43050017460C4606D132
:1063C0003FA34FF4B7624BA152A0EAF7A5F8002C07
:1063D00006D13BA340F2B95258A14EA0EAF79CF86F
:1063E000002F06D136A340F2BA525CA149A0EAF7C9
:1063F00093F8284600F0D0F810B10020BDE8FE83E5
:10640000606AF8F713FAE9688860608DF8F710FAA7
:10641000E968C881618D606A0844E062A87AEE6824
:10642000C00706F114060AD0221D39464FF4067043
:10643000FEF7BAFA40F00170F8F7F8F901C6B4F9BE
:1064400030004FF00008002801DAA4F83080606BBB
:1064500038B94B4800686063E8684068F8F7E6F9C7
:10646000A0636968A889B1F804C04B89A0EB0C004F
:106470001B1A4B8169680B89181A08816968E868DA
:106480004860E868A0F81080A87AE968C00700D0E2
:10649000042014300844B04206D009A340F21C6224
:1064A00038A11CA0EAF738F8A07A0621221D8DE851
:1064B0008300E37A21466868F7F704FA9EE7000054
:1064C0002E2E2F4D6964646C6577617265732F544D
:1064D000686972645F50617274792F4C7749502FEC
:1064E0007372632F636F72652F7463705F6F75745F
:1064F0002E6300007463705F6F75747075745F73E2
:1065000065676D656E743A20696E76616C696420AA
:1065100073656700417373657274696F6E2022251D
:106520007322206661696C6564206174206C696EF9
:106530006520256420696E2025730A007463705FEE
:106540006F75747075745F7365676D656E743A20EE
:10655000696E76616C696420706362007463705F59
:106560006F75747075745F7365676D656E743A20CE
:10657000696E76616C6964206E65746966000000FE
:10658000344D00246F7074696F6E73206E6F7420C9
:1065900066696C6C6564000010B5040006D107A341
:1065A00040F29A5212A11CA0E9F7B6FF6068807B06
:1065B000012801D0012010BD002010BD2E2E2F4D2E
:1065C0006964646C6577617265732F54686972647D
:1065D0005F50617274792F4C7749502F7372632F1B
:1065E000636F72652F7463705F6F75742E63000044
:1065F0007463705F6F75747075745F7365676D65D4
:106600006E745F627573793A20696E76616C696445
:106610002073656700000000417373657274696FD1
:106620006E2022257322206661696C656420617486
:10663000206C696E6520256420696E2025730A0030
:106640002DE9F041060006D11DA340F27D7229A17B
:106650002FA0E9F761FF384C6088002818D000208F
:106660004FF406750FE000BFFEF790FC00280FD036
:10667000012809D002280DD0FEF788FC022807D394
:10668000E1880844801EE080E08861888842EBD37E
:10669000BDE8F081FEF77AFC0428F9D1E088618832
:1066A000801C8842F4D8FEF771FC0702FEF76EFCEE
:1066B0003843A84200D800B928467086E4E70000B5
:1066C0002E2E2F4D6964646C6577617265732F544B
:1066D000686972645F50617274792F4C7749502FEA
:1066E0007372632F636F72652F7463705F696E2EB0
:1066F000630000007463705F70617273656F707423
:106700003A20696E76616C696420706362000000F3
:10671000417373657274696F6E202225732220663F
:1067200061696C6564206174206C696E6520256404
:1067300020696E2025730A00484D00242DE9F05F82
:10674000834615460AA80C465FEA03080F4690E800
:10675000400605D1E82220A32CA135A0E9F7DCFEF4
:10676000002E05D1E9221CA33BA131A0E9F7D4FEFC
:10677000AC4214D25FEA897009D4B07E40060ED4D0
:10678000BAF1000F03D0F06E08B9306F38B104F2DF
:106790001B2020F00300A84200D80546AFB258469F
:1067A0004FF420723946FBF771FD050011D02868BF
:1067B00030B109A340F20B122FA11DA0E9F7ACFEE6
:1067C0006889001BA8F800002C8128466C81BDE870
:1067D000F09F0020FBE700002E2E2F4D6964646CB3
:1067E0006577617265732F54686972645F50617276
:1067F00074792F4C7749502F7372632F636F7265D2
:106800002F7463705F6F75742E6300007463705F24
:10681000706275665F707265616C6C6F633A206957
:106820006E76616C6964206F76657273697A650053
:10683000417373657274696F6E202225732220661E
:1068400061696C6564206174206C696E65202564E3
:1068500020696E2025730A007463705F706275662C
:106860005F707265616C6C6F633A20696E76616C03
:1068700069642070636200006E65656420756E63F4
:106880006861696E656420706275660070B50400A9
:106890001FD0207D00281BD00A2819D0012817D02E
:1068A000A06F002510B1FCF709F9A567606F10B162
:1068B0002046FEF761FB4FF0FF302086E06E01F0CE
:1068C0004DFD206F01F04AFDA4F86850E56625678C
:1068D00070BDBDE8704003A340F651020DA114A0A5
:1068E000E9F71ABE2E2E2F4D6964646C65776172CC
:1068F00065732F54686972645F50617274792F4CAC
:106900007749502F7372632F636F72652F746370B2
:106910002E6300007463705F7063625F70757267EE
:10692000653A20696E76616C69642070636200006C
:10693000417373657274696F6E202225732220661D
:1069400061696C6564206174206C696E65202564E2
:1069500020696E2025730A0070B50C00054606D12B
:1069600029A340F6830234A13AA0E9F7D5FD002D12
:1069700006D125A340F6840240A136A0E9F7CCFD5C
:106980002868A04209D1C068286008E0C168A14217
:1069900002D1E168C16002E008460028F6D1002576
:1069A0002046E560FFF772FF207D0A280DD0012800
:1069B00026D0608BC10708D040F0020060832046DB
:1069C000FFF7BCF9207D01281AD0E06E30B10EA38C
:1069D00040F6930231A11FA0E9F79EFD206F30B170
:1069E00009A340F6940233A11AA0E9F795FD606F60
:1069F00030B105A340F6960235A116A0E9F78CFD4B
:106A00002575E58270BD00002E2E2F4D6964646CE3
:106A10006577617265732F54686972645F50617243
:106A200074792F4C7749502F7372632F636F72659F
:106A30002F7463702E6300007463705F7063625F15
:106A400072656D6F76653A20696E76616C69642057
:106A500070636200417373657274696F6E202225E2
:106A60007322206661696C6564206174206C696EB4
:106A70006520256420696E2025730A007463705FA9
:106A80007063625F72656D6F76653A20696E7661DC
:106A90006C6964207063626C69737400756E7365F1
:106AA0006E74207365676D656E7473206C65616BC1
:106AB000696E6700756E61636B6564207365676DF1
:106AC000656E7473206C65616B696E670000000011
:106AD0006F6F736571207365676D656E7473206C7D
:106AE00065616B696E67000070B5040015460E465F
:106AF00003D0207D012809D00FE0BDE8704009A334
:106B000040F63D0213A119A0E9F706BD05A340F622
:106B10003E0220A115A0E9F7FFFCC4F88C60657760
:106B200070BD00002E2E2F4D6964646C6577617214
:106B300065732F54686972645F50617274792F4C69
:106B40007749502F7372632F636F72652F74637070
:106B50002E6300007463705F706F6C6C3A20696E16
:106B600076616C6964207063620000004173736534
:106B70007274696F6E2022257322206661696C65CC
:106B800064206174206C696E6520256420696E2024
:106B900025730A00696E76616C696420736F636B9C
:106BA000657420737461746520666F7220706F6CF9
:106BB0006C0000002DE9FE4F040006D1DEA34FF467
:106BC0004772EAA1F0A0E9F7A7FCF94D2878410740
:106BD0002BD5227D022A05D0616A6869814206D1DF
:106BE00082B116E0206DA969884212D043E2421AB0
:106BF000FCD4228D1144401A0028F7DC608B40F051
:106C0000020049E1CCA34FF44E72EAA1DEA0E9F7FD
:106C100083FC687840F008006870608B20F0010009
:106C200060836FF00D00BDE8FE8F800704D5207DE6
:106C3000022801D00328E1D1A07EC00602D4E54895
:106C4000006820624FF0000884F89B80204684F89A
:106C50009A80FFF7F5FCE04B0421227D4FF00109FB
:106C600003F11000DFF874A3DD4F921EDD4E1433E4
:106C7000082A4FF00A0BB9D2DFE802F00488F4F8D2
:106C8000F1F4F0EF2A78D606B0D5920768D5626C99
:106C9000AE69521CB24263D16A691046521C6262EC
:106CA0006664401EE262EA68D289A4F86020A4F813
:106CB00062206065201D2175F7F714F8221D01463A
:106CC000608EFDF771FE41F21C116086B1EB400F42
:106CD00001D2420000E00A46B2EB800F01D98100E8
:106CE00003E0B1EB400F00D24100B4F86600A4F815
:106CF000481030B990A34FF45B72BBA1A2A0E9F792
:106D00000BFCB4F86600256F401EA4F86600BDB108
:106D100028682067284601F013FB206FE0B1A4F833
:106D2000308084F8428000BFD4F88830002B3FF4D4
:106D300065AF00222069214698470D304DD05DE7B0
:106D4000E56E35B97CA34FF45D72ADA18EA0E9F775
:106D5000E3FB2868E066DDE74FF0FF302086E3E7DD
:106D6000E9680A8849888DE80700698968694218D6
:106D7000A969204601F004FA94F84200062804D2DA
:106D80002046A4F8308001F0CFF874E12A78D606C6
:106D900058D5626CAE69B21A012A46D4226DB21A75
:106DA000002A42DCE06F2175A0B1806948B962A376
:106DB0004FF46A7297A174A0E9F7AEFBE06F8069A7
:106DC00040B1E06F0022214683692069984738B1BD
:106DD0000D3002D02046FDF7E1FA6FF00C0022E7FB
:106DE000204600F0CDF9288908B1401E2881608E28
:106DF00041F21C11B1EB400F01D2420000E00A4603
:106E0000B2EB800F01D9810003E0B1EB400F00D25B
:106E10004100A4F848106878800605D5618B0720EA
:106E2000207541F00201618325E1E9680A884988FB
:106E30008DE807006989686942183146204601F0EB
:106E40009FF918E1900707D5606A6969401E88427A
:106E500002D1204600F07EFF0DE1FCE058E03FE06B
:106E600004E0FFE7204600F08BF9D4E7204600F06D
:106E700087F96878800628784FEAC06025D5002811
:106E800005DA206DA969884201D1E06E30B1608BCE
:106E90000821217540F002006083ECE0608B40F037
:106EA000020060832046FFF7F1FC3068A04209D160
:106EB000C0683060C5E0C168A14202D1E168C1602C
:106EC000BFE008460028F6D1BBE0002833DA206D89
:106ED000A96988422FD1E06E68BB06202075CAE000
:106EE000204600F04DF96878800624D5608B40F08C
:106EF000020060832046FFF7C9FC3068A042D7D06B
:106F000003E0C168A142D9D008460028F9D198E031
:106F1000204600F035F92878C0060CD5206DA96907
:106F2000884208D1E06E30B92046FFF7AFFC3068E8
:106F3000A042BDD083E09EE02E2E2F4D6964646C8C
:106F40006577617265732F54686972645F5061720E
:106F500074792F4C7749502F7372632F636F72656A
:106F60002F7463705F696E2E630000007463705F3E
:106F700070726F636573733A20696E76616C6964D1
:106F80002070636200000000417373657274696F62
:106F90006E2022257322206661696C65642061740D
:106FA000206C696E6520256420696E2025730A00B7
:106FB000484D00247463705F696E7075743A207078
:106FC00063622D3E737461746520213D20434C4FF4
:106FD00053454400344D0024845D0124284D002491
:106FE000444D0024404D00247063622D3E736E6456
:106FF0005F71756575656C656E203E203000000020
:107000006E6F207365676D656E7420746F20667295
:10701000656500007063622D3E6C697374656E6512
:10702000722D3E61636365707420213D204E554C86
:107030004C000000C168A1423FF440AF0846002860
:10704000F8D18AF8009084F814B03868E0603C60A9
:1070500001F02CFF0FE0204600F092F82878C006DF
:1070600009D5206DA969884205D1E06E18B9687804
:1070700040F0100068700020D5E500002DE9F041D7
:1070800004000DD0A56F00206E7BA067D4F884703B
:10709000002F10D0002320692A462146B84710E06F
:1070A00017A340F2096222A12BA0E9F735FA6FF08D
:1070B0000F00BDE8F08100232A462146184600F063
:1070C00045FD6FF00C0728B10D3017D06FF00400AC
:1070D000A567EEE7B0060FD5208DB0F5066F01D09D
:1070E000401C2085D4F8845035B1002320691A460D
:1070F0002146A8470D3001D00020DAE73846D8E70E
:107100002E2E2F4D6964646C6577617265732F5400
:10711000686972645F50617274792F4C7749502F9F
:107120007372632F636F72652F7463702E63000038
:107130007463705F70726F636573735F7265667599
:107140007365645F646174613A20696E76616C692D
:107150006420706362000000417373657274696F2C
:107160006E2022257322206661696C65642061743B
:10717000206C696E6520256420696E2025730A00E5
:107180002DE9F047040006D1E1A340F27B42EDA1D6
:10719000F3A0E9F7C1F9207D042806D2DCA340F270
:1071A0007C42F9A1EEA0E9F7B7F9FE4F00254FF6B2
:1071B000FF763878C0067DD5B4F86020636D7869B5
:1071C000A16DB3EB000C02EB01080BD4834202D19A
:1071D000BB69CB1A06D4BB69994210D1F968C98939
:1071E00091420CD9F968C989A4F86010B4F86220FA
:1071F0008A4201D2A4F862106065B869A065626C29
:10720000B969881A00282EDC788948BBB4F8603048
:10721000A06D1844404523D1B4F9300000281FDB8D
:107220008A421DD194F84300411CC9B2814201D960
:1072300084F8431094F8430003280CD9608EB4F806
:107240004810084480B2884202D3A4F8480003E002
:10725000A4F8486000E002D3204600F0F1FD94E07D
:1072600084F8435091E001286FD4226D8A1A002AD5
:107270006BDC628B530708D5B4F84A3022F0040265
:107280006283A4F84830A4F86A5080B2E28FB4F95F
:107290003C3094F814C06164243402EBE301BCF187
:1072A000040FA577E577A183A4F1240435D3B4F8BE
:1072B000481000E089E0B4F84A20914215D2628B70
:1072C000120501D5012200E00222638E53439AB2D7
:1072D000824200D81046084480B21BE0A4F848005F
:1072E0001BE000BFA4F8486017E0B4F86A2010441F
:1072F00080B2904202D3A4F86A0001E0A4F86A6068
:10730000B4F86A208A4208D3608E521AA4F86A2020
:10731000084480B28842E5D3E0E7D4E91B31A2A259
:107320002046FDF789FD2067A1A2E16E03462046B5
:10733000FDF782FD216FE06619B12586257728B11A
:1073400006E04FF0FF322286F8E71BE0A4F8685011
:10735000B4F864203B891A44A4F86420628B1205B7
:1073600013D509B1C86801E038B1C0684068F7F7C3
:107370005DFAE16C081A002807DC608B20F40060DD
:10738000608302E0204600F0F3FF606BE8B1A16B80
:10739000BA69891A19D588490A88B4F93C10101AB3
:1073A000A0EBE10000B2014409B2A187002801DA94
:1073B000404200B2B4F93E206563A0EBA200104445
:1073C000E08700EBE101A4F840107B89002B6FD02F
:1073D000207D07286CD2626AB9467969DFF8DCA1A2
:1073E000501A012847D4CF18D71B7F1C002F42DC2E
:1073F000DAF80470804637B945A340F2945270A180
:1074000057A0E9F789F8B04506D341A340F2955259
:107410006FA153A0E9F780F8DAF804001FFA88F6A4
:107420000089B04206D23AA340F297526CA14CA018
:10743000E9F772F8BAF80810891BAAF80810DAF808
:1074400004000089801B81B204E03981301A7D81FB
:1074500086B23F687889B042F7D331463846FBF7A9
:107460002BFD606AC9F81400DAF80C104860616AF4
:10747000401A07D5A4E2881A04D5608B40F00200B8
:1074800060839DE2228D4F46616AD9F814000A4458
:10749000821A521C002AEDDC814237D1DAF80C0046
:1074A00056468089F7F7C4F9800702D0012101E030
:1074B0008BE200213089B146084480B27881218D69
:1074C000814224D2D9F80C004E468089F7F7B0F9F2
:1074D000C0070FD0F0688089F7F7AAF9C0F344001D
:1074E0004000F7F7A5F90146F068828922F47C5242
:1074F00011438181208D3081F0688089F7F798F9F8
:10750000800702D53089401E308171E09EE18EE017
:107510002E2E2F4D6964646C6577617265732F54EC
:10752000686972645F50617274792F4C7749502F8B
:107530007372632F636F72652F7463705F696E2E51
:10754000630000007463705F726563656976653A15
:1075500020696E76616C69642070636200000000CF
:10756000417373657274696F6E20222573222066E1
:1075700061696C6564206174206C696E65202564A6
:1075800020696E2025730A007463705F72656365FD
:107590006976653A2077726F6E67207374617465DF
:1075A00000000000484D0024756E61636B65640047
:1075B000756E73656E740000344D0024288E0124AE
:1075C000696E7365672E7020213D204E554C4C002E
:1075D000696E73616E65206F666673657421000065
:1075E0007062756620746F6F2073686F727421000B
:1075F00031897068FBF778FBF0688089F7F718F934
:10760000800700D001203189084480B278817969EF
:10761000238D626A08441A44904208D0AFF21013D6
:10762000F1A140F2CB52AFF2C800E8F775FF606FEE
:1076300000280ED0D9F80C008089F7F7F9F8C007B8
:1076400004D107E00168616700F07AFE606F0028EE
:10765000F8D171E0666F24E08089F7F7E9F8C00798
:107660001BD0D9F80C008089F7F7E2F8800714D412
:107670000120F7F7DDF80146D9F80C0082891143A3
:1076800081810846F7F7D4F8800701D0012100E096
:107690000021B9F80800084478813046366800F0C7
:1076A0004FFE86B3F0683289B7F80AC07B6941683B
:1076B000114403EB0C02511ACED51FFA8CF240682C
:1076C0001A44121A002A36DDC11AA9F80810D9F88E
:1076D0000C00B8468089F7F7ABF8800704D5B9F8F5
:1076E0000810491EA9F80810B9F80810D9F80400C4
:1076F000FBF7FAFAD9F80C008089F7F799F88007B8
:1077000002D0012101E016E00021B9F80800084488
:1077100080B2A8F80A00F168D8F81420104449682B
:10772000884208D0AFF21823BDA140F2FC52AFF25C
:10773000D010E8F7F1FE66677889796901446162E3
:10774000218D814208D2AFF23823C4A140F20762F2
:10775000AFF2F410E8F7E0FE208D7989401A208519
:10776000204601F055FCD9F8041048460A890AB1B0
:10777000F9614560D9F80C008089F7F759F8C0071E
:1077800052D0787840F0200078704DE0796180899F
:10779000F7F74EF8800700D001203289616A114462
:1077A00008446062F0688089F7F742F8800700D0EB
:1077B00001203189228D0844904208D9AFF2B023CC
:1077C000AEA140F22B62AFF26820E8F7A5FEF068A8
:1077D0008089F7F72DF8800700D001203189228DAC
:1077E0000844101A2085204601F012FC71680889AF
:1077F00030B1F86910B1FAF7EBFE00E0F96175609D
:10780000F0688089F7F714F8C00708D0787840F05E
:1078100020007870207D042801D107202075306871
:107820006067304600F08CFD666F26B1F068626AD2
:1078300041689142AAD0608BC10702D020F00100BC
:10784000CFE040F001006083BDE8F087656F9DB137
:107850000026C846E9684968814212D12989BAF8E8
:10786000080088420CD98F4800F014FD002807D08A
:107870008EB33060294625E08A4800F00BFD606732
:107880009EE016B3F2685268821A012A25D4421A81
:10789000521C002A21DC834800F0FCFC070013D0B6
:1078A000F0683289D8F8141040680244521A002A4D
:1078B00005DD081A81B231817068FBF715FA294697
:1078C00038463760FEF7B2F97AE0421A05D57548B6
:1078D00000F0E0FCF0B36067CCE72A682E46D2BB2C
:1078E000411A002969DDE8688089F6F7A1FFC00721
:1078F00066D16C4800F0CEFC286058B3E868464674
:107900002A894168D8F814000A44121A002A05DDB1
:10791000401A81B229816868FBF7E6F9218D606A17
:10792000728973690844D118081A002848DD28684C
:10793000C0688089F6F77CFFC00714D02868C0684B
:107940008089F6F775FFC0F344004000F6F770FF3A
:10795000014601E030E030E02868C068828922F406
:107960007C5211438181A08C228DB18A0244286807
:10797000511A89B2018128684068FBF7B5F9286877
:10798000C0688089F6F754FF800700D0012029687D
:107990000989084480B270817169238D626A084444
:1079A0001A4490420CD0AFF298430FA14FF4DF621B
:1079B000AFF25440E8F7B0FD02E015007FF44AAFA3
:1079C0002046BDE8F04700F0D3BC606A79690A1A26
:1079D00006D4228D1044081A401C00287FF734AFCB
:1079E000608B40F002002EE77463705F7265636520
:1079F0006976653A207365676D656E74206E6F7485
:107A0000207472696D6D656420636F727265637452
:107A10006C7920746F207263765F776E640A000061
:107A20007463705F726563656976653A2073656734
:107A30006D656E74206E6F74207472696D6D65640F
:107A400020636F72726563746C7920746F206F6F3E
:107A50007365712071756575650A00007463705FE8
:107A6000726563656976653A207463706C656E2033
:107A70003E207263765F776E640A00007463705F05
:107A8000726563656976653A206F6F7365712074FE
:107A900063706C656E203E207263765F776E640A59
:107AA00000000000288E012470B504000D460BD0A4
:107AB000207D012806D105A340F2DF720FA119A095
:107AC000E8F72AFDC4F8845070BD00002E2E2F4D1B
:107AD0006964646C6577617265732F546869726458
:107AE0005F50617274792F4C7749502F7372632FF6
:107AF000636F72652F7463702E630000696E766128
:107B00006C696420736F636B657420737461746552
:107B100020666F7220726563762063616C6C6261AF
:107B2000636B0000417373657274696F6E20222568
:107B30007322206661696C6564206174206C696ED3
:107B40006520256420696E2025730A0010B50800A1
:107B5000144608D0002C10D0218900F04FF82046A0
:107B6000FAF7ACFF0AE008A34FF4D36212A119A000
:107B7000E8F7D2FC6FF00F0010BD0BB1002010BD74
:107B8000BDE81040FCF7AEBC2E2E2F4D6964646C2E
:107B90006577617265732F54686972645F506172B2
:107BA00074792F4C7749502F7372632F636F72650E
:107BB0002F7463702E6300007463705F7265637668
:107BC0005F6E756C6C3A20696E76616C69642070CA
:107BD00063620000417373657274696F6E202225C1
:107BE0007322206661696C6564206174206C696E23
:107BF0006520256420696E2025730A0070B5040095
:107C00000D4603D0207D012809D00FE0BDE870406B
:107C100014A340F2CF321FA124A0E8F77DBC11A32A
:107C200040F2D2322BA121A0E8F776FC218D4FF44F
:107C30000662481980B2904201D8814201D922855A
:107C400000E02085204601F0E3F9B0F5067F08D377
:107C5000608B40F0020060832046BDE87040FEF774
:107C60006DB870BD2E2E2F4D6964646C657761729E
:107C700065732F54686972645F50617274792F4C18
:107C80007749502F7372632F636F72652F7463701F
:107C90002E6300007463705F7265637665643A20DA
:107CA000696E76616C69642070636200417373650C
:107CB0007274696F6E2022257322206661696C657B
:107CC00064206174206C696E6520256420696E20D3
:107CD00025730A00646F6E27742063616C6C2074D6
:107CE00063705F72656376656420666F72206C698D
:107CF0007374656E2D7063627300000070B50D00C3
:107D0000044606D1084BFF2208A103F14400E8F71E
:107D100003FC002004E0E16FA94200D1E067E468C1
:107D2000002CF8D170BD0000CC4D01087463705F69
:107D300072656D6F76655F6C697374656E65723AB6
:107D400020696E76616C6964206C697374656E6518
:107D5000720000002DE9F041040006D11BA340F29F
:107D6000C16227A12CA0E8F7D7FB256F6FF00506AD
:107D70001DB12846FEF710FC10B13046BDE8F08179
:107D8000286804F16C06206700E03668306850B15E
:107D9000C0684068F6F74AFD0746E8684068F6F7AD
:107DA00045FD381AF1D43068002128603560286814
:107DB00008B9A4F8681094F84200FF2802D2401CC9
:107DC00084F8420000206163D8E700002E2E2F4D7A
:107DD0006964646C6577617265732F546869726455
:107DE0005F50617274792F4C7749502F7372632FF3
:107DF000636F72652F7463705F6F75742E6300001C
:107E00007463705F7265786D69743A20696E76612B
:107E10006C69642070636200417373657274696F8A
:107E20006E2022257322206661696C65642061746E
:107E3000206C696E6520256420696E2025730A0018
:107E400010B5040006D119A340F2F96224A12CA0B8
:107E5000E8F762FB206F002827D0A07E400724D4DB
:107E60002046FFF777FF00281FD1B4F84810B4F878
:107E70006000814200D20846618E4008A4F84A00A2
:107E8000B0EB410F05D24FF6FF7000EA4100A4F8B5
:107E90004A0001EB4103618B80B200222286184424
:107EA000A4F8480041F00401618310BD2E2E2F4D2F
:107EB0006964646C6577617265732F546869726474
:107EC0005F50617274792F4C7749502F7372632F12
:107ED000636F72652F7463705F6F75742E6300003B
:107EE0007463705F7265786D69745F666173743A0C
:107EF00020696E76616C6964207063620000000026
:107F0000417373657274696F6E2022257322206637
:107F100061696C6564206174206C696E65202564FC
:107F200020696E2025730A0010B5040006D109A34C
:107F300040F2AD6214A11BA0E8F7EEFA204600F073
:107F40009BF8002804D12046BDE8104000F03EB860
:107F500010BD00002E2E2F4D6964646C6577617230
:107F600065732F54686972645F50617274792F4C25
:107F70007749502F7372632F636F72652F7463702C
:107F80005F6F75742E6300007463705F7265786D47
:107F900069745F72746F3A20696E76616C696420EF
:107FA00070636200417373657274696F6E2022257D
:107FB0007322206661696C6564206174206C696E4F
:107FC0006520256420696E2025730A0010B5040021
:107FD00006D109A34FF4D36214A11DA0E8F79CFABF
:107FE00094F84200FF2802D2401C84F84200204648
:107FF000BDE81040FDF7A2BE2E2E2F4D6964646CC3
:108000006577617265732F54686972645F5061723D
:1080100074792F4C7749502F7372632F636F726599
:108020002F7463705F6F75742E6300007463705FEC
:108030007265786D69745F72746F5F636F6D6D697F
:10804000743A20696E76616C696420706362000026
:10805000417373657274696F6E20222573222066E6
:1080600061696C6564206174206C696E65202564AB
:1080700020696E2025730A002DE9F041040006D125
:108080001BA340F2636227A12FA0E8F745FA256FF2
:108090006FF005065DB103E0FEF77EFA38B92D6892
:1080A000286800282846F7D1FEF776FA10B1304646
:1080B000BDE8F081E06E00262860206FC4E91B0651
:1080C000608B40F400606083E8684068F6F7AEFBC0
:1080D0000746E8688089F6F7ABFB800700D00120EF
:1080E0002989384466630844E0640020E0E7000022
:1080F0002E2E2F4D6964646C6577617265732F5401
:10810000686972645F50617274792F4C7749502F9F
:108110007372632F636F72652F7463705F6F757412
:108120002E6300007463705F7265786D69745F72AE
:10813000746F5F707265706172653A20696E766106
:108140006C69642070636200417373657274696F57
:108150006E2022257322206661696C65642061743B
:10816000206C696E6520256420696E2025730A00E5
:1081700018B1007A08B1F9F73BBC1046F5F7B2BD6B
:108180002DE9FF4F85B093461E008A46DDE912793E
:10819000DDF8508006D11AA340F2C47225A12CA0AC
:1081A000E8F7BAF9002F06D115A340F2C57232A143
:1081B00027A0E8F7B1F9002546F208045046F6F783
:1081C00035FB14220346CDE9022400222946CDE9DD
:1081D00000985846FDF788FF04000ED000222B4679
:1081E00001460598FEF778F8059809B03B463246F7
:1081F0002146BDE8F04FFDF7FFBF09B0BDE8F08FA5
:108200002E2E2F4D6964646C6577617265732F54EF
:10821000686972645F50617274792F4C7749502F8E
:108220007372632F636F72652F7463705F6F757401
:108230002E6300007463705F7273743A20696E7607
:10824000616C6964206C6F63616C5F697000000031
:10825000417373657274696F6E20222573222066E4
:1082600061696C6564206174206C696E65202564A9
:1082700020696E2025730A007463705F7273743A0C
:1082800020696E76616C69642072656D6F74655FDC
:108290006970000070B5050006D10CA340F282623F
:1082A00016A11DA0E8F738F90320F8F7DDF904005E
:1082B0000AD002CD95E80D0002C484E80D00241F09
:1082C000FAF7ACFD204670BD002070BD2E2E2F4D5C
:1082D0006964646C6577617265732F546869726450
:1082E0005F50617274792F4C7749502F7372632FEE
:1082F000636F72652F7463702E6300007463705F28
:108300007365675F636F70793A20696E76616C6937
:108310006420736567000000417373657274696F50
:108320006E2022257322206661696C656420617469
:10833000206C696E6520256420696E2025730A0013
:1083400010B5040009D0606808B1FAF7B7FB214600
:10835000BDE810400320F8F7CFB810BD10B503E01A
:108360000468FFF7EDFF20460028F9D110BD00009A
:108370002DE9F0414FF0000704003E4606D118A356
:1083800040F2EA7223A12BA0E8F7C6F8206D002581
:10839000F6F74CFA0022034629462046FDF73EFE3A
:1083A000050010D033463A4601462046FDF794FFBB
:1083B00022462946231D1046FDF71EFF618B50B152
:1083C00041F0030109E0608B40F0030060836FF02F
:1083D0000100BDE8F08121F003016183F9E70000AD
:1083E0002E2E2F4D6964646C6577617265732F540E
:1083F000686972645F50617274792F4C7749502FAD
:108400007372632F636F72652F7463705F6F75741F
:108410002E6300007463705F73656E645F656D70DA
:1084200074795F61636B3A20696E76616C69642070
:1084300070636200417373657274696F6E202225E8
:108440007322206661696C6564206174206C696EBA
:108450006520256420696E2025730A0070B505002B
:1084600006D113A340F2EB321EA125A0E8F754F881
:10847000EC6E0CB909E0044620680028FBD1E068E6
:108480008089F6F7D5F9400705D02846BDE8704049
:108490000121FCF7E5BA0120F6F7CAF9E1688A89FB
:1084A00010438881688B40F020006883002070BDF5
:1084B0002E2E2F4D6964646C6577617265732F543D
:1084C000686972645F50617274792F4C7749502FDC
:1084D0007372632F636F72652F7463705F6F75744F
:1084E0002E6300007463705F73656E645F66696E0F
:1084F0003A20696E76616C696420706362000000E6
:10850000417373657274696F6E2022257322206631
:1085100061696C6564206174206C696E65202564F6
:1085200020696E2025730A0070B504000D460BD03B
:10853000207D012806D105A340F2F3720FA119A0F6
:10854000E7F7EAFFC4F8805070BD00002E2E2F4DD3
:108550006964646C6577617265732F5468697264CD
:108560005F50617274792F4C7749502F7372632F6B
:10857000636F72652F7463702E630000696E76619D
:108580006C696420736F636B6574207374617465C8
:1085900020666F722073656E742063616C6C62611B
:1085A000636B0000417373657274696F6E202225DE
:1085B0007322206661696C6564206174206C696E49
:1085C0006520256420696E2025730A0010B504001B
:1085D0000ED0207D6FF00A03012821D0002918D089
:1085E000608B002A40F0100060830BD001211AE05C
:1085F00010A340F207221BA121A0E7F78DFF6FF027
:108600000F0010BDA06F98B1FAF758FA0020A067CC
:108610000EE06AB1032805D0042803D0072801D052
:10862000184610BD00212046BDE81040FBF7AABF48
:10863000002010BD2E2E2F4D6964646C6577617229
:1086400065732F54686972645F50617274792F4C3E
:108650007749502F7372632F636F72652F74637045
:108660002E6300007463705F73687574646F776E57
:108670003A20696E76616C69642070636200000064
:10868000417373657274696F6E20222573222066B0
:1086900061696C6564206174206C696E6520256475
:1086A00020696E2025730A002DE9FE4FD54D4FF449
:1086B000FA7B4FF00009E868401CE860A878401C8D
:1086C000A870AC6900277AE1207D002806D1CEA3EE
:1086D00040F2BE42D8A1E3A0E7F71EFF207D0128AB
:1086E00006D1C9A340F2BF42E8A1DEA0E7F714FF1C
:1086F000207D0A2806D1C4A34FF49862EEA1D9A028
:10870000E7F70AFFA17FA878814202D12746E468F3
:1087100055E1217D0026B246A077022905D194F8C3
:108720004200062801D30126A1E094F842000C285B
:108730001BD294F89900002841D0206F002806D061
:10874000B1A340F2D442E8A1C6A0E7F7E5FEE06E8F
:10875000002806D1ACA340F2D542F0A1C1A0E7F7B2
:10876000DBFE94F89A000C2801D3012673E094F8FC
:108770009910F848095C94F89800884202D2401C8D
:1087800084F89800C0B2884265D3B4F860102046DF
:1087900019B100F073FA20B107E001F0CFF8E8BB9F
:1087A00003E02046FDF7CAFAC0B394F8990084F8B4
:1087B000989007284FD2401C84F899004BE0B4F9F8
:1087C000300047F6FF78404501D2401C2086B4F9BE
:1087D0003000B4F9401088423DDB2046FFF74CFCE6
:1087E00018B1206FD0B9E06EC0B1207D022813D03F
:1087F00094F842000C2800D30C20D74BB4F93C204D
:10880000B4F93E101B5C01EBE20140469940814205
:1088100000DA0846A4F840004A4600E01BE0B4F83D
:108820004810B4F86000A4F83090814200D20846A5
:10883000638E4FF6FF7C4008A4F84A000CEA43011F
:10884000884201D2A4F84A102046A4F84830A4F87F
:108850006A20FFF7BBFB207D062808D1A07EC0065A
:1088600005D5206AE968081A282800D9761C607A9C
:1088700000072AD5207D042801D0072825D1B74A32
:10888000D4F89410236A0A44D5F80CC0B2FBFBF864
:10889000ACEB0302904503D2761C4FF0010A14E0C2
:1088A00094F89B3042F29F4C13FB0CF301EBC30195
:1088B000B1FBFBF0904208D22046FCF719FF20B92B
:1088C00094F89B00401C84F89B00606F60B1E868DE
:1088D000B4F94010226A821A01EB4100B2EB400F5A
:1088E00002D32046FCF748FB207D032802D009284C
:1088F00007D00BE0216AE868401A282806D9761CC0
:1089000004E0206AE968081AF028F8D8002E3CD064
:10891000D4F890602046FDF7B9FFA8695FB18442A2
:1089200006D139A340F26D528DA14EA0E7F7F4FDB8
:10893000E068F8600AE0A04206D033A340F271522A
:1089400092A148A0E7F7E8FDE068A861BAF1000F3E
:108950000AD0228B201DE18A23468DE80700626A37
:108960001846216DFFF70CFC2046D4E90348FCF7BC
:108970001BFA85F8009016B36FF00C014046B04723
:10898000287800287FF49DAE19E0207F2746617F7C
:10899000401CE468C0B23877884210D387F81C9036
:1089A00085F80090D7F88C2032B138693946904765
:1089B00029780029E6D110B93846FDF7BFF9002C17
:1089C0007FF482AEEC6900262AE1207D0A2806D0D9
:1089D0000DA340F2A15278A122A0E7F79DFD216AE4
:1089E000E868401AF0280BD92046FDF74FFFE869E8
:1089F0002EB1844205D104A340F2AF52F4E0FEE070
:108A0000FAE0F6E0284D00242E2E2F4D6964646CA8
:108A10006577617265732F54686972645F50617223
:108A200074792F4C7749502F7372632F636F72657F
:108A30002F7463702E6300007463705F736C6F77C4
:108A4000746D723A20616374697665207063622D7B
:108A50003E737461746520213D20434C4F5345445F
:108A60000A000000417373657274696F6E202225DD
:108A70007322206661696C6564206174206C696E84
:108A80006520256420696E2025730A007463705F79
:108A9000736C6F77746D723A2061637469766520C8
:108AA0007063622D3E737461746520213D204C49D2
:108AB0005354454E0A0000007463705F736C6F7707
:108AC000746D723A20616374697665207063622DFB
:108AD0003E737461746520213D2054494D452D57E6
:108AE0004149540A000000007463705F736C6F7733
:108AF00074696D723A207065727369737420746959
:108B0000636B696E67207769746820696E2D666C87
:108B10006967687420646174610000007463705F49
:108B2000736C6F7774696D723A20706572736973D4
:108B300074207469636B696E672077697468206557
:108B40006D7074792073656E6420627566666572F7
:108B50000000000087C00108BCC00108B84C0A0032
:108B60007463705F736C6F77746D723A206D6964B3
:108B7000646C652074637020213D207463705F61B4
:108B800063746976655F7063627300007463705F1D
:108B9000736C6F77746D723A2066697273742070AB
:108BA0006362203D3D207463705F61637469766524
:108BB0005F706362730000007463705F736C6F7743
:108BC000746D723A2054494D452D574149542070D7
:108BD00063622D3E7374617465203D3D2054494DA0
:108BE000452D57414954000010A1AFF28810E7F716
:108BF00093FCE068F0600FE02646E46810E0A042D5
:108C000008D0AFF2FC1313A140F2B352AFF2AC1094
:108C1000E7F782FCE068E8612046E468FCF7C4F806
:108C2000002C7FF4D2AEBDE8FE8F00007463705F4D
:108C3000736C6F77746D723A206D6964646C652033
:108C400074637020213D207463705F74775F70637C
:108C5000627300007463705F736C6F77746D723A47
:108C600020666972737420706362203D3D207463D6
:108C7000705F74775F706362730000002DE9F84FD6
:108C800005000F4606D158A340F24B3263A16CA0F9
:108C9000E7F742FCEC6E002C7ED0002F10D020892C
:108CA000B8427AD9688EB84206D24FA340F25B32FE
:108CB0006DA163A0E7F730FC208900280BD011E0FC
:108CC00049A340F253326CA15DA0E7F725FC6FF099
:108CD0000500BDE8F88F44A34FF457726FA158A068
:108CE000E7F71AFC94F80AB05FEACB7001D00426CB
:108CF00000E0002620894FF42072C01B1FFA80F884
:108D000008EB060081B23620F9F7C0FA5FEA000AE4
:108D100066D0606821890289511A424639448BB273
:108D2000DAF804103144F9F73BFE404555D1E068CC
:108D30008089F5F77DFD00F03F064FF00009300710
:108D400003D526F008064FF00809F00703D026F0F7
:108D5000010649F00109E0684068F5F767FDC319AD
:108D60004A4651462846CDF800B0FBF75BFD0700A8
:108D700033D06068F9F7CDFCB5F86610081A25F80D
:108D8000660F60680289A2EB080189B2F9F7ACFFAF
:108D90002189A1EB080001E022E01CE0208130469F
:108DA000F5F746FDE1688A89104388816068F9F724
:108DB000B0FC2988084428807868F9F7AAFC29883B
:108DC000084425F86609206838602760386810B9BB
:108DD0000020A5F8680000207BE75046F9F76EFEFA
:108DE0004FF0FF3075E700002E2E2F4D6964646C44
:108DF0006577617265732F54686972645F50617240
:108E000074792F4C7749502F7372632F636F72659B
:108E10002F7463705F6F75742E6300007463705FEE
:108E200073706C69745F756E73656E745F7365677C
:108E30003A20696E76616C6964207063620000009C
:108E4000417373657274696F6E20222573222066E8
:108E500061696C6564206174206C696E65202564AD
:108E600020696E2025730A0073706C6974203C3D84
:108E7000206D73730000000043616E2774207370CF
:108E80006C6974207365676D656E7420696E746FAC
:108E9000206C656E6774682030000000757365672C
:108EA0002D3E6C656E203E20300000000848816831
:108EB00000290CD10749084A09681268114306D0F5
:108EC0000121816000220549FA20FBF789B870472B
:108ED0006C4D0024404D0024444D00248D9C01081D
:108EE0003EB51D4C05462078400723D4002D06D101
:108EF0001AA340F2EE2226A12DA0E7F70DFB207861
:108F0000810718D5696A6069421A19D42A8D1144FB
:108F1000411A002914DCE1682F4A0B884988029322
:108F20002D4BCDE9002161891B1D4218A1692846FE
:108F3000FFF726F93EBDC00702D028480068286226
:108F400060890028F6D0688B40F0020068832846CC
:108F5000BDE83E40FCF7F2BE484D00242E2E2F4DBA
:108F60006964646C6577617265732F5468697264B3
:108F70005F50617274792F4C7749502F7372632F51
:108F8000636F72652F7463705F696E2E63000000FB
:108F90007463705F74696D65776169745F696E7021
:108FA00075743A20696E76616C6964207063620042
:108FB000417373657274696F6E2022257322206677
:108FC00061696C6564206174206C696E652025643C
:108FD00020696E2025730A00945D0124344D00241D
:108FE00010B5FBF7ABFE05484178491C4170CA0734
:108FF00003D0BDE81040FFF757BB10BD284D00243B
:109000000248417841F0100141707047484D0024FA
:1090100070B5040006D115A340F2A6321FA128A006
:10902000E7F77AFA258D4FF48666626A638EE06A06
:109030005119B34200D933460344CB1A02D4081A5B
:10904000658570BD111A002902DD002060850BE0E6
:10905000851AB5F5803F06D304A340F2B63222A1AB
:1090600017A0E7F759FA6585002070BD2E2E2F4D09
:109070006964646C6577617265732F5468697264A2
:109080005F50617274792F4C7749502F7372632F40
:10909000636F72652F7463702E6300007463705F7A
:1090A0007570646174655F7263765F616E6E5F7721
:1090B0006E643A20696E76616C6964207063620048
:1090C000417373657274696F6E2022257322206666
:1090D00061696C6564206174206C696E652025642B
:1090E00020696E2025730A006E65775F7263765F74
:1090F000616E6E5F776E64203C3D203078666666F8
:10910000660000002DE9FF4F05004FF0000093B00E
:1091100017466FF00F08834604460646ADF8280050
:1091200081460C900F90069011900E9007D0B5F8E4
:109130006200698EB1EB500F06D2084605E0EEA33F
:109140004FF4CF72F9A148E0400800B908461499DD
:10915000089000293DD01146284600F035FB002834
:109160003FD1E86E0021B5F866A000280D917DD0B2
:10917000044600680028FBD1A07AC00700D0042074
:109180002189804608984144814206D9DAA34FF4E8
:10919000F372ECA1F1A0E7F7BFF9228908994244E4
:1091A000B5F86800891AADF828001FFA81F8002880
:1091B0002FD0404506D9D0A34FF4FC72F1A1E7A00F
:1091C000E7F7AAF9BDF828100C94B9420CD20A4668
:1091D0000BE0C9A340F2AD12F2A1E0A0E7F79CF9C1
:1091E000404617B0BDE8F08F3A464046424504D8A5
:1091F000B94201D2084600E03846814606EB090331
:10920000A8EB09009EB21FFA80F8A1EB0901ADF8A6
:109210002810BDF8280040B1BE4206D0B6A34FF4D6
:109220000072EDA1CDA0E7F777F9BE4258D2B8F1B0
:10923000000F55D020890028FBD0B81B414640457F
:1092400000DD0846169980B20C940990C90718D021
:109250000121169800950AAB4246CDE90101099912
:109260000020FDF76BFA5FEA000B00E039E06CD0FC
:109270001499DBF80400099A3144E7F75AFB584681
:1092800026E0606800E0084601680029FBD1017B08
:10929000890910D1416840890144149881420AD15A
:1092A00036B195A340F23122D3A1ACA0E7F734F94F
:1092B00009980E9011E0099901220020F8F7E6FFC5
:1092C0005FEA000BD3D0149881195846CBF80410EC
:1092D000F9F71FFA50441FFA80FA0998304486B211
:1092E00098E0B5F868000028FAD083A340F24A223B
:1092F000CCA19AA0E7F710F98CE00D99BA1B089859
:10930000401A91B280B2814200D208461699804636
:10931000C9072BD00698002826D000211698009562
:109320000AABCDE901010D99089A08EB010081B261
:109330003620FDF703FA0028019098D04189414575
:1093400008D26DA340F2662200E00BE2C1A183A027
:10935000E7F7E2F801984268149881190D981044D3
:109360004246E7F7E6FA22E00121D7E7BDF82800F8
:1093700030B161A340F27122C6A178A0E7F7CCF822
:10938000012241463620F8F781FF0028009099D04D
:1093900014984FF4207281190098416036200D997D
:1093A000F8F774FF019080B10099F9F711F901986D
:1093B000F9F7AFF950441FFA80FABAF1090F06D94C
:1093C000DDF80400F9F77AFBCCE10098FAE7119890
:1093D00000220090E86D019983192846FBF722FAD4
:1093E00000280C90F0D0069810B10F9818B109E041
:1093F0000C98069009E040A340F2AB22A9A157A027
:10940000E7F78AF80F990C98086006EB08010C98AA
:109410008EB20F90BE42FFF470AFB9F1000F19D0B9
:10942000666811E03289316802EB0900308151B978
:1094300071894A46706808441499E7F77AFA718985
:1094400001EB090070813668002EEBD1218901EB18
:1094500009002081BDF82810BBF1000FA5F86810A5
:109460000FD034B924A34FF4387293A13BA0E7F78F
:1094700053F860685946F9F7ABF8BBF80800218942
:109480001FE00E98F8B10CB1606830B91AA340F231
:10949000E62297A131A0E7F73FF8606804E003896E
:1094A0000E9A1A440281084601680029F7D1028900
:1094B0000E991144018142890E99114441812189FB
:1094C0000E98084420810698A4B120605FEA0A0043
:1094D000B5F86410EA6DA5F86600A1EB070002EB91
:1094E000070145F85C1F2881A5F15C0501D0286FB4
:1094F00008B126E118E119E12E2E2F4D6964646C44
:109500006577617265732F54686972645F50617228
:1095100074792F4C7749502F7372632F636F726584
:109520002F7463705F6F75742E6300007463705FD7
:1095300077726974653A20696E76616C696420702F
:10954000636200006D73735F6C6F63616C2069739D
:1095500020746F6F20736D616C6C000041737365D4
:109560007274696F6E2022257322206661696C65B2
:1095700064206174206C696E6520256420696E200A
:1095800025730A00696E636F6E73697374656E7418
:10959000206F76657273697A652076732E207370FA
:1095A000616365007463705F77726974653A206106
:1095B0007267203D3D204E554C4C202870726F67DD
:1095C00072616D6D65722076696F6C617465732070
:1095D0004150492900000000696E636F6E73697322
:1095E00074656E74206F76657273697A6520767320
:1095F0002E206C656E0000007463705F7772697472
:10960000653A20524F4D2070627566732063616E1B
:109610006E6F74206265206F76657273697A656417
:1096200000000000756E73656E745F6F766572730F
:10963000697A65206D69736D617463682028706351
:10964000622D3E756E73656E74206973204E554CA5
:109650004C2900007463705F77726974653A206307
:109660006865636B20746861742066697273742026
:10967000706275662063616E20686F6C6420746828
:109680006520636F6D706C657465207365676C65CC
:109690006E0000006F76657273697A65203D3D202B
:1096A00030000000707265765F73656720213D2091
:1096B0004E554C4C000000007463705F7772697403
:1096C000653A2063616E6E6F7420636F6E636174C0
:1096D000656E617465207768656E207063622D3EEB
:1096E000756E73656E7420697320656D7074790092
:1096F0007463705F77726974653A20657874656E1B
:1097000073696F6E206F66207265666572656E6341
:109710006520726571756972657320726566657220
:10972000656E636500000000E866CFE6E86E40B94C
:10973000AFF23C231CA140F21232AFF2E010E6F788
:10974000EBFE0C9860B1C06850B11698800707D442
:109750000820F5F76DF80C99C9688A89104388814B
:1097600000203EE5698BBBF1000F41F0800068836B
:1097700002D05846F9F7A2F9069808B1FEF7EEFDB7
:10978000B5F8660060B1286F50B9E86E40B9AFF225
:10979000982305A140F22732AFF24020E6F7BCFE45
:1097A0004FF0FF301DE500007463705F77726974DD
:1097B000653A2076616C6964207175657565206C09
:1097C000656E67746800000070B504000D4606D130
:1097D0001FA340F233122BA132A0E6F79DFE207D9D
:1097E000042808D0072806D0022804D0032802D075
:1097F0006FF00A0070BD002D27D0B4F864004FF060
:10980000FF31A84203D3B4F86600092805D3608B62
:1098100040F080006083084670BD0028206F09D0AA
:10982000002812D1E06E00280FD109A340F2551292
:1098300026A107E010B9E06E002806D004A34FF47B
:10984000AC7231A117A0E6F767FE002070BD0000E2
:109850002E2E2F4D6964646C6577617265732F5489
:10986000686972645F50617274792F4C7749502F28
:109870007372632F636F72652F7463705F6F75749B
:109880002E6300007463705F77726974655F63684C
:1098900065636B733A20696E76616C6964207063EE
:1098A00062000000417373657274696F6E20222537
:1098B0007322206661696C6564206174206C696E36
:1098C0006520256420696E2025730A007463705F2B
:1098D00077726974653A207062756673206F6E20C6
:1098E0007175657565203D3E206174206C656173FE
:1098F00074206F6E65207175657565206E6F6E2DB5
:10990000656D7074790000007463705F77726974BC
:10991000653A206E6F207062756673206F6E2071DD
:1099200075657565203D3E20626F746820717565B0
:1099300075657320656D7074790000002DE9F0473E
:1099400004004FF0000906D12DA340F64F0239A1C3
:1099500041A0E6F7E1FDE56E3DB394F89A00FF28DB
:1099600002D2401C84F89A00E8688089F4F760FF0E
:10997000C00701D02889D8B101224FF00008E8685B
:10998000494643682046FCF749FB070014D0796834
:10999000B8F1000F0E4612D01120F4F749FFB1893B
:1099A00021F47C510843B08112E00020BDE8F0872B
:1099B00000224FF00108E2E74FF0FF30F6E7686859
:1099C00014312A8903899A1A93B20122F8F7E8FF21
:1099D000E8684068F4F72AFF216D401C091A00D599
:1099E000206500224B4639462046FCF775FC22468E
:1099F0003946231D1046BDE8F047FCF7FDBB0000CB
:109A00002E2E2F4D6964646C6577617265732F54D7
:109A1000686972645F50617274792F4C7749502F76
:109A20007372632F636F72652F7463705F6F7574E9
:109A30002E6300007463705F7A65726F5F77696E82
:109A4000646F775F70726F62653A20696E76616CE1
:109A50006964207063620000417373657274696F9A
:109A60006E2022257322206661696C656420617412
:109A7000206C696E6520256420696E2025730A00BC
:109A800038B50D460446F4F7D5FE13480621C0E963
:109A900000450830FAF726FA002806D00FA340F256
:109AA00061221AA122A0E6F737FD0B480C30FAF725
:109AB00046FA002806D009A340F2652226A11CA080
:109AC000E6F72AFD00202D494FF4806302460090FE
:109AD0002BA0FAF76CFA38BDC44C00242E2E2F4D63
:109AE0006964646C6577617265732F546869726428
:109AF0005F50617274792F4C7749502F7372632FC6
:109B00006170692F74637069702E63006661696C9F
:109B1000656420746F20637265617465207463707E
:109B200069705F746872656164206D626F780000AF
:109B3000417373657274696F6E20222573222066EB
:109B400061696C6564206174206C696E65202564B0
:109B500020696E2025730A006661696C6564207453
:109B60006F20637265617465206C6F636B5F7463F3
:109B70007069705F636F726500000000C59C01082A
:109B800074637069705F74687265616400000000DE
:109B90002DE9F04190460D4606461248FAF7C5F900
:109BA00028B9FC2210A31CA11FA0E6F7B5FC0920D0
:109BB000F6F75AFD04004FF0FF370FD0C4E90165F6
:109BC0000020207007482146C4F80C80FAF7A3F95A
:109BD000002804D009202146F6F78EFC3846BDE85F
:109BE000F0810000CC4C00242E2E2F4D6964646C53
:109BF0006577617265732F54686972645F50617232
:109C000074792F4C7749502F7372632F6170692FCD
:109C100074637069702E6300496E76616C696420AC
:109C20006D626F7800000000417373657274696F34
:109C30006E2022257322206661696C656420617440
:109C4000206C696E6520256420696E2025730A00EA
:109C500091F82D2012F0180F01D0024A00E0024ABC
:109C6000FFF796BF1DC7000825D7000870B50D4641
:109C700004460548FAF75EF92846A0470248FAF775
:109C80006DF9002070BD0000D04C002410B5FFF726
:109C9000A7F90848084900680968084306D0002267
:109CA0000649BDE81040FA20FAF79AB904490020A5
:109CB000886010BD404D0024444D00248D9C010857
:109CC0006C4D002408B51E48FAF734F91C480C38CE
:109CD000016809B140688847194E4FEA0D05361FE3
:109CE000FAF770FA0446401C0FD0F4B11448FAF7A2
:109CF00035F9224629463046FAF75AF80446104804
:109D0000FAF718F9641C10D00AE00D48FAF726F9A2
:109D1000002229463046FAF74BF80948FAF70AF9C3
:109D2000009828B100F04AF8D6E7FAF7A3F8D7E789
:109D3000912204A30FA117A0E6F7EEFBCCE70000E9
:109D4000D04C00242E2E2F4D6964646C65776172AF
:109D500065732F54686972645F50617274792F4C17
:109D60007749502F7372632F6170692F7463706924
:109D7000702E630074637069705F746872656164EB
:109D80003A20696E76616C6964206D6573736167F2
:109D900065000000417373657274696F6E2022253F
:109DA0007322206661696C6564206174206C696E41
:109DB0006520256420696E2025730A0010B50446CD
:109DC000007800280BD0012813D002281AD0BDE853
:109DD0001040CF220EA31AA121A0E6F79DBB201DA3
:109DE00007C8904710B16068F8F768FE092021465F
:109DF00004E0D4E90110884708202146BDE810405E
:109E0000F6F77ABBD4E90110BDE81040084700001E
:109E10002E2E2F4D6964646C6577617265732F54C3
:109E2000686972645F50617274792F4C7749502F62
:109E30007372632F6170692F74637069702E630091
:109E400074637069705F7468726561643A20696EEA
:109E500076616C6964206D657373616765000000ED
:109E6000417373657274696F6E20222573222066B8
:109E700061696C6564206174206C696E652025647D
:109E800020696E2025730A002DE9F0410D46064633
:109E90001148FAF74AF830B910A340F25D121BA13D
:109EA0001EA0E6F739FB0820F6F7DEFB04004FF0B2
:109EB000FF370DD0C4E90165012020700648214616
:109EC000FAF729F8002804D008202146F6F714FBF9
:109ED0003846BDE8F0810000CC4C00242E2E2F4DDA
:109EE0006964646C6577617265732F546869726424
:109EF0005F50617274792F4C7749502F7372632FC2
:109F00006170692F74637069702E6300496E7661A9
:109F10006C6964206D626F780000000041737365A6
:109F20007274696F6E2022257322206661696C65E8
:109F300064206174206C696E6520256420696E2040
:109F400025730A0010B500F007F810B10168002968
:109F500000D1002010BD0000042801D3002070476C
:109F6000014901EB00107047445D01242DE9F05FC9
:109F700001B92F4920B12F4C002563681E460FE020
:109F80002DA340F2B73238A13DA0E6F7C5FA6FF035
:109F90000F00BDE8F09FB04201D1012502E0F66854
:109FA000002EF8D16FF0070992BB4FF4404A4FF6EC
:109FB000FF764FF4804B4FF0000C2288571C27800F
:109FC000B24201D1A4F800A01A4627880CE000BFD5
:109FD000B2F81280B84506D10CF1010C1FFA8CFCC6
:109FE000DC45EAD31CE0D268002AF1D13A04120C15
:109FF00016D00FE098420AD05E8A964207D11F68B9
:10A000000E68B7420CD059B156B14BB147B1DB68BD
:10A01000002BEFD101B109684282016015B104E063
:10A020004846B6E76168C16060600020B1E70000A3
:10A03000F4C00108784D00242E2E2F4D6964646C05
:10A040006577617265732F54686972645F506172DD
:10A0500074792F4C7749502F7372632F636F726539
:10A060002F7564702E6300007564705F62696E64A2
:10A070003A20696E76616C6964207063620000004A
:10A08000417373657274696F6E2022257322206696
:10A0900061696C6564206174206C696E652025645B
:10A0A00020696E2025730A0010B5E6F7D5F903493B
:10A0B000C0F30D0000F54040088010BD784D00242D
:10A0C0002DE9F04F0700894687B005D1CF224AA37A
:10A0D00055A15BA0E6F720FAB9F1000F05D1D02217
:10A0E00045A361A156A0E6F717FA788908287CD322
:10A0F000644D7C6829686869F3F7C9F90290208883
:10A10000F4F796FB00906088F4F792FBDFF878B1E3
:10A1100000268246B046DBF8044032E0618A5145B1
:10A120002DD1029A4946204600F0BEF838B3207C73
:10A13000400711D4B8F1000F0DD0029860B16869E2
:10A14000401C09D1D8F80010D9F80400814203D08E
:10A150002168814200D1A046A18A009881420ED197
:10A16000606810B12969884209D136B1E168F160AF
:10A17000DBF80410E160CBF8044024B10BE0264684
:10A18000E468002CCAD15FEA080404D1D9F80400BD
:10A190006969884229D108213846F8F78DFE38B11F
:10A1A00015A34FF4B87239A125A0E6F7B5F91CE064
:10A1B00054B1A569CDB1334B3A46E069214610331D
:10A1C000A84707B0BDE8F08F029870B9287DC0F3AA
:10A1D00003100E2809D0A889083001B23846F8F7D4
:10A1E0006BFD03213846F2F78BFF07B03846BDE818
:10A1F000F04FF8F763BC00002E2E2F4D6964646C9D
:10A200006577617265732F54686972645F5061721B
:10A2100074792F4C7749502F7372632F636F726577
:10A220002F7564702E6300007564705F696E7075C1
:10A23000743A20696E76616C69642070627566009C
:10A24000417373657274696F6E20222573222066D4
:10A2500061696C6564206174206C696E6520256499
:10A2600020696E2025730A007564705F696E7075D1
:10A27000743A20696E76616C6964206E65746966F3
:10A2800000000000845D0124784D00247062756632
:10A290005F72656D6F76655F686561646572206683
:10A2A00061696C65640A000070B5040016460D46CD
:10A2B00005D1872215A321A129A0E6F72DF9002DAC
:10A2C00005D1882211A330A125A0E6F725F9217A2E
:10A2D000374831B1426892F83020521CD2B29142D4
:10A2E00012D14EB174B1216861B14069421C09D0EC
:10A2F000AA681140104003E024B1216811B14069FF
:10A30000814201D1012070BD002070BD2E2E2F4D45
:10A310006964646C6577617265732F5468697264EF
:10A320005F50617274792F4C7749502F7372632F8D
:10A33000636F72652F7564702E6300007564705FC3
:10A34000696E7075745F6C6F63616C5F6D6174636F
:10A35000683A20696E76616C6964207063620000FF
:10A36000417373657274696F6E20222573222066B3
:10A3700061696C6564206174206C696E6520256478
:10A3800020696E2025730A007564705F696E7075B0
:10A39000745F6C6F63616C5F6D617463683A2069B0
:10A3A0006E76616C6964206E6574696600000000F9
:10A3B000845D0124002810B513D00268002A10D053
:10A3C00000290ED00A68002A0BD0064A526806E01F
:10A3D00013680468A34201D10B681360D268002A95
:10A3E000F6D110BD784D0024002010B5F6F73CF9E9
:10A3F000040004D02021E6F73DFBFF20E072204658
:10A4000010BDFFF7F1BF000010B1C0E906127047A0
:10A4100003A340F28A420EA113A0E6F77DB8000024
:10A420002E2E2F4D6964646C6577617265732F54AD
:10A43000686972645F50617274792F4C7749502F4C
:10A440007372632F636F72652F7564702E630000E3
:10A450007564705F726563763A20696E76616C69C7
:10A460006420706362000000417373657274696FE9
:10A470006E2022257322206661696C6564206174F8
:10A48000206C696E6520256420696E2025730A00A2
:10A4900030B10E494A68824211D1D2684A6010E058
:10A4A0000BA340F2A14216A11BA0E6F735B8D16874
:10A4B00021B1814202D1C168D16002E00A46002A7E
:10A4C000F5D101460020F6F717B80000784D0024BA
:10A4D0002E2E2F4D6964646C6577617265732F54FD
:10A4E000686972645F50617274792F4C7749502F9C
:10A4F0007372632F636F72652F7564702E63000033
:10A500007564705F72656D6F76653A20696E76610D
:10A510006C69642070636200417373657274696F63
:10A520006E2022257322206661696C656420617447
:10A53000206C696E6520256420696E2025730A00F1
:10A5400010B56FF00F0430B151B1838A021DBDE820
:10A55000104000F053B807A340F2D51211A103E058
:10A5600004A34FF4EB7215A11AA0E5F7D5FF20461E
:10A5700010BD00002E2E2F4D6964646C65776172EA
:10A5800065732F54686972645F50617274792F4CDF
:10A590007749502F7372632F636F72652F756470E4
:10A5A0002E6300007564705F73656E643A20696E97
:10A5B00076616C6964207063620000007564705F8E
:10A5C00073656E643A20696E76616C6964207062AE
:10A5D00075660000417373657274696F6E20222581
:10A5E0007322206661696C6564206174206C696EF9
:10A5F0006520256420696E2025730A002DE9F84343
:10A60000040098466FF00F070E46154608D066B155
:10A61000002D0FD0207A002816D0F7F7E9F916E0C0
:10A6200011A34FF406721CA108E00FA340F21922F7
:10A630001FA103E00CA340F21A2224A12AA0E5F7EF
:10A640006BFF3846BDE8F8831046F3F74BFB38B193
:10A6500043462A4631460090204600F059F8F1E77B
:10A660006FF00300EEE700002E2E2F4D6964646C3E
:10A670006577617265732F54686972645F506172A7
:10A6800074792F4C7749502F7372632F636F726503
:10A690002F7564702E6300007564705F73656E645F
:10A6A000746F3A20696E76616C6964207063620031
:10A6B0007564705F73656E64746F3A20696E76615D
:10A6C0006C69642070627566000000007564705FDC
:10A6D00073656E64746F3A20696E76616C6964208C
:10A6E0006473745F69700000417373657274696F9D
:10A6F0006E2022257322206661696C656420617476
:10A70000206C696E6520256420696E2025730A001F
:10A710007CB5069C6FF00F0588B1A9B1002A18D04E
:10A72000002C1BD00568002D21D0C5F303160E2E7A
:10A730001DD06668B5421CD06FF003007CBD10A32D
:10A740004FF420721AA10DE00DA340F281221FA147
:10A7500008E00BA340F2822223A103E008A340F209
:10A76000832229A130A0E5F7D7FE28467CBD251D10
:10A7700000E00546CDE9004500F06AF87CBD000028
:10A780002E2E2F4D6964646C6577617265732F544A
:10A79000686972645F50617274792F4C7749502FE9
:10A7A0007372632F636F72652F7564702E63000080
:10A7B0007564705F73656E64746F5F69663A206973
:10A7C0006E76616C69642070636200007564705F0E
:10A7D00073656E64746F5F69663A20696E76616C4A
:10A7E00069642070627566007564705F73656E647D
:10A7F000746F5F69663A20696E76616C6964206483
:10A8000073745F69700000007564705F73656E64D7
:10A81000746F5F69663A20696E76616C6964206E58
:10A820006574696600000000417373657274696F36
:10A830006E2022257322206661696C656420617434
:10A84000206C696E6520256420696E2025730A00DE
:10A850002DE9FE4FDDE90C8906009B466FF00F04E1
:10A8600092460D460DD08DB1BAF1000F13D05FEABC
:10A87000090015D05FEA080017D0728A002A1ED09E
:10A8800023E038A340F2D12242A112E035A340F2E6
:10A89000D22248A10DE033A340F2D3224DA108E01B
:10A8A00030A34FF4357254A103E02EA340F2D52219
:10A8B0005AA163A0E5F730FE2046BDE8FE8F314681
:10A8C0000846FFF753FB0028F7D128894FF0FF37E0
:10A8D00000F1080189B2814213D308212846F7F715
:10A8E00072FC80B1082122204FF42072F7F7CEFCD1
:10A8F000040006D0288938B129462046F7F700FF22
:10A9000002E03846D9E72C466089082806D215A30C
:10A9100040F20D3254A14AA0E5F7FEFD708A676847
:10A92000F3F786FF38805846F3F782FF78800021DE
:10A93000F9802089F3F77CFFB8801120B17A524664
:10A94000F37ACDE9001049462046CDF80880F2F7A9
:10A95000C9FFAC42064602D02046F8F7AFF83046B1
:10A96000ABE700002E2E2F4D6964646C6577617231
:10A9700065732F54686972645F50617274792F4CEB
:10A980007749502F7372632F636F72652F756470F0
:10A990002E6300007564705F73656E64746F5F6929
:10A9A000665F7372633A20696E76616C69642070C9
:10A9B000636200007564705F73656E64746F5F69D5
:10A9C000665F7372633A20696E76616C69642070A9
:10A9D000627566007564705F73656E64746F5F693D
:10A9E000665F7372633A20696E76616C6964206495
:10A9F00073745F69700000007564705F73656E64E6
:10AA0000746F5F69665F7372633A20696E76616C1A
:10AA10006964207372635F69700000007564705F21
:10AA200073656E64746F5F69665F7372633A206901
:10AA30006E76616C6964206E657469660000000062
:10AA4000417373657274696F6E20222573222066CC
:10AA500061696C6564206174206C696E6520256491
:10AA600020696E2025730A00636865636B20746833
:10AA70006174206669727374207062756620636108
:10AA80006E20686F6C6420737472756374207564D3
:10AA9000705F686472000000D0E9013201699A6059
:10AAA000D0E901235A604A68824201D182684A6033
:10AAB000002202610868401E08600868704710B5EF
:10AAC000040006D000F084F8A46B00F0A1F8204642
:10AAD00010BD502080F31188BFF34F8FBFF36F8FED
:10AAE000FEE708B1806B7047502080F31188BFF3F8
:10AAF0004F8FBFF36F8FFEE710B5044C80230460C7
:10AB000004F154000860136010BD0000004E0024E2
:10AB100009484FF015014160816801F10101816030
:10AB2000EFF3058181624FF0500080F31188BFF38D
:10AB30004F8FBFF36F8FFEE7A44900240A4A4FF0FE
:10AB400014035360936803F101039360EFF30583EB
:10AB500093621163D0624FF0500080F31188BFF30D
:10AB60004F8FBFF36F8FFEE7A44900244FF0FF33F0
:10AB700000F108010022C0E901130260C160016117
:10AB8000704700210161704730B50B685A1C02D034
:10AB900000F1080202E0026904E0224654682568D8
:10ABA0009D42FAD953684B6099608A605160086190
:10ABB0000168491C016030BD42684A6093688B603F
:10ABC00093685960916008610168491C0160704791
:10ABD000502080F31188BFF34F8FBFF36F8F0A4966
:10ABE0004868401C486001280CD10848006810F0F3
:10ABF000FF0F07D0502080F31188BFF34F8FBFF3B2
:10AC00006F8FFEE770470000B44C002404ED00E0B5
:10AC10000849486828B1401E486001D180F3118876
:10AC20007047502080F31188BFF34F8FBFF36F8FB1
:10AC3000FEE70000B44C002470B500282AD0164D61
:10AC4000A0F1080461686869014207D1502080F3CF
:10AC50001188BFF34F8FBFF36F8FFEE722683AB1C1
:10AC6000502080F31188BFF34F8FBFF36F8FFEE743
:10AC70008143616000F0A6F9606869680844686013
:10AC80002046F8F703FD2869401C2861BDE87040A4
:10AC900001F020B870BD0000944C00244FF0E0207B
:10ACA000002101614FF47A72816107230349096829
:10ACB000B1FBF2F1491E416103617047504C002421
:10ACC00010B5E5F7C5FB114910280ED300F1E020BF
:10ACD0000A7890F8F003904207D2502080F3118850
:10ACE000BFF34F8FBFF36F8FFEE709488968006895
:10ACF00000F4E060884207D9502080F31188BFF348
:10AD00004F8FBFF36F8FFEE710BD0000B44C0024DF
:10AD10000CED00E010B504000AD000F013F894F830
:10AD2000460000280CD12046BDE81040FFF784BF44
:10AD3000502080F31188BFF34F8FBFF36F8FFEE772
:10AD400010BD0000084A002102EBC1035B6883428A
:10AD500006D102EBC103002042F831005860704771
:10AD6000491C0829F0D37047145C0024020010B578
:10AD700014D00F48006B38B1502080F31188BFF316
:10AD80004F8FBFF36F8FFEE700F01CF900211046D4
:10AD9000F8F7B4FA00F09EFF002807D105494FF0FC
:10ADA00080500860BFF34F8FBFF36F8F10BD00005E
:10ADB000584C002404ED00E070B50546FFF708FF8D
:10ADC000254C05B92568281DFFF766FE58B9E86AC5
:10ADD000224A00EB800152F8211021B92269012199
:10ADE00081408A432261A86A18B105F11800FFF773
:10ADF00053FE606A401C60622068854208D1174893
:10AE0000291DC830FFF7D8FE6068401C606007E06D
:10AE1000A068401EA0602846F8F759FBF8F76AFCC6
:10AE2000FFF7F6FE6069002814D02068854211D132
:10AE3000206B38B1502080F31188BFF34F8FBFF3E0
:10AE40006F8FFEE706494FF080500860BFF34F8FC9
:10AE5000BFF36F8F70BD0000584C0024545C002479
:10AE600004ED00E002490A6A0260C9684160704767
:10AE7000584C002401490120C8617047584C0024F7
:10AE800010B50C4650B1094909681831FFF77CFE2E
:10AE90002046BDE810400121F8F730BA502080F379
:10AEA0001188BFF34F8FBFF36F8FFEE7584C00241C
:10AEB00070B50028044649D0A26CA2B1606C8842EB
:10AEC00000D30146E06A884240D0012A3ED1204D9D
:10AED0002A6894420FD1502080F31188BFF34F8F1E
:10AEE000BFF36F8FFEE7502080F31188BFF34F8FC1
:10AEF000BFF36F8FFEE7A269E162002A02DBC1F1B6
:10AF00000701A161134E00EB8000616906EB800030
:10AF100081421BD1201DFFF7BFFD00284FF001002B
:10AF200006D194F82C20296900FA02F29143296194
:10AF3000E16A2A6988401043286101EB8100211DE4
:10AF400006EB8000BDE87040FFF736BE70BD000024
:10AF5000584C0024545C002410B586B0002405AA87
:10AF600004A9039403A80494FFF7C6FDDDE90301D7
:10AF700000940023CDE9011010480EA1059A00F0BD
:10AF800024FD0F490028C86211D0502080F3118899
:10AF9000BFF34F8FBFF36F8F01224FF0FF308862F6
:10AFA0004A61CC6006B0BDE8104000F057B806B06A
:10AFB00010BD000049444C45000000005135010817
:10AFC000584C00240248016B491C01637047000083
:10AFD000584C002410B51F4C206B10B10120E061CB
:10AFE00010BD0020E06120684FF0A531006B0268C1
:10AFF0008A4208D142688A4205D182688A4202D1D7
:10B00000C068884204D0216820683431FFF796FD7B
:10B0100011482169B1FA81F1C1F11F0101EB8101F0
:10B0200050F821206AB100EB810000F1080241686C
:10B0300049684160914201D149684160C868206017
:10B0400010BD502080F31188BFF34F8FBFF36F8F77
:10B05000FEE70000584C0024545C002437481CB51F
:10B06000374902688A4207D1502080F31188BFF324
:10B070004F8FBFF36F8FFEE731490068491E88424A
:10B0800007D1502080F31188BFF34F8FBFF36F8F2C
:10B09000FEE72C49FF200A780192087008788DF8A5
:10B0A00000009DF800209DF8000002F0F0028242AE
:10B0B00007D0502080F31188BFF34F8FBFF36F8FFD
:10B0C000FEE79DF8002007201F4C02F0500222707E
:10B0D000A06005E09DF8002052008DF80020401E81
:10B0E0009DF800201206F5D40328A06007D0502058
:10B0F00080F31188BFF34F8FBFF36F8FFEE74FF4DC
:10B100004070A060019808700C482030016841F43C
:10B1100070010160016841F070410160FFF7BEFD00
:10B1200000206060E5F75CF90848016841F04041A3
:10B130000160E5F741F900201CBD000000ED00E0D2
:10B1400071C20F4100E400E0B44C002434EF00E091
:10B15000502010B580F31188BFF34F8FBFF36F8F6E
:10B1600000F080FC18B104494FF0805008600020C6
:10B1700080F3118810BD000004ED00E000210246BC
:10B18000012010B500F012F80446F8F711FA204635
:10B1900010BD38B500220B4611460090012000F08A
:10B1A00026F80446F8F704FA204638BDF8B505003D
:10B1B00017460E4613D005FB06F04830F8F7FAFAAA
:10B1C00004000AD0002084F8460004F148023B46FF
:10B1D000314628460094F8F7F6F92046F8BD50208D
:10B1E00080F31188BFF34F8FBFF36F8FFEE7F8B581
:10B1F000069D18B153B1CAB181B120E0502080F34F
:10B200001188BFF34F8FBFF36F8FFEE7502080F39D
:10B210001188BFF34F8FBFF36F8FFEE7502080F38D
:10B220001188BFF34F8FBFF36F8FFEE739B1502006
:10B2300080F31188BFF34F8FBFF36F8FFEE7482471
:10B240001C46012683F8466000932B46F8F7BBF9AD
:10B250002046F8BD2DE9F04704008A4629D0FFF7C3
:10B26000B7FC21680025D4E90F23D4F840C004F1CD
:10B27000100810460E46401E4FF0FF3902FB031225
:10B2800000FB0C10BAF1000FA563666084F84490CF
:10B2900084F84590C4E9022013D04046FFF766FCCD
:10B2A00004F12400FFF762FCFFF7B2FC0120BDE8C7
:10B2B000F087502080F31188BFF34F8FBFF36F8F5B
:10B2C000FEE720690028EFD0404600F0C9FC0028C6
:10B2D000EAD004494FF080500860BFF34F8FBFF3AE
:10B2E0006F8FE1E704ED00E02DE9FF4704001D4604
:10B2F00082B08A464FF0000803D0BAF1000F08D0A0
:10B3000011E0502080F31188BFF34F8FBFF36F8F90
:10B31000FEE7206C38B1502080F31188BFF34F8FC7
:10B32000BFF36F8FFEE7022D0AD1E06B012807D033
:10B33000502080F31188BFF34F8FBFF36F8FFEE76C
:10B3400000F074FB3F4F4FF080564FF0000948B9B2
:10B35000049838B1502080F31188BFF34F8FBFF3AA
:10B360006F8FFEE7FFF734FCA06BE16B884207D3D9
:10B37000022D05D00498D0B1B8F1000F1AD01EE00C
:10B380002A4651462046F8F76CF8616A19B104F173
:10B39000240000F065FC20B13E60BFF34F8FBFF387
:10B3A0006F8FFFF735FC012006B0BDE8F087FFF78F
:10B3B0002FFC22E06846FFF755FD4FF00108FFF72C
:10B3C00027FCFFF7FFFDFFF703FC94F94400401C46
:10B3D00001D184F8449094F94500401C01D184F8CF
:10B3E0004590FFF715FC04A9684600F085FA30B1D6
:10B3F0002046F8F7A3F900F06DFC0020D4E7FFF732
:10B40000E7FBA06BE16B884213D1FFF701FC0499C5
:10B4100004F11000FFF734FD2046F8F78FF900F033
:10B4200059FC00289ED13E60BFF34F8FBFF36F8F52
:10B4300098E7FFF7EDFB2046F8F780F900F04AFCAB
:10B4400090E7000004ED00E02DE9F04704001F46FE
:10B450009046894603D0B9F1000F08D011E0502082
:10B4600080F31188BFF34F8FBFF36F8FFEE7206C1F
:10B4700038B1502080F31188BFF34F8FBFF36F8F27
:10B48000FEE7022F0AD1E06B012807D0502080F39D
:10B490001188BFF34F8FBFF36F8FFEE7FFF710FCEC
:10B4A0005020EFF3118680F31188BFF34F8FBFF365
:10B4B0006F8FA06BE16B884206D3022F04D000206F
:10B4C00086F31188BDE8F08794F94550A06B3A46A1
:10B4D00049462046F7F7C5FF681C04D06D1C84F868
:10B4E00045500120ECE7606A0028FAD004F12400FE
:10B4F00000F0B6FB0028F4D0B8F1000FF1D0012124
:10B50000C8F80010EDE770B504000E4609D0206CB5
:10B5100078B1502080F31188BFF34F8FBFF36F8F46
:10B52000FEE7502080F31188BFF34F8FBFF36F8F7A
:10B53000FEE7206848B9A06838B1502080F3118830
:10B54000BFF34F8FBFF36F8FFEE7FFF7B9FB5020BC
:10B55000EFF3118580F31188BFF34F8FBFF36F8F27
:10B56000D4E90E10884218D994F94500491CA1630A
:10B57000411C04D0401C84F8450001200EE0606AA4
:10B580000028FAD004F1240000F06AFB0028F4D06F
:10B59000002EF2D001203060EFE7002085F3118803
:10B5A00070BD00002DE9F74704008A4683B04FF0D4
:10B5B000000603D0BAF1000F08D011E0502080F34C
:10B5C0001188BFF34F8FBFF36F8FFEE7206C38B148
:10B5D000502080F31188BFF34F8FBFF36F8FFEE7CA
:10B5E00000F024FADFF8F4804FF080574FF00009A4
:10B5F00048B9059838B1502080F31188BFF34F8FB8
:10B60000BFF36F8FFEE7FFF7E3FAA56BC5B15146B5
:10B610002046F7F713FF6D1EA563206950B104F1B2
:10B62000100000F01DFB28B1C8F80070BFF34F8F69
:10B63000BFF36F8FFFF7ECFA012006B0BDE8F0878B
:10B64000059808B11EB106E0FFF7E2FA27E0684668
:10B65000FFF708FC0126FFF7DBFAFFF7B3FCFFF763
:10B66000B7FA94F94400401C01D184F8449094F94D
:10B670004500401C01D184F84590FFF7C9FA05A99F
:10B68000684600F039F9002820460AD0F8F756F845
:10B6900000F020FB2046F8F71FF80028B3D0002068
:10B6A000CBE7F8F719F890B1059904F12400FFF7FA
:10B6B000E7FB2046F8F742F800F00CFB0028A2D187
:10B6C000C8F80070BFF34F8FBFF36F8F9BE7204622
:10B6D000F8F734F800F0FEFA95E7000004ED00E01A
:10B6E0002DE9F04704009046894603D0B9F1000FD8
:10B6F00008D011E0502080F31188BFF34F8FBFF3C3
:10B700006F8FFEE7206C38B1502080F31188BFF3B3
:10B710004F8FBFF36F8FFEE7FFF7D2FA5020EFF3A2
:10B72000118680F31188BFF34F8FBFF36F8FA76B24
:10B73000FFB194F9445049462046F7F77FFE681C54
:10B74000A7F10107A76304D06D1C84F844500120C1
:10B7500010E020690028FAD004F1100000F080FA0F
:10B760000028F4D0B8F1000FF1D00121C8F8001082
:10B77000EDE7002086F31188BDE8F0872DE9F3435B
:10B780004FF000060400354683B009D0206C78B134
:10B79000502080F31188BFF34F8FBFF36F8FFEE708
:10B7A000502080F31188BFF34F8FBFF36F8FFEE7F8
:10B7B00000F03CF9DFF83C814FF080574FF0000972
:10B7C00048B9049838B1502080F31188BFF34F8FE7
:10B7D000BFF36F8FFEE7FFF7FBF9A06BC8B12168DD
:10B7E000401EA06311B9F8F759F8A060206950B164
:10B7F00004F1100000F034FA28B1C8F80070BFF36B
:10B800004F8FBFF36F8FFFF703FA012005B0BDE83C
:10B81000F083049808B166B10FE03DB1502080F389
:10B820001188BFF34F8FBFF36F8FFEE7FFF7F0F97B
:10B830005EE06846FFF716FB0126FFF7E9F9FFF720
:10B84000C1FBFFF7C5F994F94400401C01D184F80D
:10B85000449094F94500401C01D184F84590FFF7CD
:10B86000D7F904A9684600F047F80028204612D00E
:10B87000F7F764FF00F02EFA2046F7F72DFF0028B7
:10B88000A9D075B3FFF7A4F9606A58B3206B0068BC
:10B89000C0F1070128E0F7F71FFFE0B1206838B9D1
:10B8A000FFF796F9A06800F093F90546FFF7B0F9A5
:10B8B000049904F12400FFF7E3FA2046F7F73EFF6E
:10B8C00000F008FA002886D1C8F80070BFF34F8F47
:10B8D000BFF36F8F7FE72046F7F730FF00F0FAF9EC
:10B8E00079E705E0FFE70021A068FFF7E1FA9DE7AF
:10B8F00000208BE704ED00E02DE9F04105000C4647
:10B9000012D0CCB1FFF764F9184E2068F268471CDA
:10B910006B68A2EB030117D02F68366AB74215D0C7
:10B92000934213D801251CE0502080F31188BFF307
:10B930004F8FBFF36F8FFEE7502080F31188BFF366
:10B940004F8FBFF36F8FFEE700250AE0884205D9CD
:10B95000401A20602846FFF785FAF5E700202060AE
:10B960000125FFF755F92846BDE8F081584C002421
:10B970002DE9FF5F994616468A4683469000DDE929
:10B980000E87F7F717FF05001CD05420F7F712FFBA
:10B99000040014D00020256384F851004B46CDE903
:10B9A0000087CDE90240324651465846F7F716FE69
:10B9B0002046F7F7DBFC012004B0BDE8F09F2846E5
:10B9C000FFF73AF94FF0FF30F6E7F0B585B0DDE963
:10B9D0000B740A9DA7B1DCB154262763022684F8B4
:10B9E0005160002703970DF1100C0095CDE901C4BB
:10B9F000F7F7F4FD2046F7F7B9FC049805B0F0BD61
:10BA0000502080F31188BFF34F8FBFF36F8FFEE795
:10BA1000502080F31188BFF34F8FBFF36F8FFEE785
:10BA20000148006870470000584C002405484169EF
:10BA300019B1006B18B10020704701207047022037
:10BA400070470000584C00240148C068704700004F
:10BA5000584C002410B5FFF733F90148C06810BDF9
:10BA6000584C00242DE9F0412F4C206B002728B1C1
:10BA7000A069401CA0613846BDE8F081E668761CEC
:10BA8000E66013D1606B006838B1502080F31188F4
:10BA9000BFF34F8FBFF36F8FFEE7606BA16B6163E6
:10BAA000A063206A401C2062F7F724FEDFF87C8048
:10BAB000A06A864209D3606B0068A0B1606BC06861
:10BAC000C5686868864211D2A0622068C06A00EB2F
:10BAD000800158F82100012800D90127E0690028D9
:10BAE000C9D00127C7E74FF0FF30EDE7281DFEF76B
:10BAF000D3FFA86A18B105F11800FEF7CDFFE96A77
:10BB00000120226988401043206101EB810108EB8C
:10BB10008100291DFFF750F82068E96AC06A814258
:10BB2000C9D30127C7E70000584C0024545C002407
:10BB300070B504464FF00001F0B3234D28688442ED
:10BB400007D0502080F31188BFF34F8FBFF36F8F62
:10BB5000FEE7A06C38B1636C401EE26AA0649A42B2
:10BB60002FD040B12DE0502080F31188BFF34F8FCC
:10BB7000BFF36F8FFEE7201DFEF78EFF13490028ED
:10BB80004FF001000AD1E26A02EB820351F8233040
:10BB900023B92B6900FA02F293432B61626CC2F164
:10BBA0000703A361E2622B6990401843286102EB0E
:10BBB000820001EB800000E003E0211DFEF7FCFFA6
:10BBC0000121084670BD0000584C0024545C00243C
:10BBD00070B5002804464FF0000036D01E4DE16AD3
:10BBE0002A68D26A914231D2A069002804DB286811
:10BBF000C06AC0F10700A061184E01EB81016069C5
:10BC000006EB810188421CD1201DFEF745FF00286C
:10BC10004FF0010006D194F82C20296900FA02F2B5
:10BC2000914329612968C96AE1622A698840104301
:10BC3000286101EB8100211D06EB8000FEF7BCFFAF
:10BC400002E02868C06AE062012070BD2968626C69
:10BC5000C96A8A42F8D370BD584C0024545C002451
:10BC60002DE9F041C068C468ACB104F11800074682
:10BC7000FEF712FF154D0126286BA0B11448394676
:10BC8000FEF79AFFE06A2968C96A88421CD9012038
:10BC9000EE61BDE8F081502080F31188BFF34F8F33
:10BCA000BFF36F8FFEE7201DFEF7F6FEE06A2A69FC
:10BCB00006FA00F111432961054900EB8000B4390F
:10BCC00001EB8000211DDBE70020E2E7584C002457
:10BCD000085D00242DE9F0472C4D286B00242646F2
:10BCE00038B1FEF775FF286B401E2863286B40B102
:10BCF00047E0502080F31188BFF34F8FBFF36F8F61
:10BD0000FEE7234F0120A968D9B3A7F1B409804603
:10BD10003868E8B1F868C46804F11800FEF7BCFEA2
:10BD2000201DFEF7B9FEE16A2A6908FA01F0104306
:10BD3000286101EB810109EB8100211DFEF73CFF29
:10BD40002968E06AC96A8842E2D3C5F81C80DFE747
:10BD50000CB1F7F7CFFCAC6944B14746FFF782FE60
:10BD600000B1EF61641EF9D10020A861E86940B11B
:10BD7000084901264FF080500860BFF34F8FBFF392
:10BD80006F8FFEF745FF3046BDE8F087584C002422
:10BD9000085D002404ED00E04FF04070E1EE100A71
:10BDA00070470000BCC10108A11C0008FFFF000093
:10BDB000000000000008000000000000000000007B
:10BDC000CCC1010825100008FEFF000000000000A3
:10BDD000000300000000000000000000C0C10108D6
:10BDE00019140008FEFF000000000000000300001E
:10BDF0000000000000000000000000000000000043
:10BE00000404000404000000000000060600000016
:10BE10001F0000000E11131519110E040C04040468
:10BE2000040E0E11010204081F1E01010E01011E65
:10BE300002060A121F02021F10101E01011E0E1020
:10BE4000101E11110E1F0102040808080E11110E18
:10BE500011110E0E11110F01010E0E11111F1111F2
:10BE6000111E11111E11111E0E11101010110E1E97
:10BE700011111111111E1F10101E10101F1F101074
:10BE80001E1010100E11101711110F1111111F118A
:10BE900011110E04040404040E0702020212120C13
:10BEA000111214181412111010101010101F111B61
:10BEB0001515111111111915131111110E1111115F
:10BEC00011110E1E11111E1010100E11111115124C
:10BED0000D1E11111E1412110F10100E01011E1F44
:10BEE0000404040404041111111111110E11111193
:10BEF00011110A041111111515150A11110A040A5C
:10BF0000111111110A040404041F01020408101F76
:10BF100020060C0000000024284C0024DCC101088D
:10BF200041CB0008030000000000000000040000F6
:10BF30000000000000000000E4C10108C5C70008BF
:10BF4000FFFF0000000000000001000000000000F2
:10BF500000000000000000000102030401020304CD
:10BF600006070809FFFFFFFFFFFF000000000000B9
:10BF700000000000000000000C000000690000004C
:10BF80000B000000710000007300000016000000AC
:10BF90000B00000062000000720000006A00000058
:10BFA0006B000000FFFFFFFF67000000680000005B
:10BFB0006B00000005000000200004009C5D0124CF
:10BFC000E44C00249C0005001F5E0124E84C002482
:10BFD0001C0008002E610124EC4C0024100010000D
:10BFE00011620124F04C0024200005001463012498
:10BFF000F44C002418000F00B7630124F84C00240F
:10C000001000020022650124FC4C002428000400DA
:10C0100045650124004D002410000800E865012456
:10C02000044D0024100008006B660124084D002414
:10C0300010000300EE6601240C4D002410001000D7
:10C0400021670124104D002460021000246801249F
:10C05000144D0024B8BF0108C4BF0108D0BF0108B7
:10C06000DCBF0108E8BF0108F4BF010800C00108F7
:10C070000CC0010818C0010824C0010830C0010824
:10C080003CC0010848C0010803060C183060780065
:10C0900010C2010838C2010858C2010818C20108BC
:10C0A00004C20108ECC10108F8C101084CC2010832
:10C0B00024C201082CC2010840C201080102030485
:10C0C0000506070707070707070000003C4D002487
:10C0D000384D0024404D0024444D0024FA00000057
:10C0E000E18F0108E8030000F1E20008E803000026
:10C0F000A1C50008000000000000000000000000D2
:10C10000000000000400000000000000000000002B
:10C1100000C30108C52C0008FFFF0000000000005C
:10C120000008000000000000000000002226274058
:10C13000414460000500047310C80118001406246F
:10C1400060001030300000030403030301180240B4
:10C150001000022311120277001C02584000000058
:10C16000001C025880000000001C02580001000062
:10C1700014015325020266140314015307020266D8
:10C180001403303132333435363738394142434481
:10C19000454640305800303132333435363738393F
:10C1A0006162636465664030780004000008000046
:10C1B000000000000002000100001000455448008B
:10C1C000426F61726450616E656C0000426F617213
:10C1D000644D6F6E69746F720000000045746849A9
:10C1E000660000004574684C696E6B0046494E5FFE
:10C1F000574149545F31000046494E5F5741495409
:10C200005F32000045535441424C49534845440075
:10C21000434C4F534544000053594E5F52435644DC
:10C2200000000000434C4F53494E47004C415354CB
:10C230005F41434B000000004C495354454E000001
:10C2400054494D455F57414954000000434C4F53FA
:10C25000455F57414954000053594E5F53454E5472
:10C26000000000007463705F656E71756575655FD1
:10C27000666C6167733A206E6565642065697468F1
:10C280006572205443505F53594E206F72205443BF
:10C29000505F46494E20696E20666C6167732028A6
:10C2A00070726F6772616D6D65722076696F6C6117
:10C2B0007465732041504929000000006E6574695F
:10C2C000662D3E6877616464725F6C656E206D7583
:10C2D0007374206265207468652073616D652061E8
:10C2E00073204554485F4857414444525F4C454E83
:10C2F00020666F7220657468617270210000000012
:10C300004E6574776F726B496E6974007B22766537
:10C3100072223A22312E30222C2274797065223A10
:10C32000226D6F64756C652E64617461222C226DC0
:10C330006F64756C65223A222573222C2273657115
:10C34000223A256C752C2274735F6D73223A256C2A
:10C35000752C2264617461223A25737D000000000F
:10C360007B2274656D705F64657A69223A256C641E
:10C370002C2272685F64657A69223A25752C2274D2
:10C38000656D705F6F6B223A25752C2268695F615D
:10C390006C61726D223A25752C226C6576656C2273
:10C3A0003A25752C226C6173745F726573756C74B9
:10C3B000223A256C642C226661696C5F7374726525
:10C3C000616B223A25752C227261775F74656D70FE
:10C3D000223A25752C227261775F7268223A2575A0
:10C3E0002C2270726F62655F6D61736B5F34305FBA
:10C3F0003437223A25752C2270726F62655F6D6149
:10C40000736B5F6B6E6F776E223A25752C227063AB
:10C4100061393631375F656E61626C6564223A2539
:10C42000757D00007B226375725F6D61223A256C19
:10C43000642C226F7665725F637572223A25752CC3
:10C440002276616C6964223A25752C226C657665CA
:10C450006C223A25752C226C6173745F726573755A
:10C460006C74223A256C642C226661696C5F73746B
:10C470007265616B223A25752C227261775F736851
:10C48000756E74223A25642C22636F6E6669677537
:10C49000726564223A25757D000000007B22747964
:10C4A0007065223A2274656C656D65747279222C10
:10C4B000226578706572696D656E74223A22257303
:10C4C000222C22736F75726365223A22666D633186
:10C4D00036222C2273657175656E6365223A256C70
:10C4E000752C2274696D657374616D705F6D732254
:10C4F0003A256C752C226D6F6465223A25752C22C5
:10C50000636C6B5F73656C223A25752C22636C6FCC
:10C51000636B5F687A223A256C752C2270695F61C3
:10C5200070706C696564223A25752C2270695F729F
:10C530006571756573746564223A25752C2270697E
:10C540005F7669727475616C5F746F67676C652282
:10C550003A25752C227669727475616C5F6B65790A
:10C560005F7374617465223A25752C227669727442
:10C5700075616C5F6B65795F636F756E74223A25C8
:10C58000752C22636F6E74726F6C5F61636B223AFD
:10C59000256C752C2270616E656C5F636F6E7472B2
:10C5A0006F6C5F61636B223A256C752C226B657929
:10C5B0005F7374617465223A25752C226B65795F0F
:10C5C0006576656E745F636F756E74223A25752C9F
:10C5D00022706F223A256C752C2270696F223A25E1
:10C5E000757D00007B227377223A25752C227964B1
:10C5F00073223A25752C226574685F6C696E6B2214
:10C600003A25752C227573625F61637469766522C1
:10C610003A25752C2262757A7A65725F6D7574653C
:10C62000223A25752C22616C61726D5F6C657665AE
:10C630006C223A25752C2276616C6964223A257544
:10C640002C226C6173745F726573756C74223A2569
:10C650006C642C226366675F7374617465223A258B
:10C66000752C226366675F693263223A256C642CFD
:10C67000226366675F7472696573223A256C752C54
:10C680002270726F6772616D5F62223A256C752C41
:10C6900022696E69745F62223A256C752C22646F80
:10C6A0006E65223A256C752C226D7578223A256CC0
:10C6B000752C226D6F64655F6F7574223A25752C39
:10C6C000226D6F64655F636667223A25752C227060
:10C6D000695F693263223A256C642C2270695F724B
:10C6E00065616479223A256C752C226366675F72F6
:10C6F000756E73223A256C757D0000001CC7010819
:10C7000000000024D84D0000D402000808C8010829
:10C71000D84D0024B84F01003003000801FF01FF8D
:10C7200001FF01FF01FF01FF01FF01FF01FF01FF09
:10C7300001FF01FF01FF01FF01FF01FF01FF01FFF9
:10C7400001FF01FF01FF01FF01FF01FF01FF01FFE9
:10C7500001FF01FF01FF01FF01FF01FF01FF01FFD9
:10C7600001FF01FF01FF01FF01FF01FF01FF01FFC9
:10C7700001FF01FF01FF01FF01FF01FF01FF01FFB9
:10C7800001FF01FF01FF01FF01FF01FF01FF01FFA9
:10C7900001FF01FF01FF01FF01FF01FF01FF01FF99
:10C7A00001FF01FF01FF01FF01FF01FF01FF01ED9B
:10C7B000054544544C465380E13C19FCFF012908CF
:10C7C000690C41490A092801011C09262801FF01B9
:10C7D00045054C19FCFFFF13F52D1B08ED041381D3
:10C7E0002E1B0865041AF10C011C320182103C90CA
:10C7F000D00304015F1AAA01017122C00B486E190F
:08C800004C01440316FFFF0088
:040000050800029954
:00000001FF
